=== Fixed-patch logbarrier centx5 training start ===
seed=777 max_epochs=600 ckpt_every=20
dataset: fixed per-case sampling (1 STD + 1 EXP patch reused for entire training)
config=/scratch-shared/hghasemi/meu_s1_lb_centx5_fixedpatch_seed777.yaml
date=Fri Mar 27 01:47:14 PM CET 2026 host=gcn125.local.snellius.surf.nl
Fri Mar 27 13:47:14 2026       
+-----------------------------------------------------------------------------------------+
| NVIDIA-SMI 590.48.01              Driver Version: 590.48.01      CUDA Version: 13.1     |
+-----------------------------------------+------------------------+----------------------+
| GPU  Name                 Persistence-M | Bus-Id          Disp.A | Volatile Uncorr. ECC |
| Fan  Temp   Perf          Pwr:Usage/Cap |           Memory-Usage | GPU-Util  Compute M. |
|                                         |                        |               MIG M. |
|=========================================+========================+======================|
|   0  NVIDIA H100                    On  |   00000000:26:00.0 Off |                    0 |
| N/A   35C    P0             68W /  700W |       0MiB /  95830MiB |      0%      Default |
|                                         |                        |             Disabled |
+-----------------------------------------+------------------------+----------------------+

+-----------------------------------------------------------------------------------------+
| Processes:                                                                              |
|  GPU   GI   CI              PID   Type   Process name                        GPU Memory |
|        ID   ID                                                               Usage      |
|=========================================================================================|
|  No running processes found                                                             |
+-----------------------------------------------------------------------------------------+
=== Running LOG-BARRIER with FIXED 1 STD + 1 EXP patch experiment ===
Device: cuda
Fold 0: train=356 val=50
[OAIPairedPatch] Precomputing one fixed STD/EXP center per case...
[OAIPairedPatch] Done. Stored fixed centers for 356 cases.
[OAIPairedPatch] Precomputing one fixed STD/EXP center per case...
[OAIPairedPatch] Done. Stored fixed centers for 50 cases.
[E001 i0000 EXP] tot=9.0409 seg(log)=2.8995 seg(bw)=0.0000 vol=2.0794 cent=1.3923 t=5.00 lr=9.00e-04
[E001 i0025 STD] tot=8.5774 seg(log)=2.4598 seg(bw)=0.0000 vol=1.7991 cent=1.3557 t=5.00 lr=9.00e-04
[E001 i0050 EXP] tot=8.2902 seg(log)=2.6809 seg(bw)=0.0000 vol=1.9559 cent=1.2669 t=5.00 lr=9.00e-04
[E001 i0075 STD] tot=8.2021 seg(log)=2.3682 seg(bw)=0.0000 vol=1.7930 cent=1.2818 t=5.00 lr=9.00e-04
[E001 i0100 EXP] tot=8.0099 seg(log)=2.4465 seg(bw)=0.0000 vol=1.8785 cent=1.2263 t=5.00 lr=9.00e-04
[E001 i0125 STD] tot=8.0783 seg(log)=2.2478 seg(bw)=0.0000 vol=1.7190 cent=1.2719 t=5.00 lr=9.00e-04
[E001 i0150 EXP] tot=7.9665 seg(log)=2.2631 seg(bw)=0.0000 vol=1.8192 cent=1.2295 t=5.00 lr=9.00e-04
[E001 i0175 STD] tot=7.8937 seg(log)=2.1043 seg(bw)=0.0000 vol=1.6708 cent=1.2446 t=5.00 lr=9.00e-04
[E001] train tot=8.2410 seg(log)=2.4189 seg(bw)=0.0000 vol=1.8298 cent=1.2823 | val seg=2.0920 meanFGDice=0.2135 | best=0.2135 pat=0/100
[E002 i0000 EXP] tot=7.9155 seg(log)=2.0774 seg(bw)=0.0000 vol=1.7601 cent=1.2311 t=5.00 lr=9.00e-04
[E002 i0025 STD] tot=7.8575 seg(log)=2.1491 seg(bw)=0.0000 vol=1.6919 cent=1.2331 t=5.00 lr=9.00e-04
[E002 i0050 EXP] tot=7.9687 seg(log)=1.9215 seg(bw)=0.0000 vol=1.7335 cent=1.2471 t=5.00 lr=9.00e-04
[E002 i0075 STD] tot=7.7669 seg(log)=1.9499 seg(bw)=0.0000 vol=1.6211 cent=1.2292 t=5.00 lr=9.00e-04
[E002 i0100 EXP] tot=7.8134 seg(log)=1.7499 seg(bw)=0.0000 vol=1.7113 cent=1.2204 t=5.00 lr=9.00e-04
[E002 i0125 STD] tot=7.7335 seg(log)=1.8374 seg(bw)=0.0000 vol=1.6266 cent=1.2214 t=5.00 lr=9.00e-04
[E002 i0150 EXP] tot=7.8037 seg(log)=1.6393 seg(bw)=0.0000 vol=1.6684 cent=1.2271 t=5.00 lr=9.00e-04
[E002 i0175 STD] tot=7.7056 seg(log)=2.0149 seg(bw)=0.0000 vol=1.5894 cent=1.2232 t=5.00 lr=9.00e-04
[E002] train tot=7.8435 seg(log)=1.8896 seg(bw)=0.0000 vol=1.6731 cent=1.2341 | val seg=2.0473 meanFGDice=0.2352 | best=0.2352 pat=0/100
[E003 i0000 EXP] tot=7.7279 seg(log)=1.5536 seg(bw)=0.0000 vol=1.6779 cent=1.2100 t=5.00 lr=9.00e-04
[E003 i0025 STD] tot=7.7186 seg(log)=1.7994 seg(bw)=0.0000 vol=1.6230 cent=1.2191 t=5.00 lr=9.00e-04
[E003 i0050 EXP] tot=7.7410 seg(log)=1.5187 seg(bw)=0.0000 vol=1.6600 cent=1.2162 t=5.00 lr=9.00e-04
[E003 i0075 STD] tot=7.7353 seg(log)=1.6969 seg(bw)=0.0000 vol=1.6031 cent=1.2264 t=5.00 lr=9.00e-04
[E003 i0100 EXP] tot=7.7867 seg(log)=1.5758 seg(bw)=0.0000 vol=1.6440 cent=1.2285 t=5.00 lr=9.00e-04
[E003 i0125 STD] tot=7.7009 seg(log)=1.8870 seg(bw)=0.0000 vol=1.5925 cent=1.2217 t=5.00 lr=9.00e-04
[E003 i0150 EXP] tot=7.7611 seg(log)=1.3258 seg(bw)=0.0000 vol=1.6626 cent=1.2197 t=5.00 lr=9.00e-04
[E003 i0175 STD] tot=7.7733 seg(log)=1.7983 seg(bw)=0.0000 vol=1.6090 cent=1.2329 t=5.00 lr=9.00e-04
[E003] train tot=7.7538 seg(log)=1.6496 seg(bw)=0.0000 vol=1.6301 cent=1.2247 | val seg=1.9196 meanFGDice=0.2634 | best=0.2634 pat=0/100
[E004 i0000 EXP] tot=7.7208 seg(log)=1.3705 seg(bw)=0.0000 vol=1.6549 cent=1.2132 t=5.00 lr=9.00e-04
[E004 i0025 STD] tot=7.7159 seg(log)=1.6861 seg(bw)=0.0000 vol=1.5964 cent=1.2239 t=5.00 lr=9.00e-04
[E004 i0050 EXP] tot=7.7405 seg(log)=1.4315 seg(bw)=0.0000 vol=1.6480 cent=1.2185 t=5.00 lr=9.00e-04
[E004 i0075 STD] tot=7.6886 seg(log)=1.7184 seg(bw)=0.0000 vol=1.5880 cent=1.2201 t=5.00 lr=9.00e-04
[E004 i0100 EXP] tot=7.8063 seg(log)=1.3178 seg(bw)=0.0000 vol=1.6534 cent=1.2306 t=5.00 lr=9.00e-04
[E004 i0125 STD] tot=7.6980 seg(log)=1.7593 seg(bw)=0.0000 vol=1.6298 cent=1.2136 t=5.00 lr=9.00e-04
[E004 i0150 EXP] tot=7.6969 seg(log)=1.3156 seg(bw)=0.0000 vol=1.6539 cent=1.2086 t=5.00 lr=9.00e-04
[E004 i0175 STD] tot=7.7276 seg(log)=1.6941 seg(bw)=0.0000 vol=1.6229 cent=1.2209 t=5.00 lr=9.00e-04
[E004] train tot=7.7147 seg(log)=1.5803 seg(bw)=0.0000 vol=1.6241 cent=1.2181 | val seg=1.8171 meanFGDice=0.2741 | best=0.2741 pat=0/100
[E005 i0000 EXP] tot=7.7311 seg(log)=1.2671 seg(bw)=0.0000 vol=1.6594 cent=1.2143 t=5.00 lr=9.00e-04
[E005 i0025 STD] tot=7.7613 seg(log)=1.7311 seg(bw)=0.0000 vol=1.6139 cent=1.2295 t=5.00 lr=9.00e-04
[E005 i0050 EXP] tot=7.7118 seg(log)=1.2792 seg(bw)=0.0000 vol=1.6488 cent=1.2126 t=5.00 lr=9.00e-04
[E005 i0075 STD] tot=7.6173 seg(log)=1.7122 seg(bw)=0.0000 vol=1.6036 cent=1.2027 t=5.00 lr=9.00e-04
[E005 i0100 EXP] tot=7.7117 seg(log)=1.2662 seg(bw)=0.0000 vol=1.6530 cent=1.2117 t=5.00 lr=9.00e-04
[E005 i0125 STD] tot=7.6729 seg(log)=1.7322 seg(bw)=0.0000 vol=1.6141 cent=1.2117 t=5.00 lr=9.00e-04
[E005 i0150 EXP] tot=7.6997 seg(log)=1.2847 seg(bw)=0.0000 vol=1.6523 cent=1.2095 t=5.00 lr=9.00e-04
[E005 i0175 STD] tot=7.6636 seg(log)=1.8348 seg(bw)=0.0000 vol=1.5866 cent=1.2154 t=5.00 lr=9.00e-04
[E005] train tot=7.6951 seg(log)=1.5312 seg(bw)=0.0000 vol=1.6231 cent=1.2144 | val seg=1.8485 meanFGDice=0.2708 | best=0.2741 pat=1/100
[E006 i0000 EXP] tot=7.6873 seg(log)=1.3186 seg(bw)=0.0000 vol=1.6514 cent=1.2072 t=5.00 lr=9.00e-04
[E006 i0025 STD] tot=7.6804 seg(log)=1.8093 seg(bw)=0.0000 vol=1.5827 cent=1.2195 t=5.00 lr=9.00e-04
[E006 i0050 EXP] tot=7.7031 seg(log)=1.2738 seg(bw)=0.0000 vol=1.6504 cent=1.2105 t=5.00 lr=9.00e-04
[E006 i0075 STD] tot=7.6338 seg(log)=1.8221 seg(bw)=0.0000 vol=1.5850 cent=1.2097 t=5.00 lr=9.00e-04
[E006 i0100 EXP] tot=7.7319 seg(log)=1.3060 seg(bw)=0.0000 vol=1.6489 cent=1.2166 t=5.00 lr=9.00e-04
[E006 i0125 STD] tot=7.6420 seg(log)=1.6481 seg(bw)=0.0000 vol=1.6040 cent=1.2076 t=5.00 lr=9.00e-04
[E006 i0150 EXP] tot=7.7002 seg(log)=1.1908 seg(bw)=0.0000 vol=1.6553 cent=1.2090 t=5.00 lr=9.00e-04
[E006 i0175 STD] tot=7.6640 seg(log)=1.6644 seg(bw)=0.0000 vol=1.6084 cent=1.2111 t=5.00 lr=9.00e-04
[E006] train tot=7.6840 seg(log)=1.5153 seg(bw)=0.0000 vol=1.6228 cent=1.2122 | val seg=1.8344 meanFGDice=0.2701 | best=0.2741 pat=2/100
[E007 i0000 EXP] tot=7.6786 seg(log)=1.2709 seg(bw)=0.0000 vol=1.6478 cent=1.2062 t=5.00 lr=9.00e-04
[E007 i0025 STD] tot=7.6736 seg(log)=1.6467 seg(bw)=0.0000 vol=1.6037 cent=1.2140 t=5.00 lr=9.00e-04
[E007 i0050 EXP] tot=7.6995 seg(log)=1.1974 seg(bw)=0.0000 vol=1.6529 cent=1.2093 t=5.00 lr=9.00e-04
[E007 i0075 STD] tot=7.6378 seg(log)=1.6251 seg(bw)=0.0000 vol=1.5810 cent=1.2114 t=5.00 lr=9.00e-04
[E007 i0100 EXP] tot=7.6635 seg(log)=1.2314 seg(bw)=0.0000 vol=1.6529 cent=1.2021 t=5.00 lr=9.00e-04
[E007 i0125 STD] tot=7.6211 seg(log)=1.7097 seg(bw)=0.0000 vol=1.5848 cent=1.2073 t=5.00 lr=9.00e-04
[E007 i0150 EXP] tot=7.6908 seg(log)=1.2109 seg(bw)=0.0000 vol=1.6500 cent=1.2081 t=5.00 lr=9.00e-04
[E007 i0175 STD] tot=7.6867 seg(log)=1.9562 seg(bw)=0.0000 vol=1.6097 cent=1.2154 t=5.00 lr=9.00e-04
[E007] train tot=7.6758 seg(log)=1.4608 seg(bw)=0.0000 vol=1.6226 cent=1.2106 | val seg=1.7624 meanFGDice=0.2852 | best=0.2852 pat=0/100
[E008 i0000 EXP] tot=7.6823 seg(log)=1.2585 seg(bw)=0.0000 vol=1.6432 cent=1.2078 t=5.00 lr=9.00e-04
[E008 i0025 STD] tot=7.6454 seg(log)=1.5847 seg(bw)=0.0000 vol=1.6154 cent=1.2060 t=5.00 lr=9.00e-04
[E008 i0050 EXP] tot=7.6887 seg(log)=1.1710 seg(bw)=0.0000 vol=1.6532 cent=1.2071 t=5.00 lr=9.00e-04
[E008 i0075 STD] tot=7.6282 seg(log)=1.6441 seg(bw)=0.0000 vol=1.6013 cent=1.2054 t=5.00 lr=9.00e-04
[E008 i0100 EXP] tot=7.6904 seg(log)=1.2846 seg(bw)=0.0000 vol=1.6390 cent=1.2103 t=5.00 lr=9.00e-04
[E008 i0125 STD] tot=7.6399 seg(log)=1.6953 seg(bw)=0.0000 vol=1.5850 cent=1.2110 t=5.00 lr=9.00e-04
[E008 i0150 EXP] tot=7.6834 seg(log)=1.2694 seg(bw)=0.0000 vol=1.6445 cent=1.2078 t=5.00 lr=9.00e-04
[E008 i0175 STD] tot=7.6120 seg(log)=1.6971 seg(bw)=0.0000 vol=1.5760 cent=1.2072 t=5.00 lr=9.00e-04
[E008] train tot=7.6670 seg(log)=1.4460 seg(bw)=0.0000 vol=1.6220 cent=1.2090 | val seg=1.7142 meanFGDice=0.2930 | best=0.2930 pat=0/100
[E009 i0000 EXP] tot=7.6967 seg(log)=1.1719 seg(bw)=0.0000 vol=1.6525 cent=1.2088 t=5.00 lr=9.00e-04
[E009 i0025 STD] tot=7.6638 seg(log)=1.7451 seg(bw)=0.0000 vol=1.5830 cent=1.2162 t=5.00 lr=9.00e-04
[E009 i0050 EXP] tot=7.7054 seg(log)=1.1745 seg(bw)=0.0000 vol=1.6522 cent=1.2106 t=5.00 lr=9.00e-04
[E009 i0075 STD] tot=7.6546 seg(log)=1.6367 seg(bw)=0.0000 vol=1.5881 cent=1.2133 t=5.00 lr=9.00e-04
[E009 i0100 EXP] tot=7.6943 seg(log)=1.1282 seg(bw)=0.0000 vol=1.6551 cent=1.2078 t=5.00 lr=9.00e-04
[E009 i0125 STD] tot=7.6421 seg(log)=1.6597 seg(bw)=0.0000 vol=1.5921 cent=1.2100 t=5.00 lr=9.00e-04
[E009 i0150 EXP] tot=7.7104 seg(log)=1.2038 seg(bw)=0.0000 vol=1.6511 cent=1.2119 t=5.00 lr=9.00e-04
[E009 i0175 STD] tot=7.6085 seg(log)=1.7002 seg(bw)=0.0000 vol=1.5862 cent=1.2045 t=5.00 lr=9.00e-04
[E009] train tot=7.6654 seg(log)=1.4255 seg(bw)=0.0000 vol=1.6220 cent=1.2087 | val seg=1.7507 meanFGDice=0.2898 | best=0.2930 pat=1/100
[E010 i0000 EXP] tot=7.7067 seg(log)=1.1785 seg(bw)=0.0000 vol=1.6475 cent=1.2118 t=5.00 lr=9.00e-04
[E010 i0025 STD] tot=7.6202 seg(log)=1.6999 seg(bw)=0.0000 vol=1.5922 cent=1.2056 t=5.00 lr=9.00e-04
[E010 i0050 EXP] tot=7.6763 seg(log)=1.1634 seg(bw)=0.0000 vol=1.6478 cent=1.2057 t=5.00 lr=9.00e-04
[E010 i0075 STD] tot=7.6302 seg(log)=1.7661 seg(bw)=0.0000 vol=1.5854 cent=1.2089 t=5.00 lr=9.00e-04
[E010 i0100 EXP] tot=7.6740 seg(log)=1.2924 seg(bw)=0.0000 vol=1.6340 cent=1.2080 t=5.00 lr=9.00e-04
[E010 i0125 STD] tot=7.6438 seg(log)=1.7510 seg(bw)=0.0000 vol=1.5832 cent=1.2121 t=5.00 lr=9.00e-04
[E010 i0150 EXP] tot=7.6992 seg(log)=1.2101 seg(bw)=0.0000 vol=1.6465 cent=1.2105 t=5.00 lr=9.00e-04
[E010 i0175 STD] tot=7.6788 seg(log)=1.8977 seg(bw)=0.0000 vol=1.5975 cent=1.2163 t=5.00 lr=9.00e-04
[E010] train tot=7.6607 seg(log)=1.4101 seg(bw)=0.0000 vol=1.6223 cent=1.2077 | val seg=1.6711 meanFGDice=0.3107 | best=0.3107 pat=0/100
[E011 i0000 EXP] tot=7.6754 seg(log)=1.1262 seg(bw)=0.0000 vol=1.6549 cent=1.2041 t=5.00 lr=9.00e-04
[E011 i0025 STD] tot=7.6303 seg(log)=1.5357 seg(bw)=0.0000 vol=1.6118 cent=1.2037 t=5.00 lr=9.00e-04
[E011 i0050 EXP] tot=7.6937 seg(log)=1.1018 seg(bw)=0.0000 vol=1.6540 cent=1.2079 t=5.00 lr=9.00e-04
[E011 i0075 STD] tot=7.6197 seg(log)=1.6139 seg(bw)=0.0000 vol=1.5993 cent=1.2041 t=5.00 lr=9.00e-04
[E011 i0100 EXP] tot=7.6846 seg(log)=1.1337 seg(bw)=0.0000 vol=1.6494 cent=1.2070 t=5.00 lr=9.00e-04
[E011 i0125 STD] tot=7.6449 seg(log)=1.6223 seg(bw)=0.0000 vol=1.5931 cent=1.2104 t=5.00 lr=9.00e-04
[E011 i0150 EXP] tot=7.6688 seg(log)=1.1611 seg(bw)=0.0000 vol=1.6483 cent=1.2041 t=5.00 lr=9.00e-04
[E011 i0175 STD] tot=7.6076 seg(log)=1.7352 seg(bw)=0.0000 vol=1.5774 cent=1.2060 t=5.00 lr=9.00e-04
[E011] train tot=7.6577 seg(log)=1.3911 seg(bw)=0.0000 vol=1.6217 cent=1.2072 | val seg=1.6437 meanFGDice=0.3181 | best=0.3181 pat=0/100
[E012 i0000 EXP] tot=7.6872 seg(log)=1.1256 seg(bw)=0.0000 vol=1.6544 cent=1.2066 t=5.00 lr=9.00e-04
[E012 i0025 STD] tot=7.6446 seg(log)=1.5810 seg(bw)=0.0000 vol=1.6102 cent=1.2069 t=5.00 lr=9.00e-04
[E012 i0050 EXP] tot=7.6684 seg(log)=1.1999 seg(bw)=0.0000 vol=1.6488 cent=1.2039 t=5.00 lr=9.00e-04
[E012 i0075 STD] tot=7.6271 seg(log)=1.5892 seg(bw)=0.0000 vol=1.6012 cent=1.2052 t=5.00 lr=9.00e-04
[E012 i0100 EXP] tot=7.6681 seg(log)=1.1772 seg(bw)=0.0000 vol=1.6425 cent=1.2051 t=5.00 lr=9.00e-04
[E012 i0125 STD] tot=7.6410 seg(log)=1.4664 seg(bw)=0.0000 vol=1.6220 cent=1.2038 t=5.00 lr=9.00e-04
[E012 i0150 EXP] tot=7.6692 seg(log)=1.0885 seg(bw)=0.0000 vol=1.6549 cent=1.2029 t=5.00 lr=9.00e-04
[E012 i0175 STD] tot=7.6426 seg(log)=1.6159 seg(bw)=0.0000 vol=1.5973 cent=1.2091 t=5.00 lr=9.00e-04
[E012] train tot=7.6547 seg(log)=1.3809 seg(bw)=0.0000 vol=1.6228 cent=1.2064 | val seg=1.7314 meanFGDice=0.3049 | best=0.3181 pat=1/100
[E013 i0000 EXP] tot=7.6726 seg(log)=1.1486 seg(bw)=0.0000 vol=1.6504 cent=1.2044 t=5.00 lr=9.00e-04
[E013 i0025 STD] tot=7.6162 seg(log)=1.5669 seg(bw)=0.0000 vol=1.5891 cent=1.2054 t=5.00 lr=9.00e-04
[E013 i0050 EXP] tot=7.6552 seg(log)=1.1537 seg(bw)=0.0000 vol=1.6445 cent=1.2021 t=5.00 lr=9.00e-04
[E013 i0075 STD] tot=7.6482 seg(log)=1.5743 seg(bw)=0.0000 vol=1.6052 cent=1.2086 t=5.00 lr=9.00e-04
[E013 i0100 EXP] tot=7.6571 seg(log)=1.1128 seg(bw)=0.0000 vol=1.6479 cent=1.2018 t=5.00 lr=9.00e-04
[E013 i0125 STD] tot=7.6229 seg(log)=1.6494 seg(bw)=0.0000 vol=1.5866 cent=1.2072 t=5.00 lr=9.00e-04
[E013 i0150 EXP] tot=7.6824 seg(log)=1.1897 seg(bw)=0.0000 vol=1.6412 cent=1.2082 t=5.00 lr=9.00e-04
[E013 i0175 STD] tot=7.6001 seg(log)=1.6032 seg(bw)=0.0000 vol=1.5912 cent=1.2018 t=5.00 lr=9.00e-04
[E013] train tot=7.6561 seg(log)=1.3652 seg(bw)=0.0000 vol=1.6222 cent=1.2068 | val seg=1.7177 meanFGDice=0.3152 | best=0.3181 pat=2/100
[E014 i0000 EXP] tot=7.6768 seg(log)=1.1201 seg(bw)=0.0000 vol=1.6511 cent=1.2051 t=5.00 lr=9.00e-04
[E014 i0025 STD] tot=7.6158 seg(log)=1.6694 seg(bw)=0.0000 vol=1.5882 cent=1.2055 t=5.00 lr=9.00e-04
[E014 i0050 EXP] tot=7.6666 seg(log)=1.0296 seg(bw)=0.0000 vol=1.6567 cent=1.2020 t=5.00 lr=9.00e-04
[E014 i0075 STD] tot=7.6213 seg(log)=1.6237 seg(bw)=0.0000 vol=1.5973 cent=1.2048 t=5.00 lr=9.00e-04
[E014 i0100 EXP] tot=7.6580 seg(log)=1.1819 seg(bw)=0.0000 vol=1.6429 cent=1.2030 t=5.00 lr=9.00e-04
[E014 i0125 STD] tot=7.6191 seg(log)=1.5942 seg(bw)=0.0000 vol=1.5947 cent=1.2049 t=5.00 lr=9.00e-04
[E014 i0150 EXP] tot=7.6689 seg(log)=1.1612 seg(bw)=0.0000 vol=1.6433 cent=1.2051 t=5.00 lr=9.00e-04
[E014 i0175 STD] tot=7.6467 seg(log)=1.4959 seg(bw)=0.0000 vol=1.6168 cent=1.2060 t=5.00 lr=9.00e-04
[E014] train tot=7.6518 seg(log)=1.3659 seg(bw)=0.0000 vol=1.6220 cent=1.2060 | val seg=1.5882 meanFGDice=0.3455 | best=0.3455 pat=0/100
[E015 i0000 EXP] tot=7.6614 seg(log)=1.1149 seg(bw)=0.0000 vol=1.6490 cent=1.2025 t=5.00 lr=9.00e-04
[E015 i0025 STD] tot=7.6022 seg(log)=1.7091 seg(bw)=0.0000 vol=1.5801 cent=1.2044 t=5.00 lr=9.00e-04
[E015 i0050 EXP] tot=7.6678 seg(log)=1.1150 seg(bw)=0.0000 vol=1.6465 cent=1.2043 t=5.00 lr=9.00e-04
[E015 i0075 STD] tot=7.6365 seg(log)=1.4786 seg(bw)=0.0000 vol=1.6128 cent=1.2047 t=5.00 lr=9.00e-04
[E015 i0100 EXP] tot=7.6924 seg(log)=1.0467 seg(bw)=0.0000 vol=1.6559 cent=1.2073 t=5.00 lr=9.00e-04
[E015 i0125 STD] tot=7.6186 seg(log)=1.6413 seg(bw)=0.0000 vol=1.5866 cent=1.2064 t=5.00 lr=9.00e-04
[E015 i0150 EXP] tot=7.6756 seg(log)=1.0587 seg(bw)=0.0000 vol=1.6558 cent=1.2040 t=5.00 lr=9.00e-04
[E015 i0175 STD] tot=7.6101 seg(log)=1.6442 seg(bw)=0.0000 vol=1.5883 cent=1.2044 t=5.00 lr=9.00e-04
[E015] train tot=7.6499 seg(log)=1.3389 seg(bw)=0.0000 vol=1.6220 cent=1.2056 | val seg=1.6508 meanFGDice=0.3307 | best=0.3455 pat=1/100
[E016 i0000 EXP] tot=7.6662 seg(log)=1.0878 seg(bw)=0.0000 vol=1.6521 cent=1.2028 t=5.00 lr=9.00e-04
[E016 i0025 STD] tot=7.5992 seg(log)=1.5529 seg(bw)=0.0000 vol=1.5769 cent=1.2045 t=5.00 lr=9.00e-04
[E016 i0050 EXP] tot=7.6628 seg(log)=1.0948 seg(bw)=0.0000 vol=1.6457 cent=1.2034 t=5.00 lr=9.00e-04
[E016 i0075 STD] tot=7.6423 seg(log)=1.5035 seg(bw)=0.0000 vol=1.5987 cent=1.2087 t=5.00 lr=9.00e-04
[E016 i0100 EXP] tot=7.6637 seg(log)=1.1135 seg(bw)=0.0000 vol=1.6451 cent=1.2037 t=5.00 lr=9.00e-04
[E016 i0125 STD] tot=7.6217 seg(log)=1.7868 seg(bw)=0.0000 vol=1.5931 cent=1.2057 t=5.00 lr=9.00e-04
[E016 i0150 EXP] tot=7.6681 seg(log)=1.0540 seg(bw)=0.0000 vol=1.6540 cent=1.2028 t=5.00 lr=9.00e-04
[E016 i0175 STD] tot=7.6196 seg(log)=1.7505 seg(bw)=0.0000 vol=1.5718 cent=1.2096 t=5.00 lr=9.00e-04
[E016] train tot=7.6486 seg(log)=1.3345 seg(bw)=0.0000 vol=1.6220 cent=1.2053 | val seg=1.6611 meanFGDice=0.3399 | best=0.3455 pat=2/100
[E017 i0000 EXP] tot=7.6684 seg(log)=1.1072 seg(bw)=0.0000 vol=1.6477 cent=1.2042 t=5.00 lr=9.00e-04
[E017 i0025 STD] tot=7.6043 seg(log)=1.6234 seg(bw)=0.0000 vol=1.5809 cent=1.2047 t=5.00 lr=9.00e-04
[E017 i0050 EXP] tot=7.6509 seg(log)=1.1686 seg(bw)=0.0000 vol=1.6393 cent=1.2023 t=5.00 lr=9.00e-04
[E017 i0075 STD] tot=7.6202 seg(log)=1.5585 seg(bw)=0.0000 vol=1.5917 cent=1.2057 t=5.00 lr=9.00e-04
[E017 i0100 EXP] tot=7.6580 seg(log)=1.1255 seg(bw)=0.0000 vol=1.6427 cent=1.2030 t=5.00 lr=9.00e-04
[E017 i0125 STD] tot=7.6342 seg(log)=1.5884 seg(bw)=0.0000 vol=1.5847 cent=1.2099 t=5.00 lr=9.00e-04
[E017 i0150 EXP] tot=7.6752 seg(log)=1.0228 seg(bw)=0.0000 vol=1.6546 cent=1.2041 t=5.00 lr=9.00e-04
[E017 i0175 STD] tot=7.5951 seg(log)=1.5237 seg(bw)=0.0000 vol=1.5832 cent=1.2024 t=5.00 lr=9.00e-04
[E017] train tot=7.6473 seg(log)=1.3247 seg(bw)=0.0000 vol=1.6213 cent=1.2052 | val seg=1.6682 meanFGDice=0.3205 | best=0.3455 pat=3/100
[E018 i0000 EXP] tot=7.6657 seg(log)=1.0576 seg(bw)=0.0000 vol=1.6502 cent=1.2031 t=5.00 lr=9.00e-04
[E018 i0025 STD] tot=7.6409 seg(log)=1.5425 seg(bw)=0.0000 vol=1.6001 cent=1.2082 t=5.00 lr=9.00e-04
[E018 i0050 EXP] tot=7.6482 seg(log)=1.1240 seg(bw)=0.0000 vol=1.6434 cent=1.2010 t=5.00 lr=9.00e-04
[E018 i0075 STD] tot=7.6092 seg(log)=1.5554 seg(bw)=0.0000 vol=1.5956 cent=1.2027 t=5.00 lr=9.00e-04
[E018 i0100 EXP] tot=7.6668 seg(log)=1.0153 seg(bw)=0.0000 vol=1.6543 cent=1.2025 t=5.00 lr=9.00e-04
[E018 i0125 STD] tot=7.6100 seg(log)=1.4683 seg(bw)=0.0000 vol=1.5851 cent=1.2050 t=5.00 lr=9.00e-04
[E018 i0150 EXP] tot=7.7015 seg(log)=1.0258 seg(bw)=0.0000 vol=1.6583 cent=1.2087 t=5.00 lr=9.00e-04
[E018 i0175 STD] tot=7.6168 seg(log)=1.5684 seg(bw)=0.0000 vol=1.5870 cent=1.2059 t=5.00 lr=9.00e-04
[E018] train tot=7.6461 seg(log)=1.2902 seg(bw)=0.0000 vol=1.6220 cent=1.2048 | val seg=1.5096 meanFGDice=0.3652 | best=0.3652 pat=0/100
[E019 i0000 EXP] tot=7.6587 seg(log)=1.0391 seg(bw)=0.0000 vol=1.6502 cent=1.2017 t=5.00 lr=9.00e-04
[E019 i0025 STD] tot=7.6070 seg(log)=1.5950 seg(bw)=0.0000 vol=1.5780 cent=1.2058 t=5.00 lr=9.00e-04
[E019 i0050 EXP] tot=7.6792 seg(log)=1.0966 seg(bw)=0.0000 vol=1.6488 cent=1.2061 t=5.00 lr=9.00e-04
[E019 i0075 STD] tot=7.6561 seg(log)=1.6855 seg(bw)=0.0000 vol=1.5784 cent=1.2155 t=5.00 lr=9.00e-04
[E019 i0100 EXP] tot=7.6799 seg(log)=1.0124 seg(bw)=0.0000 vol=1.6521 cent=1.2056 t=5.00 lr=9.00e-04
[E019 i0125 STD] tot=7.6011 seg(log)=1.5770 seg(bw)=0.0000 vol=1.5766 cent=1.2049 t=5.00 lr=9.00e-04
[E019 i0150 EXP] tot=7.6814 seg(log)=1.0255 seg(bw)=0.0000 vol=1.6532 cent=1.2056 t=5.00 lr=9.00e-04
[E019 i0175 STD] tot=7.6784 seg(log)=1.7126 seg(bw)=0.0000 vol=1.6063 cent=1.2144 t=5.00 lr=9.00e-04
[E019] train tot=7.6443 seg(log)=1.2914 seg(bw)=0.0000 vol=1.6212 cent=1.2046 | val seg=1.5987 meanFGDice=0.3561 | best=0.3652 pat=1/100
[E020 i0000 EXP] tot=7.6962 seg(log)=1.0869 seg(bw)=0.0000 vol=1.6455 cent=1.2101 t=5.00 lr=9.00e-04
[E020 i0025 STD] tot=7.6047 seg(log)=1.6048 seg(bw)=0.0000 vol=1.5811 cent=1.2047 t=5.00 lr=9.00e-04
[E020 i0050 EXP] tot=7.6751 seg(log)=1.0348 seg(bw)=0.0000 vol=1.6508 cent=1.2049 t=5.00 lr=9.00e-04
[E020 i0075 STD] tot=7.6147 seg(log)=1.6583 seg(bw)=0.0000 vol=1.5804 cent=1.2069 t=5.00 lr=9.00e-04
[E020 i0100 EXP] tot=7.6627 seg(log)=0.9814 seg(bw)=0.0000 vol=1.6585 cent=1.2008 t=5.00 lr=9.00e-04
[E020 i0125 STD] tot=7.6256 seg(log)=1.4501 seg(bw)=0.0000 vol=1.6078 cent=1.2036 t=5.00 lr=9.00e-04
[E020 i0150 EXP] tot=7.6931 seg(log)=0.9823 seg(bw)=0.0000 vol=1.6563 cent=1.2074 t=5.00 lr=9.00e-04
[E020 i0175 STD] tot=7.6122 seg(log)=1.5758 seg(bw)=0.0000 vol=1.5940 cent=1.2037 t=5.00 lr=9.00e-04
[E020] train tot=7.6429 seg(log)=1.2915 seg(bw)=0.0000 vol=1.6216 cent=1.2042 | val seg=1.6017 meanFGDice=0.3597 | best=0.3652 pat=2/100
[E021 i0000 EXP] tot=7.6513 seg(log)=1.0552 seg(bw)=0.0000 vol=1.6477 cent=1.2007 t=5.00 lr=9.00e-04
[E021 i0025 STD] tot=7.6075 seg(log)=1.4882 seg(bw)=0.0000 vol=1.5893 cent=1.2037 t=5.00 lr=9.00e-04
[E021 i0050 EXP] tot=7.6614 seg(log)=1.1032 seg(bw)=0.0000 vol=1.6441 cent=1.2035 t=5.00 lr=9.00e-04
[E021 i0075 STD] tot=7.5974 seg(log)=1.5135 seg(bw)=0.0000 vol=1.5884 cent=1.2018 t=5.00 lr=9.00e-04
[E021 i0100 EXP] tot=7.6753 seg(log)=1.1617 seg(bw)=0.0000 vol=1.6405 cent=1.2070 t=5.00 lr=9.00e-04
[E021 i0125 STD] tot=7.5957 seg(log)=1.6047 seg(bw)=0.0000 vol=1.5826 cent=1.2026 t=5.00 lr=9.00e-04
[E021 i0150 EXP] tot=7.6845 seg(log)=1.1100 seg(bw)=0.0000 vol=1.6475 cent=1.2074 t=5.00 lr=9.00e-04
[E021 i0175 STD] tot=7.6053 seg(log)=1.5848 seg(bw)=0.0000 vol=1.5888 cent=1.2033 t=5.00 lr=9.00e-04
[E021] train tot=7.6433 seg(log)=1.3022 seg(bw)=0.0000 vol=1.6215 cent=1.2044 | val seg=1.6731 meanFGDice=0.3417 | best=0.3652 pat=3/100
[E022 i0000 EXP] tot=7.6713 seg(log)=1.0033 seg(bw)=0.0000 vol=1.6601 cent=1.2022 t=5.00 lr=9.00e-04
[E022 i0025 STD] tot=7.6214 seg(log)=1.6422 seg(bw)=0.0000 vol=1.5809 cent=1.2081 t=5.00 lr=9.00e-04
[E022 i0050 EXP] tot=7.6787 seg(log)=0.9949 seg(bw)=0.0000 vol=1.6605 cent=1.2036 t=5.00 lr=9.00e-04
[E022 i0075 STD] tot=7.6112 seg(log)=1.6145 seg(bw)=0.0000 vol=1.5774 cent=1.2068 t=5.00 lr=9.00e-04
[E022 i0100 EXP] tot=7.6756 seg(log)=1.0223 seg(bw)=0.0000 vol=1.6495 cent=1.2052 t=5.00 lr=9.00e-04
[E022 i0125 STD] tot=7.6163 seg(log)=1.5602 seg(bw)=0.0000 vol=1.5855 cent=1.2062 t=5.00 lr=9.00e-04
[E022 i0150 EXP] tot=7.6631 seg(log)=1.0835 seg(bw)=0.0000 vol=1.6415 cent=1.2043 t=5.00 lr=9.00e-04
[E022 i0175 STD] tot=7.6139 seg(log)=1.5691 seg(bw)=0.0000 vol=1.5864 cent=1.2055 t=5.00 lr=9.00e-04
[E022] train tot=7.6451 seg(log)=1.3047 seg(bw)=0.0000 vol=1.6215 cent=1.2047 | val seg=1.5943 meanFGDice=0.3577 | best=0.3652 pat=4/100
[E023 i0000 EXP] tot=7.7014 seg(log)=1.0614 seg(bw)=0.0000 vol=1.6451 cent=1.2113 t=5.00 lr=9.00e-04
[E023 i0025 STD] tot=7.6310 seg(log)=1.6321 seg(bw)=0.0000 vol=1.5839 cent=1.2094 t=5.00 lr=9.00e-04
[E023 i0050 EXP] tot=7.6690 seg(log)=1.0085 seg(bw)=0.0000 vol=1.6499 cent=1.2038 t=5.00 lr=9.00e-04
[E023 i0075 STD] tot=7.6260 seg(log)=1.4698 seg(bw)=0.0000 vol=1.6107 cent=1.2031 t=5.00 lr=9.00e-04
[E023 i0100 EXP] tot=7.6842 seg(log)=1.0629 seg(bw)=0.0000 vol=1.6479 cent=1.2073 t=5.00 lr=9.00e-04
[E023 i0125 STD] tot=7.6131 seg(log)=1.4783 seg(bw)=0.0000 vol=1.5969 cent=1.2032 t=5.00 lr=9.00e-04
[E023 i0150 EXP] tot=7.6518 seg(log)=1.0573 seg(bw)=0.0000 vol=1.6488 cent=1.2006 t=5.00 lr=9.00e-04
[E023 i0175 STD] tot=7.6314 seg(log)=1.5028 seg(bw)=0.0000 vol=1.6136 cent=1.2036 t=5.00 lr=9.00e-04
[E023] train tot=7.6427 seg(log)=1.2922 seg(bw)=0.0000 vol=1.6217 cent=1.2042 | val seg=1.5807 meanFGDice=0.3612 | best=0.3652 pat=5/100
[E024 i0000 EXP] tot=7.6795 seg(log)=1.2054 seg(bw)=0.0000 vol=1.6381 cent=1.2083 t=5.00 lr=9.00e-04
[E024 i0025 STD] tot=7.6059 seg(log)=1.4543 seg(bw)=0.0000 vol=1.5945 cent=1.2023 t=5.00 lr=9.00e-04
[E024 i0050 EXP] tot=7.6683 seg(log)=0.9958 seg(bw)=0.0000 vol=1.6563 cent=1.2024 t=5.00 lr=9.00e-04
[E024 i0075 STD] tot=7.6231 seg(log)=1.5188 seg(bw)=0.0000 vol=1.5966 cent=1.2053 t=5.00 lr=9.00e-04
[E024 i0100 EXP] tot=7.6843 seg(log)=1.0121 seg(bw)=0.0000 vol=1.6529 cent=1.2063 t=5.00 lr=9.00e-04
[E024 i0125 STD] tot=7.6250 seg(log)=1.4987 seg(bw)=0.0000 vol=1.6010 cent=1.2048 t=5.00 lr=9.00e-04
[E024 i0150 EXP] tot=7.6579 seg(log)=1.0208 seg(bw)=0.0000 vol=1.6493 cent=1.2017 t=5.00 lr=9.00e-04
[E024 i0175 STD] tot=7.5963 seg(log)=1.5016 seg(bw)=0.0000 vol=1.5842 cent=1.2024 t=5.00 lr=9.00e-04
[E024] train tot=7.6419 seg(log)=1.2816 seg(bw)=0.0000 vol=1.6217 cent=1.2040 | val seg=1.5462 meanFGDice=0.3644 | best=0.3652 pat=6/100
[E025 i0000 EXP] tot=7.6624 seg(log)=0.9622 seg(bw)=0.0000 vol=1.6581 cent=1.2009 t=5.00 lr=9.00e-04
[E025 i0025 STD] tot=7.6169 seg(log)=1.5676 seg(bw)=0.0000 vol=1.5890 cent=1.2056 t=5.00 lr=9.00e-04
[E025 i0050 EXP] tot=7.6731 seg(log)=0.9566 seg(bw)=0.0000 vol=1.6571 cent=1.2032 t=5.00 lr=9.00e-04
[E025 i0075 STD] tot=7.6057 seg(log)=1.4628 seg(bw)=0.0000 vol=1.5940 cent=1.2023 t=5.00 lr=9.00e-04
[E025 i0100 EXP] tot=7.6605 seg(log)=1.0398 seg(bw)=0.0000 vol=1.6484 cent=1.2024 t=5.00 lr=9.00e-04
[E025 i0125 STD] tot=7.6217 seg(log)=1.5584 seg(bw)=0.0000 vol=1.5760 cent=1.2091 t=5.00 lr=9.00e-04
[E025 i0150 EXP] tot=7.6750 seg(log)=0.9823 seg(bw)=0.0000 vol=1.6549 cent=1.2040 t=5.00 lr=9.00e-04
[E025 i0175 STD] tot=7.6422 seg(log)=1.4411 seg(bw)=0.0000 vol=1.6009 cent=1.2082 t=5.00 lr=9.00e-04
[E025] train tot=7.6399 seg(log)=1.2672 seg(bw)=0.0000 vol=1.6213 cent=1.2037 | val seg=1.5008 meanFGDice=0.3838 | best=0.3838 pat=0/100
[E026 i0000 EXP] tot=7.6886 seg(log)=1.0156 seg(bw)=0.0000 vol=1.6450 cent=1.2087 t=5.00 lr=9.00e-04
[E026 i0025 STD] tot=7.6005 seg(log)=1.4838 seg(bw)=0.0000 vol=1.5840 cent=1.2033 t=5.00 lr=9.00e-04
[E026 i0050 EXP] tot=7.6814 seg(log)=0.9840 seg(bw)=0.0000 vol=1.6516 cent=1.2060 t=5.00 lr=9.00e-04
[E026 i0075 STD] tot=7.6036 seg(log)=1.4726 seg(bw)=0.0000 vol=1.5919 cent=1.2023 t=5.00 lr=9.00e-04
[E026 i0100 EXP] tot=7.6987 seg(log)=0.9537 seg(bw)=0.0000 vol=1.6591 cent=1.2079 t=5.00 lr=9.00e-04
[E026 i0125 STD] tot=7.6155 seg(log)=1.4920 seg(bw)=0.0000 vol=1.5988 cent=1.2033 t=5.00 lr=9.00e-04
[E026 i0150 EXP] tot=7.6607 seg(log)=1.0332 seg(bw)=0.0000 vol=1.6466 cent=1.2028 t=5.00 lr=9.00e-04
[E026 i0175 STD] tot=7.6275 seg(log)=1.4972 seg(bw)=0.0000 vol=1.5866 cent=1.2082 t=5.00 lr=9.00e-04
[E026] train tot=7.6399 seg(log)=1.2430 seg(bw)=0.0000 vol=1.6216 cent=1.2037 | val seg=1.5102 meanFGDice=0.3830 | best=0.3838 pat=1/100
[E027 i0000 EXP] tot=7.6557 seg(log)=1.0303 seg(bw)=0.0000 vol=1.6443 cent=1.2023 t=5.00 lr=9.00e-04
[E027 i0025 STD] tot=7.6294 seg(log)=1.3986 seg(bw)=0.0000 vol=1.6222 cent=1.2014 t=5.00 lr=9.00e-04
[E027 i0050 EXP] tot=7.6585 seg(log)=0.9310 seg(bw)=0.0000 vol=1.6565 cent=1.2004 t=5.00 lr=9.00e-04
[E027 i0075 STD] tot=7.6551 seg(log)=1.4228 seg(bw)=0.0000 vol=1.6235 cent=1.2063 t=5.00 lr=9.00e-04
[E027 i0100 EXP] tot=7.6753 seg(log)=0.9513 seg(bw)=0.0000 vol=1.6567 cent=1.2037 t=5.00 lr=9.00e-04
[E027 i0125 STD] tot=7.6038 seg(log)=1.4545 seg(bw)=0.0000 vol=1.5954 cent=1.2017 t=5.00 lr=9.00e-04
[E027 i0150 EXP] tot=7.6491 seg(log)=1.0418 seg(bw)=0.0000 vol=1.6430 cent=1.2012 t=5.00 lr=9.00e-04
[E027 i0175 STD] tot=7.6051 seg(log)=1.4891 seg(bw)=0.0000 vol=1.5938 cent=1.2023 t=5.00 lr=9.00e-04
[E027] train tot=7.6384 seg(log)=1.2279 seg(bw)=0.0000 vol=1.6214 cent=1.2034 | val seg=1.5087 meanFGDice=0.3913 | best=0.3913 pat=0/100
[E028 i0000 EXP] tot=7.6710 seg(log)=0.9226 seg(bw)=0.0000 vol=1.6584 cent=1.2025 t=5.00 lr=9.00e-04
[E028 i0025 STD] tot=7.6068 seg(log)=1.4614 seg(bw)=0.0000 vol=1.6001 cent=1.2013 t=5.00 lr=9.00e-04
[E028 i0050 EXP] tot=7.6529 seg(log)=0.9531 seg(bw)=0.0000 vol=1.6527 cent=1.2000 t=5.00 lr=9.00e-04
[E028 i0075 STD] tot=7.6083 seg(log)=1.5038 seg(bw)=0.0000 vol=1.5885 cent=1.2040 t=5.00 lr=9.00e-04
[E028 i0100 EXP] tot=7.6773 seg(log)=0.9865 seg(bw)=0.0000 vol=1.6515 cent=1.2052 t=5.00 lr=9.00e-04
[E028 i0125 STD] tot=7.6105 seg(log)=1.4024 seg(bw)=0.0000 vol=1.6017 cent=1.2018 t=5.00 lr=9.00e-04
[E028 i0150 EXP] tot=7.6595 seg(log)=0.9275 seg(bw)=0.0000 vol=1.6592 cent=1.2001 t=5.00 lr=9.00e-04
[E028 i0175 STD] tot=7.6266 seg(log)=1.4230 seg(bw)=0.0000 vol=1.5922 cent=1.2069 t=5.00 lr=9.00e-04
[E028] train tot=7.6390 seg(log)=1.2276 seg(bw)=0.0000 vol=1.6208 cent=1.2036 | val seg=1.5125 meanFGDice=0.3790 | best=0.3913 pat=1/100
[E029 i0000 EXP] tot=7.6652 seg(log)=0.9587 seg(bw)=0.0000 vol=1.6513 cent=1.2028 t=5.00 lr=9.00e-04
[E029 i0025 STD] tot=7.6222 seg(log)=1.3847 seg(bw)=0.0000 vol=1.6036 cent=1.2037 t=5.00 lr=9.00e-04
[E029 i0050 EXP] tot=7.6516 seg(log)=0.9597 seg(bw)=0.0000 vol=1.6495 cent=1.2004 t=5.00 lr=9.00e-04
[E029 i0075 STD] tot=7.6269 seg(log)=1.4678 seg(bw)=0.0000 vol=1.6142 cent=1.2025 t=5.00 lr=9.00e-04
[E029 i0100 EXP] tot=7.6535 seg(log)=0.9717 seg(bw)=0.0000 vol=1.6498 cent=1.2007 t=5.00 lr=9.00e-04
[E029 i0125 STD] tot=7.6131 seg(log)=1.3943 seg(bw)=0.0000 vol=1.6068 cent=1.2013 t=5.00 lr=9.00e-04
[E029 i0150 EXP] tot=7.6643 seg(log)=0.9295 seg(bw)=0.0000 vol=1.6561 cent=1.2016 t=5.00 lr=9.00e-04
[E029 i0175 STD] tot=7.6477 seg(log)=1.3724 seg(bw)=0.0000 vol=1.5920 cent=1.2111 t=5.00 lr=9.00e-04
[E029] train tot=7.6376 seg(log)=1.2205 seg(bw)=0.0000 vol=1.6212 cent=1.2033 | val seg=1.4945 meanFGDice=0.3940 | best=0.3940 pat=0/100
[E030 i0000 EXP] tot=7.6698 seg(log)=1.0472 seg(bw)=0.0000 vol=1.6401 cent=1.2059 t=5.00 lr=9.00e-04
[E030 i0025 STD] tot=7.6323 seg(log)=1.4908 seg(bw)=0.0000 vol=1.6046 cent=1.2055 t=5.00 lr=9.00e-04
[E030 i0050 EXP] tot=7.6568 seg(log)=1.0090 seg(bw)=0.0000 vol=1.6476 cent=1.2018 t=5.00 lr=9.00e-04
[E030 i0075 STD] tot=7.5882 seg(log)=1.4511 seg(bw)=0.0000 vol=1.5742 cent=1.2028 t=5.00 lr=9.00e-04
[E030 i0100 EXP] tot=7.6669 seg(log)=0.9886 seg(bw)=0.0000 vol=1.6507 cent=1.2033 t=5.00 lr=9.00e-04
[E030 i0125 STD] tot=7.6067 seg(log)=1.6010 seg(bw)=0.0000 vol=1.5804 cent=1.2053 t=5.00 lr=9.00e-04
[E030 i0150 EXP] tot=7.6946 seg(log)=0.9614 seg(bw)=0.0000 vol=1.6574 cent=1.2074 t=5.00 lr=9.00e-04
[E030 i0175 STD] tot=7.6074 seg(log)=1.3920 seg(bw)=0.0000 vol=1.5990 cent=1.2017 t=5.00 lr=9.00e-04
[E030] train tot=7.6381 seg(log)=1.2259 seg(bw)=0.0000 vol=1.6212 cent=1.2034 | val seg=1.4878 meanFGDice=0.3967 | best=0.3967 pat=0/100
[E031 i0000 EXP] tot=7.6446 seg(log)=1.0442 seg(bw)=0.0000 vol=1.6432 cent=1.2003 t=5.00 lr=9.00e-04
[E031 i0025 STD] tot=7.5873 seg(log)=1.5673 seg(bw)=0.0000 vol=1.5773 cent=1.2020 t=5.00 lr=9.00e-04
[E031 i0050 EXP] tot=7.6651 seg(log)=0.9881 seg(bw)=0.0000 vol=1.6487 cent=1.2033 t=5.00 lr=9.00e-04
[E031 i0075 STD] tot=7.6131 seg(log)=1.3746 seg(bw)=0.0000 vol=1.6081 cent=1.2010 t=5.00 lr=9.00e-04
[E031 i0100 EXP] tot=7.6594 seg(log)=0.9552 seg(bw)=0.0000 vol=1.6524 cent=1.2014 t=5.00 lr=9.00e-04
[E031 i0125 STD] tot=7.5891 seg(log)=1.5823 seg(bw)=0.0000 vol=1.5758 cent=1.2027 t=5.00 lr=9.00e-04
[E031 i0150 EXP] tot=7.6586 seg(log)=0.9915 seg(bw)=0.0000 vol=1.6475 cent=1.2022 t=5.00 lr=9.00e-04
[E031 i0175 STD] tot=7.5910 seg(log)=1.6448 seg(bw)=0.0000 vol=1.5745 cent=1.2033 t=5.00 lr=9.00e-04
[E031] train tot=7.6371 seg(log)=1.2277 seg(bw)=0.0000 vol=1.6213 cent=1.2032 | val seg=1.5154 meanFGDice=0.3854 | best=0.3967 pat=1/100
[E032 i0000 EXP] tot=7.6599 seg(log)=0.9813 seg(bw)=0.0000 vol=1.6533 cent=1.2013 t=5.00 lr=9.00e-04
[E032 i0025 STD] tot=7.5974 seg(log)=1.5696 seg(bw)=0.0000 vol=1.5744 cent=1.2046 t=5.00 lr=9.00e-04
[E032 i0050 EXP] tot=7.6464 seg(log)=1.0226 seg(bw)=0.0000 vol=1.6416 cent=1.2010 t=5.00 lr=9.00e-04
[E032 i0075 STD] tot=7.6098 seg(log)=1.5401 seg(bw)=0.0000 vol=1.5873 cent=1.2045 t=5.00 lr=9.00e-04
[E032 i0100 EXP] tot=7.6519 seg(log)=1.0469 seg(bw)=0.0000 vol=1.6449 cent=1.2014 t=5.00 lr=9.00e-04
[E032 i0125 STD] tot=7.5953 seg(log)=1.5076 seg(bw)=0.0000 vol=1.5770 cent=1.2037 t=5.00 lr=9.00e-04
[E032 i0150 EXP] tot=7.6482 seg(log)=1.0748 seg(bw)=0.0000 vol=1.6372 cent=1.2022 t=5.00 lr=9.00e-04
[E032 i0175 STD] tot=7.6268 seg(log)=1.4621 seg(bw)=0.0000 vol=1.5947 cent=1.2064 t=5.00 lr=9.00e-04
[E032] train tot=7.6357 seg(log)=1.2155 seg(bw)=0.0000 vol=1.6209 cent=1.2030 | val seg=1.4243 meanFGDice=0.3982 | best=0.3982 pat=0/100
[E033 i0000 EXP] tot=7.6531 seg(log)=0.9381 seg(bw)=0.0000 vol=1.6497 cent=1.2007 t=5.00 lr=9.00e-04
[E033 i0025 STD] tot=7.5894 seg(log)=1.5122 seg(bw)=0.0000 vol=1.5763 cent=1.2026 t=5.00 lr=9.00e-04
[E033 i0050 EXP] tot=7.6596 seg(log)=0.9633 seg(bw)=0.0000 vol=1.6498 cent=1.2020 t=5.00 lr=9.00e-04
[E033 i0075 STD] tot=7.5955 seg(log)=1.4490 seg(bw)=0.0000 vol=1.5933 cent=1.2004 t=5.00 lr=9.00e-04
[E033 i0100 EXP] tot=7.6558 seg(log)=0.9256 seg(bw)=0.0000 vol=1.6549 cent=1.2002 t=5.00 lr=9.00e-04
[E033 i0125 STD] tot=7.6106 seg(log)=1.4108 seg(bw)=0.0000 vol=1.6004 cent=1.2020 t=5.00 lr=9.00e-04
[E033 i0150 EXP] tot=7.6575 seg(log)=1.0024 seg(bw)=0.0000 vol=1.6406 cent=1.2034 t=5.00 lr=9.00e-04
[E033 i0175 STD] tot=7.5971 seg(log)=1.4324 seg(bw)=0.0000 vol=1.5907 cent=1.2013 t=5.00 lr=9.00e-04
[E033] train tot=7.6367 seg(log)=1.2003 seg(bw)=0.0000 vol=1.6211 cent=1.2031 | val seg=1.4939 meanFGDice=0.3916 | best=0.3982 pat=1/100
[E034 i0000 EXP] tot=7.6645 seg(log)=0.9308 seg(bw)=0.0000 vol=1.6554 cent=1.2018 t=5.00 lr=9.00e-04
[E034 i0025 STD] tot=7.5834 seg(log)=1.4565 seg(bw)=0.0000 vol=1.5730 cent=1.2021 t=5.00 lr=9.00e-04
[E034 i0050 EXP] tot=7.6621 seg(log)=1.0039 seg(bw)=0.0000 vol=1.6462 cent=1.2032 t=5.00 lr=9.00e-04
[E034 i0075 STD] tot=7.6171 seg(log)=1.4077 seg(bw)=0.0000 vol=1.5982 cent=1.2038 t=5.00 lr=9.00e-04
[E034 i0100 EXP] tot=7.6703 seg(log)=0.9762 seg(bw)=0.0000 vol=1.6424 cent=1.2056 t=5.00 lr=9.00e-04
[E034 i0125 STD] tot=7.6097 seg(log)=1.4346 seg(bw)=0.0000 vol=1.5991 cent=1.2021 t=5.00 lr=9.00e-04
[E034 i0150 EXP] tot=7.6610 seg(log)=0.9609 seg(bw)=0.0000 vol=1.6475 cent=1.2027 t=5.00 lr=9.00e-04
[E034 i0175 STD] tot=7.6027 seg(log)=1.3470 seg(bw)=0.0000 vol=1.5981 cent=1.2009 t=5.00 lr=9.00e-04
[E034] train tot=7.6364 seg(log)=1.1865 seg(bw)=0.0000 vol=1.6215 cent=1.2030 | val seg=1.3978 meanFGDice=0.4161 | best=0.4161 pat=0/100
[E035 i0000 EXP] tot=7.6672 seg(log)=0.8723 seg(bw)=0.0000 vol=1.6593 cent=1.2016 t=5.00 lr=9.00e-04
[E035 i0025 STD] tot=7.6188 seg(log)=1.3645 seg(bw)=0.0000 vol=1.6115 cent=1.2015 t=5.00 lr=9.00e-04
[E035 i0050 EXP] tot=7.6613 seg(log)=0.9499 seg(bw)=0.0000 vol=1.6485 cent=1.2026 t=5.00 lr=9.00e-04
[E035 i0075 STD] tot=7.6124 seg(log)=1.4670 seg(bw)=0.0000 vol=1.5903 cent=1.2044 t=5.00 lr=9.00e-04
[E035 i0100 EXP] tot=7.6611 seg(log)=0.9741 seg(bw)=0.0000 vol=1.6494 cent=1.2023 t=5.00 lr=9.00e-04
[E035 i0125 STD] tot=7.6190 seg(log)=1.4492 seg(bw)=0.0000 vol=1.5859 cent=1.2066 t=5.00 lr=9.00e-04
[E035 i0150 EXP] tot=7.6651 seg(log)=0.9118 seg(bw)=0.0000 vol=1.6556 cent=1.2019 t=5.00 lr=9.00e-04
[E035 i0175 STD] tot=7.5975 seg(log)=1.4005 seg(bw)=0.0000 vol=1.5921 cent=1.2011 t=5.00 lr=9.00e-04
[E035] train tot=7.6358 seg(log)=1.1887 seg(bw)=0.0000 vol=1.6208 cent=1.2030 | val seg=1.4471 meanFGDice=0.4102 | best=0.4161 pat=1/100
[E036 i0000 EXP] tot=7.6556 seg(log)=0.9228 seg(bw)=0.0000 vol=1.6547 cent=1.2002 t=5.00 lr=9.00e-04
[E036 i0025 STD] tot=7.6131 seg(log)=1.3795 seg(bw)=0.0000 vol=1.6032 cent=1.2020 t=5.00 lr=9.00e-04
[E036 i0050 EXP] tot=7.6915 seg(log)=0.9052 seg(bw)=0.0000 vol=1.6556 cent=1.2072 t=5.00 lr=9.00e-04
[E036 i0075 STD] tot=7.5922 seg(log)=1.4871 seg(bw)=0.0000 vol=1.5788 cent=1.2027 t=5.00 lr=9.00e-04
[E036 i0100 EXP] tot=7.6575 seg(log)=0.9161 seg(bw)=0.0000 vol=1.6550 cent=1.2005 t=5.00 lr=9.00e-04
[E036 i0125 STD] tot=7.6125 seg(log)=1.4384 seg(bw)=0.0000 vol=1.5971 cent=1.2031 t=5.00 lr=9.00e-04
[E036 i0150 EXP] tot=7.6493 seg(log)=0.9566 seg(bw)=0.0000 vol=1.6456 cent=1.2007 t=5.00 lr=9.00e-04
[E036 i0175 STD] tot=7.6030 seg(log)=1.4097 seg(bw)=0.0000 vol=1.5838 cent=1.2038 t=5.00 lr=9.00e-04
[E036] train tot=7.6353 seg(log)=1.1845 seg(bw)=0.0000 vol=1.6213 cent=1.2028 | val seg=1.4284 meanFGDice=0.4030 | best=0.4161 pat=2/100
[E037 i0000 EXP] tot=7.6560 seg(log)=0.8868 seg(bw)=0.0000 vol=1.6554 cent=1.2001 t=5.00 lr=9.00e-04
[E037 i0025 STD] tot=7.6044 seg(log)=1.3533 seg(bw)=0.0000 vol=1.5977 cent=1.2013 t=5.00 lr=9.00e-04
[E037 i0050 EXP] tot=7.6635 seg(log)=0.9538 seg(bw)=0.0000 vol=1.6510 cent=1.2025 t=5.00 lr=9.00e-04
[E037 i0075 STD] tot=7.6078 seg(log)=1.3818 seg(bw)=0.0000 vol=1.6004 cent=1.2015 t=5.00 lr=9.00e-04
[E037 i0100 EXP] tot=7.6607 seg(log)=0.9187 seg(bw)=0.0000 vol=1.6549 cent=1.2012 t=5.00 lr=9.00e-04
[E037 i0125 STD] tot=7.5889 seg(log)=1.6094 seg(bw)=0.0000 vol=1.5691 cent=1.2040 t=5.00 lr=9.00e-04
[E037 i0150 EXP] tot=7.6670 seg(log)=0.9526 seg(bw)=0.0000 vol=1.6480 cent=1.2038 t=5.00 lr=9.00e-04
[E037 i0175 STD] tot=7.6055 seg(log)=1.4029 seg(bw)=0.0000 vol=1.5978 cent=1.2016 t=5.00 lr=9.00e-04
[E037] train tot=7.6335 seg(log)=1.1840 seg(bw)=0.0000 vol=1.6212 cent=1.2025 | val seg=1.4222 meanFGDice=0.4186 | best=0.4186 pat=0/100
[E038 i0000 EXP] tot=7.6658 seg(log)=1.0283 seg(bw)=0.0000 vol=1.6415 cent=1.2049 t=5.00 lr=9.00e-04
[E038 i0025 STD] tot=7.5833 seg(log)=1.6163 seg(bw)=0.0000 vol=1.5710 cent=1.2025 t=5.00 lr=9.00e-04
[E038 i0050 EXP] tot=7.6623 seg(log)=0.9352 seg(bw)=0.0000 vol=1.6547 cent=1.2015 t=5.00 lr=9.00e-04
[E038 i0075 STD] tot=7.5921 seg(log)=1.3609 seg(bw)=0.0000 vol=1.5849 cent=1.2014 t=5.00 lr=9.00e-04
[E038 i0100 EXP] tot=7.6524 seg(log)=0.9920 seg(bw)=0.0000 vol=1.6446 cent=1.2016 t=5.00 lr=9.00e-04
[E038 i0125 STD] tot=7.6118 seg(log)=1.4320 seg(bw)=0.0000 vol=1.5876 cent=1.2048 t=5.00 lr=9.00e-04
[E038 i0150 EXP] tot=7.6609 seg(log)=0.9666 seg(bw)=0.0000 vol=1.6437 cent=1.2034 t=5.00 lr=9.00e-04
[E038 i0175 STD] tot=7.6313 seg(log)=1.4071 seg(bw)=0.0000 vol=1.5968 cent=1.2069 t=5.00 lr=9.00e-04
[E038] train tot=7.6348 seg(log)=1.1920 seg(bw)=0.0000 vol=1.6207 cent=1.2028 | val seg=1.4695 meanFGDice=0.4045 | best=0.4186 pat=1/100
[E039 i0000 EXP] tot=7.6574 seg(log)=0.9093 seg(bw)=0.0000 vol=1.6515 cent=1.2012 t=5.00 lr=9.00e-04
[E039 i0025 STD] tot=7.6049 seg(log)=1.4845 seg(bw)=0.0000 vol=1.5828 cent=1.2044 t=5.00 lr=9.00e-04
[E039 i0050 EXP] tot=7.6546 seg(log)=0.8864 seg(bw)=0.0000 vol=1.6549 cent=1.1999 t=5.00 lr=9.00e-04
[E039 i0075 STD] tot=7.6074 seg(log)=1.4401 seg(bw)=0.0000 vol=1.5884 cent=1.2038 t=5.00 lr=9.00e-04
[E039 i0100 EXP] tot=7.6649 seg(log)=0.9357 seg(bw)=0.0000 vol=1.6507 cent=1.2028 t=5.00 lr=9.00e-04
[E039 i0125 STD] tot=7.5922 seg(log)=1.3816 seg(bw)=0.0000 vol=1.5789 cent=1.2027 t=5.00 lr=9.00e-04
[E039 i0150 EXP] tot=7.6643 seg(log)=0.8932 seg(bw)=0.0000 vol=1.6534 cent=1.2022 t=5.00 lr=9.00e-04
[E039 i0175 STD] tot=7.5967 seg(log)=1.3868 seg(bw)=0.0000 vol=1.5848 cent=1.2024 t=5.00 lr=9.00e-04
[E039] train tot=7.6349 seg(log)=1.1652 seg(bw)=0.0000 vol=1.6213 cent=1.2027 | val seg=1.3898 meanFGDice=0.4163 | best=0.4186 pat=2/100
[E040 i0000 EXP] tot=7.6525 seg(log)=0.8887 seg(bw)=0.0000 vol=1.6522 cent=1.2001 t=5.00 lr=9.00e-04
[E040 i0025 STD] tot=7.6154 seg(log)=1.3174 seg(bw)=0.0000 vol=1.5989 cent=1.2033 t=5.00 lr=9.00e-04
[E040 i0050 EXP] tot=7.6465 seg(log)=0.9954 seg(bw)=0.0000 vol=1.6400 cent=1.2013 t=5.00 lr=9.00e-04
[E040 i0075 STD] tot=7.5965 seg(log)=1.3593 seg(bw)=0.0000 vol=1.5916 cent=1.2010 t=5.00 lr=9.00e-04
[E040 i0100 EXP] tot=7.6497 seg(log)=0.8994 seg(bw)=0.0000 vol=1.6508 cent=1.1998 t=5.00 lr=9.00e-04
[E040 i0125 STD] tot=7.6147 seg(log)=1.3479 seg(bw)=0.0000 vol=1.5991 cent=1.2031 t=5.00 lr=9.00e-04
[E040 i0150 EXP] tot=7.6570 seg(log)=0.9579 seg(bw)=0.0000 vol=1.6484 cent=1.2017 t=5.00 lr=9.00e-04
[E040 i0175 STD] tot=7.5972 seg(log)=1.3290 seg(bw)=0.0000 vol=1.5882 cent=1.2018 t=5.00 lr=9.00e-04
[E040] train tot=7.6335 seg(log)=1.1419 seg(bw)=0.0000 vol=1.6211 cent=1.2025 | val seg=1.3889 meanFGDice=0.4026 | best=0.4186 pat=3/100
[E041 i0000 EXP] tot=7.6646 seg(log)=0.8796 seg(bw)=0.0000 vol=1.6576 cent=1.2014 t=5.00 lr=9.00e-04
[E041 i0025 STD] tot=7.5992 seg(log)=1.4482 seg(bw)=0.0000 vol=1.5779 cent=1.2043 t=5.00 lr=9.00e-04
[E041 i0050 EXP] tot=7.6537 seg(log)=0.8946 seg(bw)=0.0000 vol=1.6556 cent=1.1996 t=5.00 lr=9.00e-04
[E041 i0075 STD] tot=7.5961 seg(log)=1.3448 seg(bw)=0.0000 vol=1.5909 cent=1.2010 t=5.00 lr=9.00e-04
[E041 i0100 EXP] tot=7.6470 seg(log)=0.9270 seg(bw)=0.0000 vol=1.6480 cent=1.1998 t=5.00 lr=9.00e-04
[E041 i0125 STD] tot=7.5974 seg(log)=1.4271 seg(bw)=0.0000 vol=1.5871 cent=1.2021 t=5.00 lr=9.00e-04
[E041 i0150 EXP] tot=7.6778 seg(log)=0.9958 seg(bw)=0.0000 vol=1.6470 cent=1.2062 t=5.00 lr=9.00e-04
[E041 i0175 STD] tot=7.6179 seg(log)=1.3304 seg(bw)=0.0000 vol=1.6090 cent=1.2018 t=5.00 lr=9.00e-04
[E041] train tot=7.6337 seg(log)=1.1682 seg(bw)=0.0000 vol=1.6210 cent=1.2026 | val seg=1.4294 meanFGDice=0.4185 | best=0.4186 pat=4/100
[E042 i0000 EXP] tot=7.6508 seg(log)=0.9880 seg(bw)=0.0000 vol=1.6461 cent=1.2009 t=5.00 lr=9.00e-04
[E042 i0025 STD] tot=7.6393 seg(log)=1.3713 seg(bw)=0.0000 vol=1.6087 cent=1.2061 t=5.00 lr=9.00e-04
[E042 i0050 EXP] tot=7.6607 seg(log)=0.8945 seg(bw)=0.0000 vol=1.6549 cent=1.2012 t=5.00 lr=9.00e-04
[E042 i0075 STD] tot=7.6036 seg(log)=1.4564 seg(bw)=0.0000 vol=1.5728 cent=1.2062 t=5.00 lr=9.00e-04
[E042 i0100 EXP] tot=7.6589 seg(log)=0.9329 seg(bw)=0.0000 vol=1.6496 cent=1.2019 t=5.00 lr=9.00e-04
[E042 i0125 STD] tot=7.6165 seg(log)=1.3230 seg(bw)=0.0000 vol=1.6056 cent=1.2022 t=5.00 lr=9.00e-04
[E042 i0150 EXP] tot=7.6574 seg(log)=0.9175 seg(bw)=0.0000 vol=1.6514 cent=1.2012 t=5.00 lr=9.00e-04
[E042 i0175 STD] tot=7.6226 seg(log)=1.2912 seg(bw)=0.0000 vol=1.6048 cent=1.2036 t=5.00 lr=9.00e-04
[E042] train tot=7.6324 seg(log)=1.1447 seg(bw)=0.0000 vol=1.6208 cent=1.2023 | val seg=1.3506 meanFGDice=0.4290 | best=0.4290 pat=0/100
[E043 i0000 EXP] tot=7.6629 seg(log)=0.8743 seg(bw)=0.0000 vol=1.6570 cent=1.2012 t=5.00 lr=9.00e-04
[E043 i0025 STD] tot=7.6044 seg(log)=1.3836 seg(bw)=0.0000 vol=1.5795 cent=1.2050 t=5.00 lr=9.00e-04
[E043 i0050 EXP] tot=7.6507 seg(log)=0.8911 seg(bw)=0.0000 vol=1.6541 cent=1.1993 t=5.00 lr=9.00e-04
[E043 i0075 STD] tot=7.6122 seg(log)=1.2656 seg(bw)=0.0000 vol=1.5975 cent=1.2030 t=5.00 lr=9.00e-04
[E043 i0100 EXP] tot=7.6560 seg(log)=0.9352 seg(bw)=0.0000 vol=1.6490 cent=1.2014 t=5.00 lr=9.00e-04
[E043 i0125 STD] tot=7.6023 seg(log)=1.3491 seg(bw)=0.0000 vol=1.5855 cent=1.2034 t=5.00 lr=9.00e-04
[E043 i0150 EXP] tot=7.6664 seg(log)=0.9045 seg(bw)=0.0000 vol=1.6512 cent=1.2030 t=5.00 lr=9.00e-04
[E043 i0175 STD] tot=7.6047 seg(log)=1.3509 seg(bw)=0.0000 vol=1.5893 cent=1.2031 t=5.00 lr=9.00e-04
[E043] train tot=7.6307 seg(log)=1.1145 seg(bw)=0.0000 vol=1.6210 cent=1.2019 | val seg=1.3938 meanFGDice=0.4256 | best=0.4290 pat=1/100
[E044 i0000 EXP] tot=7.6523 seg(log)=0.9094 seg(bw)=0.0000 vol=1.6522 cent=1.2000 t=5.00 lr=9.00e-04
[E044 i0025 STD] tot=7.6122 seg(log)=1.3560 seg(bw)=0.0000 vol=1.6014 cent=1.2022 t=5.00 lr=9.00e-04
[E044 i0050 EXP] tot=7.6588 seg(log)=0.8844 seg(bw)=0.0000 vol=1.6540 cent=1.2010 t=5.00 lr=9.00e-04
[E044 i0075 STD] tot=7.6135 seg(log)=1.1801 seg(bw)=0.0000 vol=1.6029 cent=1.2021 t=5.00 lr=9.00e-04
[E044 i0100 EXP] tot=7.6595 seg(log)=1.0343 seg(bw)=0.0000 vol=1.6457 cent=1.2028 t=5.00 lr=9.00e-04
[E044 i0125 STD] tot=7.6138 seg(log)=1.3220 seg(bw)=0.0000 vol=1.6149 cent=1.1998 t=5.00 lr=9.00e-04
[E044 i0150 EXP] tot=7.6650 seg(log)=0.9329 seg(bw)=0.0000 vol=1.6525 cent=1.2025 t=5.00 lr=9.00e-04
[E044 i0175 STD] tot=7.6079 seg(log)=1.3653 seg(bw)=0.0000 vol=1.5893 cent=1.2037 t=5.00 lr=9.00e-04
[E044] train tot=7.6328 seg(log)=1.1340 seg(bw)=0.0000 vol=1.6211 cent=1.2023 | val seg=1.4021 meanFGDice=0.4061 | best=0.4290 pat=2/100
[E045 i0000 EXP] tot=7.6488 seg(log)=0.9852 seg(bw)=0.0000 vol=1.6429 cent=1.2012 t=5.00 lr=9.00e-04
[E045 i0025 STD] tot=7.6234 seg(log)=1.3160 seg(bw)=0.0000 vol=1.6181 cent=1.2011 t=5.00 lr=9.00e-04
[E045 i0050 EXP] tot=7.6603 seg(log)=0.9668 seg(bw)=0.0000 vol=1.6532 cent=1.2014 t=5.00 lr=9.00e-04
[E045 i0075 STD] tot=7.6287 seg(log)=1.3922 seg(bw)=0.0000 vol=1.6064 cent=1.2045 t=5.00 lr=9.00e-04
[E045 i0100 EXP] tot=7.6535 seg(log)=0.9428 seg(bw)=0.0000 vol=1.6529 cent=1.2001 t=5.00 lr=9.00e-04
[E045 i0125 STD] tot=7.6081 seg(log)=1.3396 seg(bw)=0.0000 vol=1.5983 cent=1.2020 t=5.00 lr=9.00e-04
[E045 i0150 EXP] tot=7.6770 seg(log)=0.9151 seg(bw)=0.0000 vol=1.6542 cent=1.2046 t=5.00 lr=9.00e-04
[E045 i0175 STD] tot=7.6074 seg(log)=1.3982 seg(bw)=0.0000 vol=1.5957 cent=1.2023 t=5.00 lr=9.00e-04
[E045] train tot=7.6367 seg(log)=1.1692 seg(bw)=0.0000 vol=1.6215 cent=1.2030 | val seg=1.4489 meanFGDice=0.4200 | best=0.4290 pat=3/100
[E046 i0000 EXP] tot=7.6578 seg(log)=1.0517 seg(bw)=0.0000 vol=1.6398 cent=1.2036 t=5.00 lr=9.00e-04
[E046 i0025 STD] tot=7.6111 seg(log)=1.3345 seg(bw)=0.0000 vol=1.5969 cent=1.2028 t=5.00 lr=9.00e-04
[E046 i0050 EXP] tot=7.6731 seg(log)=0.9114 seg(bw)=0.0000 vol=1.6542 cent=1.2038 t=5.00 lr=9.00e-04
[E046 i0075 STD] tot=7.5785 seg(log)=1.4022 seg(bw)=0.0000 vol=1.5707 cent=1.2016 t=5.00 lr=9.00e-04
[E046 i0100 EXP] tot=7.6810 seg(log)=0.8785 seg(bw)=0.0000 vol=1.6572 cent=1.2048 t=5.00 lr=9.00e-04
[E046 i0125 STD] tot=7.6207 seg(log)=1.2841 seg(bw)=0.0000 vol=1.6053 cent=1.2031 t=5.00 lr=9.00e-04
[E046 i0150 EXP] tot=7.6610 seg(log)=0.9005 seg(bw)=0.0000 vol=1.6520 cent=1.2018 t=5.00 lr=9.00e-04
[E046 i0175 STD] tot=7.5863 seg(log)=1.3750 seg(bw)=0.0000 vol=1.5789 cent=1.2015 t=5.00 lr=9.00e-04
[E046] train tot=7.6312 seg(log)=1.1337 seg(bw)=0.0000 vol=1.6210 cent=1.2020 | val seg=1.3735 meanFGDice=0.4306 | best=0.4306 pat=0/100
[E047 i0000 EXP] tot=7.6652 seg(log)=0.8776 seg(bw)=0.0000 vol=1.6574 cent=1.2016 t=5.00 lr=9.00e-04
[E047 i0025 STD] tot=7.5864 seg(log)=1.3730 seg(bw)=0.0000 vol=1.5791 cent=1.2014 t=5.00 lr=9.00e-04
[E047 i0050 EXP] tot=7.6589 seg(log)=0.9085 seg(bw)=0.0000 vol=1.6511 cent=1.2016 t=5.00 lr=9.00e-04
[E047 i0075 STD] tot=7.6036 seg(log)=1.2613 seg(bw)=0.0000 vol=1.5959 cent=1.2015 t=5.00 lr=9.00e-04
[E047 i0100 EXP] tot=7.6548 seg(log)=0.9599 seg(bw)=0.0000 vol=1.6430 cent=1.2024 t=5.00 lr=9.00e-04
[E047 i0125 STD] tot=7.5947 seg(log)=1.2009 seg(bw)=0.0000 vol=1.5946 cent=1.2000 t=5.00 lr=9.00e-04
[E047 i0150 EXP] tot=7.6581 seg(log)=0.8986 seg(bw)=0.0000 vol=1.6545 cent=1.2007 t=5.00 lr=9.00e-04
[E047 i0175 STD] tot=7.6151 seg(log)=1.3299 seg(bw)=0.0000 vol=1.5911 cent=1.2048 t=5.00 lr=9.00e-04
[E047] train tot=7.6312 seg(log)=1.1168 seg(bw)=0.0000 vol=1.6211 cent=1.2020 | val seg=1.4104 meanFGDice=0.4350 | best=0.4350 pat=0/100
[E048 i0000 EXP] tot=7.6639 seg(log)=0.9152 seg(bw)=0.0000 vol=1.6515 cent=1.2025 t=5.00 lr=9.00e-04
[E048 i0025 STD] tot=7.5883 seg(log)=1.3644 seg(bw)=0.0000 vol=1.5702 cent=1.2036 t=5.00 lr=9.00e-04
[E048 i0050 EXP] tot=7.6349 seg(log)=1.0342 seg(bw)=0.0000 vol=1.6387 cent=1.1992 t=5.00 lr=9.00e-04
[E048 i0075 STD] tot=7.6126 seg(log)=1.2781 seg(bw)=0.0000 vol=1.6021 cent=1.2021 t=5.00 lr=9.00e-04
[E048 i0100 EXP] tot=7.6468 seg(log)=1.0083 seg(bw)=0.0000 vol=1.6403 cent=1.2013 t=5.00 lr=9.00e-04
[E048 i0125 STD] tot=7.5850 seg(log)=1.3736 seg(bw)=0.0000 vol=1.5731 cent=1.2024 t=5.00 lr=9.00e-04
[E048 i0150 EXP] tot=7.6493 seg(log)=1.0225 seg(bw)=0.0000 vol=1.6391 cent=1.2020 t=5.00 lr=9.00e-04
[E048 i0175 STD] tot=7.6092 seg(log)=1.3146 seg(bw)=0.0000 vol=1.6052 cent=1.2008 t=5.00 lr=9.00e-04
[E048] train tot=7.6328 seg(log)=1.1347 seg(bw)=0.0000 vol=1.6212 cent=1.2023 | val seg=1.3426 meanFGDice=0.4414 | best=0.4414 pat=0/100
[E049 i0000 EXP] tot=7.6568 seg(log)=0.8885 seg(bw)=0.0000 vol=1.6565 cent=1.2001 t=5.00 lr=9.00e-04
[E049 i0025 STD] tot=7.5976 seg(log)=1.3270 seg(bw)=0.0000 vol=1.5937 cent=1.2008 t=5.00 lr=9.00e-04
[E049 i0050 EXP] tot=7.6805 seg(log)=0.8849 seg(bw)=0.0000 vol=1.6571 cent=1.2047 t=5.00 lr=9.00e-04
[E049 i0075 STD] tot=7.6113 seg(log)=1.2653 seg(bw)=0.0000 vol=1.5918 cent=1.2039 t=5.00 lr=9.00e-04
[E049 i0100 EXP] tot=7.6563 seg(log)=0.8887 seg(bw)=0.0000 vol=1.6548 cent=1.2003 t=5.00 lr=9.00e-04
[E049 i0125 STD] tot=7.6119 seg(log)=1.2926 seg(bw)=0.0000 vol=1.6015 cent=1.2021 t=5.00 lr=9.00e-04
[E049 i0150 EXP] tot=7.6532 seg(log)=0.9560 seg(bw)=0.0000 vol=1.6447 cent=1.2017 t=5.00 lr=9.00e-04
[E049 i0175 STD] tot=7.5932 seg(log)=1.3243 seg(bw)=0.0000 vol=1.5932 cent=1.2000 t=5.00 lr=9.00e-04
[E049] train tot=7.6301 seg(log)=1.1021 seg(bw)=0.0000 vol=1.6211 cent=1.2018 | val seg=1.4005 meanFGDice=0.4248 | best=0.4414 pat=1/100
[E050 i0000 EXP] tot=7.6538 seg(log)=0.9095 seg(bw)=0.0000 vol=1.6515 cent=1.2005 t=5.00 lr=9.00e-04
[E050 i0025 STD] tot=7.5990 seg(log)=1.2247 seg(bw)=0.0000 vol=1.5950 cent=1.2008 t=5.00 lr=9.00e-04
[E050 i0050 EXP] tot=7.6613 seg(log)=0.8421 seg(bw)=0.0000 vol=1.6581 cent=1.2006 t=5.00 lr=9.00e-04
[E050 i0075 STD] tot=7.6075 seg(log)=1.2688 seg(bw)=0.0000 vol=1.5954 cent=1.2024 t=5.00 lr=9.00e-04
[E050 i0100 EXP] tot=7.6581 seg(log)=0.8906 seg(bw)=0.0000 vol=1.6511 cent=1.2014 t=5.00 lr=9.00e-04
[E050 i0125 STD] tot=7.5996 seg(log)=1.2283 seg(bw)=0.0000 vol=1.5922 cent=1.2015 t=5.00 lr=9.00e-04
[E050 i0150 EXP] tot=7.6607 seg(log)=0.8692 seg(bw)=0.0000 vol=1.6563 cent=1.2009 t=5.00 lr=9.00e-04
[E050 i0175 STD] tot=7.6150 seg(log)=1.2547 seg(bw)=0.0000 vol=1.6015 cent=1.2027 t=5.00 lr=9.00e-04
[E050] train tot=7.6297 seg(log)=1.0778 seg(bw)=0.0000 vol=1.6206 cent=1.2018 | val seg=1.3574 meanFGDice=0.4278 | best=0.4414 pat=2/100
[E051 i0000 EXP] tot=7.6577 seg(log)=0.9080 seg(bw)=0.0000 vol=1.6520 cent=1.2011 t=5.00 lr=9.00e-04
[E051 i0025 STD] tot=7.5822 seg(log)=1.3756 seg(bw)=0.0000 vol=1.5745 cent=1.2015 t=5.00 lr=9.00e-04
[E051 i0050 EXP] tot=7.6482 seg(log)=0.9094 seg(bw)=0.0000 vol=1.6504 cent=1.1996 t=5.00 lr=9.00e-04
[E051 i0075 STD] tot=7.6186 seg(log)=1.2971 seg(bw)=0.0000 vol=1.6018 cent=1.2034 t=5.00 lr=9.00e-04
[E051 i0100 EXP] tot=7.6489 seg(log)=0.9284 seg(bw)=0.0000 vol=1.6507 cent=1.1996 t=5.00 lr=9.00e-04
[E051 i0125 STD] tot=7.6159 seg(log)=1.3746 seg(bw)=0.0000 vol=1.5798 cent=1.2072 t=5.00 lr=9.00e-04
[E051 i0150 EXP] tot=7.6514 seg(log)=0.9061 seg(bw)=0.0000 vol=1.6421 cent=1.2019 t=5.00 lr=9.00e-04
[E051 i0175 STD] tot=7.6135 seg(log)=1.2486 seg(bw)=0.0000 vol=1.6090 cent=1.2009 t=5.00 lr=9.00e-04
[E051] train tot=7.6291 seg(log)=1.0958 seg(bw)=0.0000 vol=1.6204 cent=1.2017 | val seg=1.3760 meanFGDice=0.4239 | best=0.4414 pat=3/100
[E052 i0000 EXP] tot=7.6562 seg(log)=0.9133 seg(bw)=0.0000 vol=1.6519 cent=1.2009 t=5.00 lr=9.00e-04
[E052 i0025 STD] tot=7.6040 seg(log)=1.2407 seg(bw)=0.0000 vol=1.5985 cent=1.2011 t=5.00 lr=9.00e-04
[E052 i0050 EXP] tot=7.6660 seg(log)=0.8421 seg(bw)=0.0000 vol=1.6552 cent=1.2022 t=5.00 lr=9.00e-04
[E052 i0075 STD] tot=7.6227 seg(log)=1.2253 seg(bw)=0.0000 vol=1.6135 cent=1.2018 t=5.00 lr=9.00e-04
[E052 i0100 EXP] tot=7.6476 seg(log)=0.9180 seg(bw)=0.0000 vol=1.6472 cent=1.2001 t=5.00 lr=9.00e-04
[E052 i0125 STD] tot=7.6061 seg(log)=1.2758 seg(bw)=0.0000 vol=1.6037 cent=1.2005 t=5.00 lr=9.00e-04
[E052 i0150 EXP] tot=7.6414 seg(log)=0.9438 seg(bw)=0.0000 vol=1.6444 cent=1.1994 t=5.00 lr=9.00e-04
[E052 i0175 STD] tot=7.6276 seg(log)=1.1994 seg(bw)=0.0000 vol=1.6139 cent=1.2027 t=5.00 lr=9.00e-04
[E052] train tot=7.6294 seg(log)=1.0969 seg(bw)=0.0000 vol=1.6214 cent=1.2016 | val seg=1.3109 meanFGDice=0.4526 | best=0.4526 pat=0/100
[E053 i0000 EXP] tot=7.6492 seg(log)=0.8913 seg(bw)=0.0000 vol=1.6497 cent=1.1999 t=5.00 lr=9.00e-04
[E053 i0025 STD] tot=7.5951 seg(log)=1.3233 seg(bw)=0.0000 vol=1.5784 cent=1.2033 t=5.00 lr=9.00e-04
[E053 i0050 EXP] tot=7.6495 seg(log)=0.9265 seg(bw)=0.0000 vol=1.6463 cent=1.2006 t=5.00 lr=9.00e-04
[E053 i0075 STD] tot=7.6270 seg(log)=1.3137 seg(bw)=0.0000 vol=1.6026 cent=1.2049 t=5.00 lr=9.00e-04
[E053 i0100 EXP] tot=7.6520 seg(log)=0.8534 seg(bw)=0.0000 vol=1.6549 cent=1.1994 t=5.00 lr=9.00e-04
[E053 i0125 STD] tot=7.5873 seg(log)=1.2977 seg(bw)=0.0000 vol=1.5686 cent=1.2037 t=5.00 lr=9.00e-04
[E053 i0150 EXP] tot=7.6577 seg(log)=0.8675 seg(bw)=0.0000 vol=1.6576 cent=1.2000 t=5.00 lr=9.00e-04
[E053 i0175 STD] tot=7.5889 seg(log)=1.3614 seg(bw)=0.0000 vol=1.5816 cent=1.2015 t=5.00 lr=9.00e-04
[E053] train tot=7.6307 seg(log)=1.0947 seg(bw)=0.0000 vol=1.6207 cent=1.2020 | val seg=1.3494 meanFGDice=0.4291 | best=0.4526 pat=1/100
[E054 i0000 EXP] tot=7.6652 seg(log)=0.9728 seg(bw)=0.0000 vol=1.6482 cent=1.2034 t=5.00 lr=9.00e-04
[E054 i0025 STD] tot=7.5825 seg(log)=1.3163 seg(bw)=0.0000 vol=1.5670 cent=1.2031 t=5.00 lr=9.00e-04
[E054 i0050 EXP] tot=7.6639 seg(log)=0.9033 seg(bw)=0.0000 vol=1.6562 cent=1.2015 t=5.00 lr=9.00e-04
[E054 i0075 STD] tot=7.6133 seg(log)=1.3135 seg(bw)=0.0000 vol=1.6049 cent=1.2017 t=5.00 lr=9.00e-04
[E054 i0100 EXP] tot=7.6403 seg(log)=0.9556 seg(bw)=0.0000 vol=1.6431 cent=1.1994 t=5.00 lr=9.00e-04
[E054 i0125 STD] tot=7.6045 seg(log)=1.3877 seg(bw)=0.0000 vol=1.5932 cent=1.2023 t=5.00 lr=9.00e-04
[E054 i0150 EXP] tot=7.6604 seg(log)=0.9438 seg(bw)=0.0000 vol=1.6495 cent=1.2022 t=5.00 lr=9.00e-04
[E054 i0175 STD] tot=7.5881 seg(log)=1.2687 seg(bw)=0.0000 vol=1.5859 cent=1.2005 t=5.00 lr=9.00e-04
[E054] train tot=7.6313 seg(log)=1.1141 seg(bw)=0.0000 vol=1.6210 cent=1.2021 | val seg=1.3325 meanFGDice=0.4313 | best=0.4526 pat=2/100
[E055 i0000 EXP] tot=7.6635 seg(log)=0.8929 seg(bw)=0.0000 vol=1.6527 cent=1.2022 t=5.00 lr=9.00e-04
[E055 i0025 STD] tot=7.6035 seg(log)=1.3329 seg(bw)=0.0000 vol=1.5845 cent=1.2038 t=5.00 lr=9.00e-04
[E055 i0050 EXP] tot=7.6577 seg(log)=0.8430 seg(bw)=0.0000 vol=1.6581 cent=1.1999 t=5.00 lr=9.00e-04
[E055 i0075 STD] tot=7.6208 seg(log)=1.3650 seg(bw)=0.0000 vol=1.5913 cent=1.2059 t=5.00 lr=9.00e-04
[E055 i0100 EXP] tot=7.6591 seg(log)=0.8753 seg(bw)=0.0000 vol=1.6512 cent=1.2016 t=5.00 lr=9.00e-04
[E055 i0125 STD] tot=7.5739 seg(log)=1.2792 seg(bw)=0.0000 vol=1.5649 cent=1.2018 t=5.00 lr=9.00e-04
[E055 i0150 EXP] tot=7.6630 seg(log)=0.8474 seg(bw)=0.0000 vol=1.6608 cent=1.2005 t=5.00 lr=9.00e-04
[E055 i0175 STD] tot=7.5927 seg(log)=1.3082 seg(bw)=0.0000 vol=1.5864 cent=1.2013 t=5.00 lr=9.00e-04
[E055] train tot=7.6289 seg(log)=1.0931 seg(bw)=0.0000 vol=1.6206 cent=1.2016 | val seg=1.2906 meanFGDice=0.4409 | best=0.4526 pat=3/100
[E056 i0000 EXP] tot=7.6584 seg(log)=0.9061 seg(bw)=0.0000 vol=1.6502 cent=1.2016 t=5.00 lr=9.00e-04
[E056 i0025 STD] tot=7.5789 seg(log)=1.2586 seg(bw)=0.0000 vol=1.5740 cent=1.2010 t=5.00 lr=9.00e-04
[E056 i0050 EXP] tot=7.6608 seg(log)=0.8783 seg(bw)=0.0000 vol=1.6553 cent=1.2011 t=5.00 lr=9.00e-04
[E056 i0075 STD] tot=7.5909 seg(log)=1.1755 seg(bw)=0.0000 vol=1.5898 cent=1.2002 t=5.00 lr=9.00e-04
[E056 i0100 EXP] tot=7.6575 seg(log)=0.9002 seg(bw)=0.0000 vol=1.6526 cent=1.2010 t=5.00 lr=9.00e-04
[E056 i0125 STD] tot=7.5977 seg(log)=1.2108 seg(bw)=0.0000 vol=1.5962 cent=1.2003 t=5.00 lr=9.00e-04
[E056 i0150 EXP] tot=7.6578 seg(log)=0.9655 seg(bw)=0.0000 vol=1.6501 cent=1.2016 t=5.00 lr=9.00e-04
[E056 i0175 STD] tot=7.6049 seg(log)=1.2838 seg(bw)=0.0000 vol=1.5910 cent=1.2028 t=5.00 lr=9.00e-04
[E056] train tot=7.6282 seg(log)=1.0794 seg(bw)=0.0000 vol=1.6208 cent=1.2015 | val seg=1.3288 meanFGDice=0.4416 | best=0.4526 pat=4/100
[E057 i0000 EXP] tot=7.6525 seg(log)=0.8687 seg(bw)=0.0000 vol=1.6533 cent=1.1998 t=5.00 lr=9.00e-04
[E057 i0025 STD] tot=7.6156 seg(log)=1.2240 seg(bw)=0.0000 vol=1.6007 cent=1.2030 t=5.00 lr=9.00e-04
[E057 i0050 EXP] tot=7.6662 seg(log)=0.8529 seg(bw)=0.0000 vol=1.6612 cent=1.2010 t=5.00 lr=9.00e-04
[E057 i0075 STD] tot=7.6084 seg(log)=1.2955 seg(bw)=0.0000 vol=1.5884 cent=1.2040 t=5.00 lr=9.00e-04
[E057 i0100 EXP] tot=7.6517 seg(log)=0.9292 seg(bw)=0.0000 vol=1.6402 cent=1.2023 t=5.00 lr=9.00e-04
[E057 i0125 STD] tot=7.6125 seg(log)=1.2156 seg(bw)=0.0000 vol=1.6036 cent=1.2018 t=5.00 lr=9.00e-04
[E057 i0150 EXP] tot=7.6552 seg(log)=0.8655 seg(bw)=0.0000 vol=1.6488 cent=1.2013 t=5.00 lr=9.00e-04
[E057 i0175 STD] tot=7.5840 seg(log)=1.2331 seg(bw)=0.0000 vol=1.5797 cent=1.2009 t=5.00 lr=9.00e-04
[E057] train tot=7.6292 seg(log)=1.0647 seg(bw)=0.0000 vol=1.6209 cent=1.2017 | val seg=1.2790 meanFGDice=0.4534 | best=0.4534 pat=0/100
[E058 i0000 EXP] tot=7.6496 seg(log)=0.8643 seg(bw)=0.0000 vol=1.6527 cent=1.1994 t=5.00 lr=9.00e-04
[E058 i0025 STD] tot=7.5955 seg(log)=1.1984 seg(bw)=0.0000 vol=1.5802 cent=1.2031 t=5.00 lr=9.00e-04
[E058 i0050 EXP] tot=7.6636 seg(log)=0.8321 seg(bw)=0.0000 vol=1.6558 cent=1.2015 t=5.00 lr=9.00e-04
[E058 i0075 STD] tot=7.6039 seg(log)=1.2406 seg(bw)=0.0000 vol=1.5901 cent=1.2028 t=5.00 lr=9.00e-04
[E058 i0100 EXP] tot=7.6534 seg(log)=0.8995 seg(bw)=0.0000 vol=1.6477 cent=1.2011 t=5.00 lr=9.00e-04
[E058 i0125 STD] tot=7.6039 seg(log)=1.2428 seg(bw)=0.0000 vol=1.5956 cent=1.2017 t=5.00 lr=9.00e-04
[E058 i0150 EXP] tot=7.6592 seg(log)=0.8332 seg(bw)=0.0000 vol=1.6586 cent=1.2001 t=5.00 lr=9.00e-04
[E058 i0175 STD] tot=7.5895 seg(log)=1.1954 seg(bw)=0.0000 vol=1.5835 cent=1.2012 t=5.00 lr=9.00e-04
[E058] train tot=7.6276 seg(log)=1.0536 seg(bw)=0.0000 vol=1.6206 cent=1.2014 | val seg=1.2750 meanFGDice=0.4425 | best=0.4534 pat=1/100
[E059 i0000 EXP] tot=7.6616 seg(log)=0.8946 seg(bw)=0.0000 vol=1.6506 cent=1.2022 t=5.00 lr=9.00e-04
[E059 i0025 STD] tot=7.6136 seg(log)=1.2423 seg(bw)=0.0000 vol=1.6104 cent=1.2007 t=5.00 lr=9.00e-04
[E059 i0050 EXP] tot=7.6549 seg(log)=0.8426 seg(bw)=0.0000 vol=1.6532 cent=1.2003 t=5.00 lr=9.00e-04
[E059 i0075 STD] tot=7.5906 seg(log)=1.2211 seg(bw)=0.0000 vol=1.5729 cent=1.2035 t=5.00 lr=9.00e-04
[E059 i0100 EXP] tot=7.6503 seg(log)=0.8434 seg(bw)=0.0000 vol=1.6524 cent=1.1996 t=5.00 lr=9.00e-04
[E059 i0125 STD] tot=7.6035 seg(log)=1.3223 seg(bw)=0.0000 vol=1.5956 cent=1.2016 t=5.00 lr=9.00e-04
[E059 i0150 EXP] tot=7.6555 seg(log)=0.9143 seg(bw)=0.0000 vol=1.6487 cent=1.2014 t=5.00 lr=9.00e-04
[E059 i0175 STD] tot=7.6136 seg(log)=1.1466 seg(bw)=0.0000 vol=1.6109 cent=1.2006 t=5.00 lr=9.00e-04
[E059] train tot=7.6293 seg(log)=1.0567 seg(bw)=0.0000 vol=1.6209 cent=1.2017 | val seg=1.2343 meanFGDice=0.4537 | best=0.4537 pat=0/100
[E060 i0000 EXP] tot=7.6636 seg(log)=0.8638 seg(bw)=0.0000 vol=1.6505 cent=1.2026 t=5.00 lr=9.00e-04
[E060 i0025 STD] tot=7.5913 seg(log)=1.2308 seg(bw)=0.0000 vol=1.5758 cent=1.2031 t=5.00 lr=9.00e-04
[E060 i0050 EXP] tot=7.6553 seg(log)=0.9047 seg(bw)=0.0000 vol=1.6454 cent=1.2020 t=5.00 lr=9.00e-04
[E060 i0075 STD] tot=7.6278 seg(log)=1.2241 seg(bw)=0.0000 vol=1.5981 cent=1.2060 t=5.00 lr=9.00e-04
[E060 i0100 EXP] tot=7.6679 seg(log)=0.9733 seg(bw)=0.0000 vol=1.6472 cent=1.2041 t=5.00 lr=9.00e-04
[E060 i0125 STD] tot=7.6098 seg(log)=1.2238 seg(bw)=0.0000 vol=1.5941 cent=1.2031 t=5.00 lr=9.00e-04
[E060 i0150 EXP] tot=7.6586 seg(log)=0.8783 seg(bw)=0.0000 vol=1.6515 cent=1.2014 t=5.00 lr=9.00e-04
[E060 i0175 STD] tot=7.5910 seg(log)=1.2768 seg(bw)=0.0000 vol=1.5814 cent=1.2019 t=5.00 lr=9.00e-04
[E060] train tot=7.6300 seg(log)=1.0666 seg(bw)=0.0000 vol=1.6210 cent=1.2018 | val seg=1.2877 meanFGDice=0.4408 | best=0.4537 pat=1/100
[E061 i0000 EXP] tot=7.6606 seg(log)=0.9158 seg(bw)=0.0000 vol=1.6522 cent=1.2017 t=5.00 lr=9.00e-04
[E061 i0025 STD] tot=7.6028 seg(log)=1.2553 seg(bw)=0.0000 vol=1.5815 cent=1.2043 t=5.00 lr=9.00e-04
[E061 i0050 EXP] tot=7.6502 seg(log)=0.8853 seg(bw)=0.0000 vol=1.6504 cent=1.2000 t=5.00 lr=9.00e-04
[E061 i0075 STD] tot=7.6211 seg(log)=1.2312 seg(bw)=0.0000 vol=1.6060 cent=1.2030 t=5.00 lr=9.00e-04
[E061 i0100 EXP] tot=7.6656 seg(log)=0.8489 seg(bw)=0.0000 vol=1.6522 cent=1.2027 t=5.00 lr=9.00e-04
[E061 i0125 STD] tot=7.6137 seg(log)=1.1834 seg(bw)=0.0000 vol=1.5965 cent=1.2034 t=5.00 lr=9.00e-04
[E061 i0150 EXP] tot=7.6483 seg(log)=0.9024 seg(bw)=0.0000 vol=1.6494 cent=1.1998 t=5.00 lr=9.00e-04
[E061 i0175 STD] tot=7.6064 seg(log)=1.1668 seg(bw)=0.0000 vol=1.5929 cent=1.2027 t=5.00 lr=9.00e-04
[E061] train tot=7.6278 seg(log)=1.0552 seg(bw)=0.0000 vol=1.6207 cent=1.2014 | val seg=1.2079 meanFGDice=0.4547 | best=0.4547 pat=0/100
[E062 i0000 EXP] tot=7.6524 seg(log)=0.8484 seg(bw)=0.0000 vol=1.6539 cent=1.1997 t=5.00 lr=9.00e-04
[E062 i0025 STD] tot=7.5731 seg(log)=1.2203 seg(bw)=0.0000 vol=1.5705 cent=1.2005 t=5.00 lr=9.00e-04
[E062 i0050 EXP] tot=7.6496 seg(log)=0.8984 seg(bw)=0.0000 vol=1.6490 cent=1.2001 t=5.00 lr=9.00e-04
[E062 i0075 STD] tot=7.6189 seg(log)=1.1910 seg(bw)=0.0000 vol=1.6133 cent=1.2011 t=5.00 lr=9.00e-04
[E062 i0100 EXP] tot=7.6477 seg(log)=0.9450 seg(bw)=0.0000 vol=1.6406 cent=1.2014 t=5.00 lr=9.00e-04
[E062 i0125 STD] tot=7.5815 seg(log)=1.2832 seg(bw)=0.0000 vol=1.5807 cent=1.2002 t=5.00 lr=9.00e-04
[E062 i0150 EXP] tot=7.6493 seg(log)=0.9256 seg(bw)=0.0000 vol=1.6429 cent=1.2013 t=5.00 lr=9.00e-04
[E062 i0175 STD] tot=7.5983 seg(log)=1.1874 seg(bw)=0.0000 vol=1.5781 cent=1.2040 t=5.00 lr=9.00e-04
[E062] train tot=7.6266 seg(log)=1.0499 seg(bw)=0.0000 vol=1.6210 cent=1.2011 | val seg=1.2292 meanFGDice=0.4638 | best=0.4638 pat=0/100
[E063 i0000 EXP] tot=7.6469 seg(log)=0.9032 seg(bw)=0.0000 vol=1.6479 cent=1.1998 t=5.00 lr=9.00e-04
[E063 i0025 STD] tot=7.5988 seg(log)=1.1785 seg(bw)=0.0000 vol=1.5901 cent=1.2017 t=5.00 lr=9.00e-04
[E063 i0050 EXP] tot=7.6602 seg(log)=0.8917 seg(bw)=0.0000 vol=1.6472 cent=1.2026 t=5.00 lr=9.00e-04
[E063 i0075 STD] tot=7.5687 seg(log)=1.2086 seg(bw)=0.0000 vol=1.5652 cent=1.2007 t=5.00 lr=9.00e-04
[E063 i0100 EXP] tot=7.6556 seg(log)=0.8621 seg(bw)=0.0000 vol=1.6544 cent=1.2002 t=5.00 lr=9.00e-04
[E063 i0125 STD] tot=7.6125 seg(log)=1.1842 seg(bw)=0.0000 vol=1.5862 cent=1.2053 t=5.00 lr=9.00e-04
[E063 i0150 EXP] tot=7.6835 seg(log)=0.8439 seg(bw)=0.0000 vol=1.6556 cent=1.2056 t=5.00 lr=9.00e-04
[E063 i0175 STD] tot=7.5932 seg(log)=1.1744 seg(bw)=0.0000 vol=1.5834 cent=1.2019 t=5.00 lr=9.00e-04
[E063] train tot=7.6266 seg(log)=1.0370 seg(bw)=0.0000 vol=1.6202 cent=1.2013 | val seg=1.2017 meanFGDice=0.4593 | best=0.4638 pat=1/100
[E064 i0000 EXP] tot=7.6562 seg(log)=0.8400 seg(bw)=0.0000 vol=1.6491 cent=1.2014 t=5.00 lr=9.00e-04
[E064 i0025 STD] tot=7.6286 seg(log)=1.1470 seg(bw)=0.0000 vol=1.6015 cent=1.2054 t=5.00 lr=9.00e-04
[E064 i0050 EXP] tot=7.6493 seg(log)=0.8667 seg(bw)=0.0000 vol=1.6453 cent=1.2008 t=5.00 lr=9.00e-04
[E064 i0075 STD] tot=7.5958 seg(log)=1.1703 seg(bw)=0.0000 vol=1.5827 cent=1.2026 t=5.00 lr=9.00e-04
[E064 i0100 EXP] tot=7.6647 seg(log)=0.8771 seg(bw)=0.0000 vol=1.6449 cent=1.2039 t=5.00 lr=9.00e-04
[E064 i0125 STD] tot=7.5871 seg(log)=1.1567 seg(bw)=0.0000 vol=1.5899 cent=1.1994 t=5.00 lr=9.00e-04
[E064 i0150 EXP] tot=7.6523 seg(log)=0.8536 seg(bw)=0.0000 vol=1.6465 cent=1.2012 t=5.00 lr=9.00e-04
[E064 i0175 STD] tot=7.5964 seg(log)=1.1103 seg(bw)=0.0000 vol=1.5983 cent=1.1996 t=5.00 lr=9.00e-04
[E064] train tot=7.6262 seg(log)=0.9955 seg(bw)=0.0000 vol=1.6205 cent=1.2011 | val seg=1.1756 meanFGDice=0.4617 | best=0.4638 pat=2/100
[E065 i0000 EXP] tot=7.6485 seg(log)=0.8935 seg(bw)=0.0000 vol=1.6456 cent=1.2006 t=5.00 lr=9.00e-04
[E065 i0025 STD] tot=7.5941 seg(log)=1.2087 seg(bw)=0.0000 vol=1.5910 cent=1.2006 t=5.00 lr=9.00e-04
[E065 i0050 EXP] tot=7.6646 seg(log)=0.9266 seg(bw)=0.0000 vol=1.6459 cent=1.2037 t=5.00 lr=9.00e-04
[E065 i0075 STD] tot=7.6005 seg(log)=1.1021 seg(bw)=0.0000 vol=1.5930 cent=1.2015 t=5.00 lr=9.00e-04
[E065 i0100 EXP] tot=7.6636 seg(log)=0.8172 seg(bw)=0.0000 vol=1.6578 cent=1.2012 t=5.00 lr=9.00e-04
[E065 i0125 STD] tot=7.6190 seg(log)=1.1070 seg(bw)=0.0000 vol=1.6061 cent=1.2026 t=5.00 lr=9.00e-04
[E065 i0150 EXP] tot=7.6473 seg(log)=0.8813 seg(bw)=0.0000 vol=1.6478 cent=1.1999 t=5.00 lr=9.00e-04
[E065 i0175 STD] tot=7.6108 seg(log)=1.1183 seg(bw)=0.0000 vol=1.6080 cent=1.2006 t=5.00 lr=9.00e-04
[E065] train tot=7.6267 seg(log)=1.0194 seg(bw)=0.0000 vol=1.6211 cent=1.2011 | val seg=1.2016 meanFGDice=0.4624 | best=0.4638 pat=3/100
[E066 i0000 EXP] tot=7.6519 seg(log)=0.8671 seg(bw)=0.0000 vol=1.6509 cent=1.2002 t=5.00 lr=9.00e-04
[E066 i0025 STD] tot=7.6160 seg(log)=1.1422 seg(bw)=0.0000 vol=1.6120 cent=1.2008 t=5.00 lr=9.00e-04
[E066 i0050 EXP] tot=7.6452 seg(log)=0.8889 seg(bw)=0.0000 vol=1.6471 cent=1.1996 t=5.00 lr=9.00e-04
[E066 i0075 STD] tot=7.6189 seg(log)=1.1456 seg(bw)=0.0000 vol=1.6048 cent=1.2028 t=5.00 lr=9.00e-04
[E066 i0100 EXP] tot=7.6537 seg(log)=0.8663 seg(bw)=0.0000 vol=1.6495 cent=1.2008 t=5.00 lr=9.00e-04
[E066 i0125 STD] tot=7.6099 seg(log)=1.2019 seg(bw)=0.0000 vol=1.5914 cent=1.2037 t=5.00 lr=9.00e-04
[E066 i0150 EXP] tot=7.6376 seg(log)=0.9639 seg(bw)=0.0000 vol=1.6357 cent=1.2004 t=5.00 lr=9.00e-04
[E066 i0175 STD] tot=7.6112 seg(log)=1.1499 seg(bw)=0.0000 vol=1.6040 cent=1.2014 t=5.00 lr=9.00e-04
[E066] train tot=7.6258 seg(log)=1.0176 seg(bw)=0.0000 vol=1.6208 cent=1.2010 | val seg=1.1892 meanFGDice=0.4654 | best=0.4654 pat=0/100
[E067 i0000 EXP] tot=7.6616 seg(log)=0.8431 seg(bw)=0.0000 vol=1.6560 cent=1.2011 t=5.00 lr=9.00e-04
[E067 i0025 STD] tot=7.5968 seg(log)=1.1506 seg(bw)=0.0000 vol=1.5921 cent=1.2009 t=5.00 lr=9.00e-04
[E067 i0050 EXP] tot=7.6518 seg(log)=0.8803 seg(bw)=0.0000 vol=1.6458 cent=1.2012 t=5.00 lr=9.00e-04
[E067 i0075 STD] tot=7.5863 seg(log)=1.2921 seg(bw)=0.0000 vol=1.5692 cent=1.2034 t=5.00 lr=9.00e-04
[E067 i0100 EXP] tot=7.6586 seg(log)=0.8560 seg(bw)=0.0000 vol=1.6505 cent=1.2016 t=5.00 lr=9.00e-04
[E067 i0125 STD] tot=7.5767 seg(log)=1.2287 seg(bw)=0.0000 vol=1.5703 cent=1.2013 t=5.00 lr=9.00e-04
[E067 i0150 EXP] tot=7.6418 seg(log)=0.8788 seg(bw)=0.0000 vol=1.6442 cent=1.1995 t=5.00 lr=9.00e-04
[E067 i0175 STD] tot=7.6109 seg(log)=1.1275 seg(bw)=0.0000 vol=1.6085 cent=1.2005 t=5.00 lr=9.00e-04
[E067] train tot=7.6259 seg(log)=1.0136 seg(bw)=0.0000 vol=1.6207 cent=1.2010 | val seg=1.2248 meanFGDice=0.4609 | best=0.4654 pat=1/100
[E068 i0000 EXP] tot=7.6525 seg(log)=0.8500 seg(bw)=0.0000 vol=1.6525 cent=1.2000 t=5.00 lr=9.00e-04
[E068 i0025 STD] tot=7.6000 seg(log)=1.2262 seg(bw)=0.0000 vol=1.6029 cent=1.1994 t=5.00 lr=9.00e-04
[E068 i0050 EXP] tot=7.6488 seg(log)=0.8749 seg(bw)=0.0000 vol=1.6480 cent=1.2002 t=5.00 lr=9.00e-04
[E068 i0075 STD] tot=7.5834 seg(log)=1.2544 seg(bw)=0.0000 vol=1.5781 cent=1.2010 t=5.00 lr=9.00e-04
[E068 i0100 EXP] tot=7.6492 seg(log)=0.8583 seg(bw)=0.0000 vol=1.6497 cent=1.1999 t=5.00 lr=9.00e-04
[E068 i0125 STD] tot=7.6106 seg(log)=1.1759 seg(bw)=0.0000 vol=1.6045 cent=1.2012 t=5.00 lr=9.00e-04
[E068 i0150 EXP] tot=7.6476 seg(log)=0.9193 seg(bw)=0.0000 vol=1.6456 cent=1.2004 t=5.00 lr=9.00e-04
[E068 i0175 STD] tot=7.5794 seg(log)=1.2004 seg(bw)=0.0000 vol=1.5750 cent=1.2009 t=5.00 lr=9.00e-04
[E068] train tot=7.6251 seg(log)=1.0327 seg(bw)=0.0000 vol=1.6201 cent=1.2010 | val seg=1.1880 meanFGDice=0.4618 | best=0.4654 pat=2/100
[E069 i0000 EXP] tot=7.6595 seg(log)=0.8419 seg(bw)=0.0000 vol=1.6530 cent=1.2013 t=5.00 lr=9.00e-04
[E069 i0025 STD] tot=7.5978 seg(log)=1.1547 seg(bw)=0.0000 vol=1.5951 cent=1.2005 t=5.00 lr=9.00e-04
[E069 i0050 EXP] tot=7.6588 seg(log)=0.8948 seg(bw)=0.0000 vol=1.6425 cent=1.2032 t=5.00 lr=9.00e-04
[E069 i0075 STD] tot=7.5832 seg(log)=1.1495 seg(bw)=0.0000 vol=1.5783 cent=1.2010 t=5.00 lr=9.00e-04
[E069 i0100 EXP] tot=7.6384 seg(log)=0.9064 seg(bw)=0.0000 vol=1.6414 cent=1.1994 t=5.00 lr=9.00e-04
[E069 i0125 STD] tot=7.5900 seg(log)=1.1709 seg(bw)=0.0000 vol=1.5874 cent=1.2005 t=5.00 lr=9.00e-04
[E069 i0150 EXP] tot=7.6471 seg(log)=0.8532 seg(bw)=0.0000 vol=1.6487 cent=1.1997 t=5.00 lr=9.00e-04
[E069 i0175 STD] tot=7.5938 seg(log)=1.1403 seg(bw)=0.0000 vol=1.5824 cent=1.2023 t=5.00 lr=9.00e-04
[E069] train tot=7.6242 seg(log)=0.9981 seg(bw)=0.0000 vol=1.6204 cent=1.2007 | val seg=1.1766 meanFGDice=0.4653 | best=0.4654 pat=3/100
[E070 i0000 EXP] tot=7.6540 seg(log)=0.8317 seg(bw)=0.0000 vol=1.6509 cent=1.2006 t=5.00 lr=9.00e-04
[E070 i0025 STD] tot=7.6083 seg(log)=1.1993 seg(bw)=0.0000 vol=1.5945 cent=1.2028 t=5.00 lr=9.00e-04
[E070 i0050 EXP] tot=7.6503 seg(log)=0.8291 seg(bw)=0.0000 vol=1.6501 cent=1.2001 t=5.00 lr=9.00e-04
[E070 i0075 STD] tot=7.5882 seg(log)=1.1980 seg(bw)=0.0000 vol=1.5810 cent=1.2014 t=5.00 lr=9.00e-04
[E070 i0100 EXP] tot=7.6441 seg(log)=0.8877 seg(bw)=0.0000 vol=1.6417 cent=1.2005 t=5.00 lr=9.00e-04
[E070 i0125 STD] tot=7.6035 seg(log)=1.1463 seg(bw)=0.0000 vol=1.6004 cent=1.2006 t=5.00 lr=9.00e-04
[E070 i0150 EXP] tot=7.6567 seg(log)=0.8231 seg(bw)=0.0000 vol=1.6504 cent=1.2012 t=5.00 lr=9.00e-04
[E070 i0175 STD] tot=7.5895 seg(log)=1.1578 seg(bw)=0.0000 vol=1.5772 cent=1.2025 t=5.00 lr=9.00e-04
[E070] train tot=7.6245 seg(log)=0.9966 seg(bw)=0.0000 vol=1.6204 cent=1.2008 | val seg=1.1755 meanFGDice=0.4807 | best=0.4807 pat=0/100
[E071 i0000 EXP] tot=7.6539 seg(log)=0.7842 seg(bw)=0.0000 vol=1.6507 cent=1.2007 t=5.00 lr=9.00e-04
[E071 i0025 STD] tot=7.6247 seg(log)=1.1404 seg(bw)=0.0000 vol=1.6122 cent=1.2025 t=5.00 lr=9.00e-04
[E071 i0050 EXP] tot=7.6507 seg(log)=0.8534 seg(bw)=0.0000 vol=1.6521 cent=1.1997 t=5.00 lr=9.00e-04
[E071 i0075 STD] tot=7.5958 seg(log)=1.2279 seg(bw)=0.0000 vol=1.5920 cent=1.2008 t=5.00 lr=9.00e-04
[E071 i0100 EXP] tot=7.6600 seg(log)=0.8199 seg(bw)=0.0000 vol=1.6582 cent=1.2004 t=5.00 lr=9.00e-04
[E071 i0125 STD] tot=7.5939 seg(log)=1.1981 seg(bw)=0.0000 vol=1.5911 cent=1.2006 t=5.00 lr=9.00e-04
[E071 i0150 EXP] tot=7.6587 seg(log)=0.8423 seg(bw)=0.0000 vol=1.6530 cent=1.2012 t=5.00 lr=9.00e-04
[E071 i0175 STD] tot=7.6077 seg(log)=1.1131 seg(bw)=0.0000 vol=1.6084 cent=1.1999 t=5.00 lr=9.00e-04
[E071] train tot=7.6243 seg(log)=1.0193 seg(bw)=0.0000 vol=1.6211 cent=1.2006 | val seg=1.2299 meanFGDice=0.4573 | best=0.4807 pat=1/100
[E072 i0000 EXP] tot=7.6582 seg(log)=0.8240 seg(bw)=0.0000 vol=1.6527 cent=1.2011 t=5.00 lr=9.00e-04
[E072 i0025 STD] tot=7.5911 seg(log)=1.1636 seg(bw)=0.0000 vol=1.5926 cent=1.1997 t=5.00 lr=9.00e-04
[E072 i0050 EXP] tot=7.6476 seg(log)=0.8947 seg(bw)=0.0000 vol=1.6422 cent=1.2011 t=5.00 lr=9.00e-04
[E072 i0075 STD] tot=7.5844 seg(log)=1.1324 seg(bw)=0.0000 vol=1.5847 cent=1.1999 t=5.00 lr=9.00e-04
[E072 i0100 EXP] tot=7.6565 seg(log)=0.8337 seg(bw)=0.0000 vol=1.6556 cent=1.2002 t=5.00 lr=9.00e-04
[E072 i0125 STD] tot=7.5917 seg(log)=1.1110 seg(bw)=0.0000 vol=1.5852 cent=1.2013 t=5.00 lr=9.00e-04
[E072 i0150 EXP] tot=7.6469 seg(log)=0.8200 seg(bw)=0.0000 vol=1.6477 cent=1.1998 t=5.00 lr=9.00e-04
[E072 i0175 STD] tot=7.6116 seg(log)=1.1213 seg(bw)=0.0000 vol=1.6046 cent=1.2014 t=5.00 lr=9.00e-04
[E072] train tot=7.6237 seg(log)=0.9897 seg(bw)=0.0000 vol=1.6206 cent=1.2006 | val seg=1.1676 meanFGDice=0.4732 | best=0.4807 pat=2/100
[E073 i0000 EXP] tot=7.6465 seg(log)=0.8336 seg(bw)=0.0000 vol=1.6456 cent=1.2002 t=5.00 lr=9.00e-04
[E073 i0025 STD] tot=7.6154 seg(log)=1.0982 seg(bw)=0.0000 vol=1.6040 cent=1.2023 t=5.00 lr=9.00e-04
[E073 i0050 EXP] tot=7.6544 seg(log)=0.8692 seg(bw)=0.0000 vol=1.6516 cent=1.2006 t=5.00 lr=9.00e-04
[E073 i0075 STD] tot=7.5944 seg(log)=1.0991 seg(bw)=0.0000 vol=1.5938 cent=1.2001 t=5.00 lr=9.00e-04
[E073 i0100 EXP] tot=7.6490 seg(log)=0.8349 seg(bw)=0.0000 vol=1.6520 cent=1.1994 t=5.00 lr=9.00e-04
[E073 i0125 STD] tot=7.6027 seg(log)=1.1490 seg(bw)=0.0000 vol=1.5894 cent=1.2027 t=5.00 lr=9.00e-04
[E073 i0150 EXP] tot=7.6634 seg(log)=0.8191 seg(bw)=0.0000 vol=1.6583 cent=1.2010 t=5.00 lr=9.00e-04
[E073 i0175 STD] tot=7.5811 seg(log)=1.2478 seg(bw)=0.0000 vol=1.5776 cent=1.2007 t=5.00 lr=9.00e-04
[E073] train tot=7.6237 seg(log)=0.9948 seg(bw)=0.0000 vol=1.6204 cent=1.2007 | val seg=1.2029 meanFGDice=0.4676 | best=0.4807 pat=3/100
[E074 i0000 EXP] tot=7.6493 seg(log)=0.8846 seg(bw)=0.0000 vol=1.6516 cent=1.1995 t=5.00 lr=9.00e-04
[E074 i0025 STD] tot=7.5826 seg(log)=1.2443 seg(bw)=0.0000 vol=1.5735 cent=1.2018 t=5.00 lr=9.00e-04
[E074 i0050 EXP] tot=7.6503 seg(log)=0.8617 seg(bw)=0.0000 vol=1.6503 cent=1.2000 t=5.00 lr=9.00e-04
[E074 i0075 STD] tot=7.6079 seg(log)=1.1842 seg(bw)=0.0000 vol=1.6100 cent=1.1996 t=5.00 lr=9.00e-04
[E074 i0100 EXP] tot=7.6577 seg(log)=0.8554 seg(bw)=0.0000 vol=1.6527 cent=1.2010 t=5.00 lr=9.00e-04
[E074 i0125 STD] tot=7.5863 seg(log)=1.1899 seg(bw)=0.0000 vol=1.5724 cent=1.2028 t=5.00 lr=9.00e-04
[E074 i0150 EXP] tot=7.6503 seg(log)=0.8197 seg(bw)=0.0000 vol=1.6516 cent=1.1998 t=5.00 lr=9.00e-04
[E074 i0175 STD] tot=7.6117 seg(log)=1.1404 seg(bw)=0.0000 vol=1.6063 cent=1.2011 t=5.00 lr=9.00e-04
[E074] train tot=7.6253 seg(log)=1.0248 seg(bw)=0.0000 vol=1.6212 cent=1.2008 | val seg=1.1856 meanFGDice=0.4734 | best=0.4807 pat=4/100
[E075 i0000 EXP] tot=7.6587 seg(log)=0.8368 seg(bw)=0.0000 vol=1.6506 cent=1.2016 t=5.00 lr=9.00e-04
[E075 i0025 STD] tot=7.6067 seg(log)=1.1512 seg(bw)=0.0000 vol=1.6048 cent=1.2004 t=5.00 lr=9.00e-04
[E075 i0050 EXP] tot=7.6480 seg(log)=0.8885 seg(bw)=0.0000 vol=1.6478 cent=1.2000 t=5.00 lr=9.00e-04
[E075 i0075 STD] tot=7.6271 seg(log)=1.2132 seg(bw)=0.0000 vol=1.6159 cent=1.2022 t=5.00 lr=9.00e-04
[E075 i0100 EXP] tot=7.6515 seg(log)=0.8340 seg(bw)=0.0000 vol=1.6562 cent=1.1991 t=5.00 lr=9.00e-04
[E075 i0125 STD] tot=7.5973 seg(log)=1.1048 seg(bw)=0.0000 vol=1.5907 cent=1.2013 t=5.00 lr=9.00e-04
[E075 i0150 EXP] tot=7.6490 seg(log)=0.8585 seg(bw)=0.0000 vol=1.6492 cent=1.2000 t=5.00 lr=9.00e-04
[E075 i0175 STD] tot=7.5731 seg(log)=1.1735 seg(bw)=0.0000 vol=1.5679 cent=1.2010 t=5.00 lr=9.00e-04
[E075] train tot=7.6243 seg(log)=1.0122 seg(bw)=0.0000 vol=1.6206 cent=1.2007 | val seg=1.1879 meanFGDice=0.4775 | best=0.4807 pat=5/100
[E076 i0000 EXP] tot=7.6422 seg(log)=0.9846 seg(bw)=0.0000 vol=1.6342 cent=1.2016 t=5.00 lr=9.00e-04
[E076 i0025 STD] tot=7.5896 seg(log)=1.1788 seg(bw)=0.0000 vol=1.5794 cent=1.2020 t=5.00 lr=9.00e-04
[E076 i0050 EXP] tot=7.6437 seg(log)=0.8533 seg(bw)=0.0000 vol=1.6457 cent=1.1996 t=5.00 lr=9.00e-04
[E076 i0075 STD] tot=7.5959 seg(log)=1.1359 seg(bw)=0.0000 vol=1.5954 cent=1.2001 t=5.00 lr=9.00e-04
[E076 i0100 EXP] tot=7.6546 seg(log)=0.8247 seg(bw)=0.0000 vol=1.6554 cent=1.1998 t=5.00 lr=9.00e-04
[E076 i0125 STD] tot=7.5946 seg(log)=1.1135 seg(bw)=0.0000 vol=1.5902 cent=1.2009 t=5.00 lr=9.00e-04
[E076 i0150 EXP] tot=7.6582 seg(log)=0.8471 seg(bw)=0.0000 vol=1.6526 cent=1.2011 t=5.00 lr=9.00e-04
[E076 i0175 STD] tot=7.6193 seg(log)=1.1142 seg(bw)=0.0000 vol=1.6172 cent=1.2004 t=5.00 lr=9.00e-04
[E076] train tot=7.6229 seg(log)=0.9900 seg(bw)=0.0000 vol=1.6204 cent=1.2005 | val seg=1.1704 meanFGDice=0.4762 | best=0.4807 pat=6/100
[E077 i0000 EXP] tot=7.6542 seg(log)=0.8173 seg(bw)=0.0000 vol=1.6580 cent=1.1993 t=5.00 lr=9.00e-04
[E077 i0025 STD] tot=7.6112 seg(log)=1.0533 seg(bw)=0.0000 vol=1.6150 cent=1.1992 t=5.00 lr=9.00e-04
[E077 i0050 EXP] tot=7.6482 seg(log)=0.8347 seg(bw)=0.0000 vol=1.6508 cent=1.1995 t=5.00 lr=9.00e-04
[E077 i0075 STD] tot=7.5938 seg(log)=1.0948 seg(bw)=0.0000 vol=1.5898 cent=1.2008 t=5.00 lr=9.00e-04
[E077 i0100 EXP] tot=7.6483 seg(log)=0.8582 seg(bw)=0.0000 vol=1.6512 cent=1.1994 t=5.00 lr=9.00e-04
[E077 i0125 STD] tot=7.5845 seg(log)=1.1142 seg(bw)=0.0000 vol=1.5834 cent=1.2002 t=5.00 lr=9.00e-04
[E077 i0150 EXP] tot=7.6578 seg(log)=0.7999 seg(bw)=0.0000 vol=1.6551 cent=1.2005 t=5.00 lr=9.00e-04
[E077 i0175 STD] tot=7.5909 seg(log)=1.1311 seg(bw)=0.0000 vol=1.5930 cent=1.1996 t=5.00 lr=9.00e-04
[E077] train tot=7.6233 seg(log)=0.9749 seg(bw)=0.0000 vol=1.6203 cent=1.2006 | val seg=1.1685 meanFGDice=0.4677 | best=0.4807 pat=7/100
[E078 i0000 EXP] tot=7.6541 seg(log)=0.7981 seg(bw)=0.0000 vol=1.6586 cent=1.1991 t=5.00 lr=9.00e-04
[E078 i0025 STD] tot=7.5855 seg(log)=1.2226 seg(bw)=0.0000 vol=1.5643 cent=1.2042 t=5.00 lr=9.00e-04
[E078 i0050 EXP] tot=7.6523 seg(log)=0.7961 seg(bw)=0.0000 vol=1.6516 cent=1.2001 t=5.00 lr=9.00e-04
[E078 i0075 STD] tot=7.5712 seg(log)=1.1155 seg(bw)=0.0000 vol=1.5740 cent=1.1994 t=5.00 lr=9.00e-04
[E078 i0100 EXP] tot=7.6542 seg(log)=0.8151 seg(bw)=0.0000 vol=1.6492 cent=1.2010 t=5.00 lr=9.00e-04
[E078 i0125 STD] tot=7.6076 seg(log)=1.1046 seg(bw)=0.0000 vol=1.6046 cent=1.2006 t=5.00 lr=9.00e-04
[E078 i0150 EXP] tot=7.6626 seg(log)=0.7571 seg(bw)=0.0000 vol=1.6567 cent=1.2012 t=5.00 lr=9.00e-04
[E078 i0175 STD] tot=7.6007 seg(log)=1.0663 seg(bw)=0.0000 vol=1.6019 cent=1.1998 t=5.00 lr=9.00e-04
[E078] train tot=7.6230 seg(log)=0.9622 seg(bw)=0.0000 vol=1.6204 cent=1.2005 | val seg=1.1502 meanFGDice=0.4720 | best=0.4807 pat=8/100
[E079 i0000 EXP] tot=7.6509 seg(log)=0.8344 seg(bw)=0.0000 vol=1.6464 cent=1.2009 t=5.00 lr=9.00e-04
[E079 i0025 STD] tot=7.5645 seg(log)=1.1331 seg(bw)=0.0000 vol=1.5662 cent=1.1997 t=5.00 lr=9.00e-04
[E079 i0050 EXP] tot=7.6477 seg(log)=0.8571 seg(bw)=0.0000 vol=1.6453 cent=1.2005 t=5.00 lr=9.00e-04
[E079 i0075 STD] tot=7.5922 seg(log)=1.0994 seg(bw)=0.0000 vol=1.5931 cent=1.1998 t=5.00 lr=9.00e-04
[E079 i0100 EXP] tot=7.6501 seg(log)=0.8120 seg(bw)=0.0000 vol=1.6517 cent=1.1997 t=5.00 lr=9.00e-04
[E079 i0125 STD] tot=7.5928 seg(log)=1.1263 seg(bw)=0.0000 vol=1.5938 cent=1.1998 t=5.00 lr=9.00e-04
[E079 i0150 EXP] tot=7.6513 seg(log)=0.8057 seg(bw)=0.0000 vol=1.6513 cent=1.2000 t=5.00 lr=9.00e-04
[E079 i0175 STD] tot=7.5831 seg(log)=1.1202 seg(bw)=0.0000 vol=1.5751 cent=1.2016 t=5.00 lr=9.00e-04
[E079] train tot=7.6224 seg(log)=0.9654 seg(bw)=0.0000 vol=1.6206 cent=1.2004 | val seg=1.1325 meanFGDice=0.4847 | best=0.4847 pat=0/100
[E080 i0000 EXP] tot=7.6527 seg(log)=0.7974 seg(bw)=0.0000 vol=1.6520 cent=1.2001 t=5.00 lr=9.00e-04
[E080 i0025 STD] tot=7.5922 seg(log)=1.1400 seg(bw)=0.0000 vol=1.5862 cent=1.2012 t=5.00 lr=9.00e-04
[E080 i0050 EXP] tot=7.6514 seg(log)=0.8375 seg(bw)=0.0000 vol=1.6505 cent=1.2002 t=5.00 lr=9.00e-04
[E080 i0075 STD] tot=7.5901 seg(log)=1.1638 seg(bw)=0.0000 vol=1.5828 cent=1.2015 t=5.00 lr=9.00e-04
[E080 i0100 EXP] tot=7.6410 seg(log)=0.8613 seg(bw)=0.0000 vol=1.6424 cent=1.1997 t=5.00 lr=9.00e-04
[E080 i0125 STD] tot=7.5841 seg(log)=1.1048 seg(bw)=0.0000 vol=1.5809 cent=1.2006 t=5.00 lr=9.00e-04
[E080 i0150 EXP] tot=7.6502 seg(log)=0.8125 seg(bw)=0.0000 vol=1.6513 cent=1.1998 t=5.00 lr=9.00e-04
[E080 i0175 STD] tot=7.5900 seg(log)=1.1177 seg(bw)=0.0000 vol=1.5876 cent=1.2005 t=5.00 lr=9.00e-04
[E080] train tot=7.6227 seg(log)=0.9727 seg(bw)=0.0000 vol=1.6207 cent=1.2004 | val seg=1.1179 meanFGDice=0.4843 | best=0.4847 pat=1/100
[E081 i0000 EXP] tot=7.6535 seg(log)=0.8095 seg(bw)=0.0000 vol=1.6488 cent=1.2009 t=5.00 lr=9.00e-04
[E081 i0025 STD] tot=7.6061 seg(log)=1.0562 seg(bw)=0.0000 vol=1.6087 cent=1.1995 t=5.00 lr=9.00e-04
[E081 i0050 EXP] tot=7.6415 seg(log)=0.8381 seg(bw)=0.0000 vol=1.6458 cent=1.1991 t=5.00 lr=9.00e-04
[E081 i0075 STD] tot=7.5902 seg(log)=1.0969 seg(bw)=0.0000 vol=1.5929 cent=1.1995 t=5.00 lr=9.00e-04
[E081 i0100 EXP] tot=7.6496 seg(log)=0.7773 seg(bw)=0.0000 vol=1.6519 cent=1.1995 t=5.00 lr=9.00e-04
[E081 i0125 STD] tot=7.5809 seg(log)=1.1080 seg(bw)=0.0000 vol=1.5672 cent=1.2027 t=5.00 lr=9.00e-04
[E081 i0150 EXP] tot=7.6527 seg(log)=0.8076 seg(bw)=0.0000 vol=1.6533 cent=1.1999 t=5.00 lr=9.00e-04
[E081 i0175 STD] tot=7.5964 seg(log)=1.0790 seg(bw)=0.0000 vol=1.5908 cent=1.2011 t=5.00 lr=9.00e-04
[E081] train tot=7.6223 seg(log)=0.9550 seg(bw)=0.0000 vol=1.6207 cent=1.2003 | val seg=1.1136 meanFGDice=0.4825 | best=0.4847 pat=2/100
[E082 i0000 EXP] tot=7.6566 seg(log)=0.8157 seg(bw)=0.0000 vol=1.6592 cent=1.1995 t=5.00 lr=9.00e-04
[E082 i0025 STD] tot=7.6047 seg(log)=1.0975 seg(bw)=0.0000 vol=1.6065 cent=1.1996 t=5.00 lr=9.00e-04
[E082 i0050 EXP] tot=7.6465 seg(log)=0.8926 seg(bw)=0.0000 vol=1.6470 cent=1.1999 t=5.00 lr=9.00e-04
[E082 i0075 STD] tot=7.6017 seg(log)=1.1976 seg(bw)=0.0000 vol=1.5948 cent=1.2014 t=5.00 lr=9.00e-04
[E082 i0100 EXP] tot=7.6539 seg(log)=0.8270 seg(bw)=0.0000 vol=1.6555 cent=1.1997 t=5.00 lr=9.00e-04
[E082 i0125 STD] tot=7.6108 seg(log)=1.0818 seg(bw)=0.0000 vol=1.6038 cent=1.2014 t=5.00 lr=9.00e-04
[E082 i0150 EXP] tot=7.6526 seg(log)=0.8568 seg(bw)=0.0000 vol=1.6525 cent=1.2000 t=5.00 lr=9.00e-04
[E082 i0175 STD] tot=7.6019 seg(log)=1.1613 seg(bw)=0.0000 vol=1.5979 cent=1.2008 t=5.00 lr=9.00e-04
[E082] train tot=7.6248 seg(log)=1.0013 seg(bw)=0.0000 vol=1.6208 cent=1.2008 | val seg=1.2237 meanFGDice=0.4668 | best=0.4847 pat=3/100
[E083 i0000 EXP] tot=7.6655 seg(log)=0.8735 seg(bw)=0.0000 vol=1.6528 cent=1.2025 t=5.00 lr=9.00e-04
[E083 i0025 STD] tot=7.5928 seg(log)=1.1140 seg(bw)=0.0000 vol=1.5917 cent=1.2002 t=5.00 lr=9.00e-04
[E083 i0050 EXP] tot=7.6425 seg(log)=0.8598 seg(bw)=0.0000 vol=1.6452 cent=1.1995 t=5.00 lr=9.00e-04
[E083 i0075 STD] tot=7.5933 seg(log)=1.0713 seg(bw)=0.0000 vol=1.5860 cent=1.2015 t=5.00 lr=9.00e-04
[E083 i0100 EXP] tot=7.6450 seg(log)=0.8636 seg(bw)=0.0000 vol=1.6470 cent=1.1996 t=5.00 lr=9.00e-04
[E083 i0125 STD] tot=7.5845 seg(log)=1.1074 seg(bw)=0.0000 vol=1.5765 cent=1.2016 t=5.00 lr=9.00e-04
[E083 i0150 EXP] tot=7.6472 seg(log)=0.8509 seg(bw)=0.0000 vol=1.6468 cent=1.2001 t=5.00 lr=9.00e-04
[E083 i0175 STD] tot=7.6046 seg(log)=1.0773 seg(bw)=0.0000 vol=1.6089 cent=1.1991 t=5.00 lr=9.00e-04
[E083] train tot=7.6236 seg(log)=0.9731 seg(bw)=0.0000 vol=1.6208 cent=1.2006 | val seg=1.1249 meanFGDice=0.4926 | best=0.4926 pat=0/100
[E084 i0000 EXP] tot=7.6549 seg(log)=0.8023 seg(bw)=0.0000 vol=1.6574 cent=1.1995 t=5.00 lr=9.00e-04
[E084 i0025 STD] tot=7.5839 seg(log)=1.0966 seg(bw)=0.0000 vol=1.5786 cent=1.2011 t=5.00 lr=9.00e-04
[E084 i0050 EXP] tot=7.6410 seg(log)=0.8693 seg(bw)=0.0000 vol=1.6444 cent=1.1993 t=5.00 lr=9.00e-04
[E084 i0075 STD] tot=7.5869 seg(log)=1.1392 seg(bw)=0.0000 vol=1.5883 cent=1.1997 t=5.00 lr=9.00e-04
[E084 i0100 EXP] tot=7.6480 seg(log)=0.8334 seg(bw)=0.0000 vol=1.6486 cent=1.1999 t=5.00 lr=9.00e-04
[E084 i0125 STD] tot=7.6059 seg(log)=1.0550 seg(bw)=0.0000 vol=1.6036 cent=1.2005 t=5.00 lr=9.00e-04
[E084 i0150 EXP] tot=7.6518 seg(log)=0.8032 seg(bw)=0.0000 vol=1.6544 cent=1.1995 t=5.00 lr=9.00e-04
[E084 i0175 STD] tot=7.5948 seg(log)=1.0801 seg(bw)=0.0000 vol=1.5851 cent=1.2019 t=5.00 lr=9.00e-04
[E084] train tot=7.6211 seg(log)=0.9597 seg(bw)=0.0000 vol=1.6204 cent=1.2001 | val seg=1.0938 meanFGDice=0.4980 | best=0.4980 pat=0/100
[E085 i0000 EXP] tot=7.6504 seg(log)=0.8089 seg(bw)=0.0000 vol=1.6547 cent=1.1992 t=5.00 lr=9.00e-04
[E085 i0025 STD] tot=7.6039 seg(log)=1.0932 seg(bw)=0.0000 vol=1.6019 cent=1.2004 t=5.00 lr=9.00e-04
[E085 i0050 EXP] tot=7.6502 seg(log)=0.8125 seg(bw)=0.0000 vol=1.6514 cent=1.1998 t=5.00 lr=9.00e-04
[E085 i0075 STD] tot=7.5978 seg(log)=1.0937 seg(bw)=0.0000 vol=1.5986 cent=1.1998 t=5.00 lr=9.00e-04
[E085 i0100 EXP] tot=7.6605 seg(log)=0.7635 seg(bw)=0.0000 vol=1.6596 cent=1.2002 t=5.00 lr=9.00e-04
[E085 i0125 STD] tot=7.6024 seg(log)=1.0874 seg(bw)=0.0000 vol=1.6070 cent=1.1991 t=5.00 lr=9.00e-04
[E085 i0150 EXP] tot=7.6514 seg(log)=0.7986 seg(bw)=0.0000 vol=1.6527 cent=1.1997 t=5.00 lr=9.00e-04
[E085 i0175 STD] tot=7.5990 seg(log)=1.1258 seg(bw)=0.0000 vol=1.5925 cent=1.2013 t=5.00 lr=9.00e-04
[E085] train tot=7.6209 seg(log)=0.9584 seg(bw)=0.0000 vol=1.6205 cent=1.2001 | val seg=1.1879 meanFGDice=0.4792 | best=0.4980 pat=1/100
[E086 i0000 EXP] tot=7.6520 seg(log)=0.8398 seg(bw)=0.0000 vol=1.6497 cent=1.2005 t=5.00 lr=9.00e-04
[E086 i0025 STD] tot=7.6001 seg(log)=1.0660 seg(bw)=0.0000 vol=1.5978 cent=1.2005 t=5.00 lr=9.00e-04
[E086 i0050 EXP] tot=7.6529 seg(log)=0.9232 seg(bw)=0.0000 vol=1.6517 cent=1.2003 t=5.00 lr=9.00e-04
[E086 i0075 STD] tot=7.5871 seg(log)=1.0639 seg(bw)=0.0000 vol=1.5846 cent=1.2005 t=5.00 lr=9.00e-04
[E086 i0100 EXP] tot=7.6491 seg(log)=0.8444 seg(bw)=0.0000 vol=1.6495 cent=1.1999 t=5.00 lr=9.00e-04
[E086 i0125 STD] tot=7.5672 seg(log)=1.1487 seg(bw)=0.0000 vol=1.5654 cent=1.2004 t=5.00 lr=9.00e-04
[E086 i0150 EXP] tot=7.6527 seg(log)=0.8335 seg(bw)=0.0000 vol=1.6502 cent=1.2005 t=5.00 lr=9.00e-04
[E086 i0175 STD] tot=7.5751 seg(log)=1.1547 seg(bw)=0.0000 vol=1.5739 cent=1.2002 t=5.00 lr=9.00e-04
[E086] train tot=7.6233 seg(log)=0.9751 seg(bw)=0.0000 vol=1.6209 cent=1.2005 | val seg=1.1161 meanFGDice=0.4917 | best=0.4980 pat=2/100
[E087 i0000 EXP] tot=7.6522 seg(log)=0.8206 seg(bw)=0.0000 vol=1.6531 cent=1.1998 t=5.00 lr=9.00e-04
[E087 i0025 STD] tot=7.5779 seg(log)=1.0968 seg(bw)=0.0000 vol=1.5785 cent=1.1999 t=5.00 lr=9.00e-04
[E087 i0050 EXP] tot=7.6365 seg(log)=0.9312 seg(bw)=0.0000 vol=1.6378 cent=1.1997 t=5.00 lr=9.00e-04
[E087 i0075 STD] tot=7.5945 seg(log)=1.1136 seg(bw)=0.0000 vol=1.5929 cent=1.2003 t=5.00 lr=9.00e-04
[E087 i0100 EXP] tot=7.6573 seg(log)=0.8096 seg(bw)=0.0000 vol=1.6538 cent=1.2007 t=5.00 lr=9.00e-04
[E087 i0125 STD] tot=7.5897 seg(log)=1.0923 seg(bw)=0.0000 vol=1.5849 cent=1.2010 t=5.00 lr=9.00e-04
[E087 i0150 EXP] tot=7.6543 seg(log)=0.8002 seg(bw)=0.0000 vol=1.6560 cent=1.1997 t=5.00 lr=9.00e-04
[E087 i0175 STD] tot=7.6188 seg(log)=1.0788 seg(bw)=0.0000 vol=1.6082 cent=1.2021 t=5.00 lr=9.00e-04
[E087] train tot=7.6208 seg(log)=0.9543 seg(bw)=0.0000 vol=1.6204 cent=1.2001 | val seg=1.1192 meanFGDice=0.4915 | best=0.4980 pat=3/100
[E088 i0000 EXP] tot=7.6562 seg(log)=0.7779 seg(bw)=0.0000 vol=1.6584 cent=1.1996 t=5.00 lr=9.00e-04
[E088 i0025 STD] tot=7.5918 seg(log)=1.0506 seg(bw)=0.0000 vol=1.5938 cent=1.1996 t=5.00 lr=9.00e-04
[E088 i0050 EXP] tot=7.6453 seg(log)=0.8292 seg(bw)=0.0000 vol=1.6455 cent=1.2000 t=5.00 lr=9.00e-04
[E088 i0075 STD] tot=7.5801 seg(log)=1.0779 seg(bw)=0.0000 vol=1.5831 cent=1.1994 t=5.00 lr=9.00e-04
[E088 i0100 EXP] tot=7.6501 seg(log)=0.8024 seg(bw)=0.0000 vol=1.6533 cent=1.1993 t=5.00 lr=9.00e-04
[E088 i0125 STD] tot=7.5978 seg(log)=1.0854 seg(bw)=0.0000 vol=1.5972 cent=1.2001 t=5.00 lr=9.00e-04
[E088 i0150 EXP] tot=7.6526 seg(log)=0.8400 seg(bw)=0.0000 vol=1.6524 cent=1.2000 t=5.00 lr=9.00e-04
[E088 i0175 STD] tot=7.5902 seg(log)=1.1144 seg(bw)=0.0000 vol=1.5895 cent=1.2001 t=5.00 lr=9.00e-04
[E088] train tot=7.6209 seg(log)=0.9549 seg(bw)=0.0000 vol=1.6205 cent=1.2001 | val seg=1.1379 meanFGDice=0.4935 | best=0.4980 pat=4/100
[E089 i0000 EXP] tot=7.6519 seg(log)=0.8260 seg(bw)=0.0000 vol=1.6555 cent=1.1993 t=5.00 lr=9.00e-04
[E089 i0025 STD] tot=7.5870 seg(log)=1.0579 seg(bw)=0.0000 vol=1.5868 cent=1.2000 t=5.00 lr=9.00e-04
[E089 i0050 EXP] tot=7.6549 seg(log)=0.7830 seg(bw)=0.0000 vol=1.6560 cent=1.1998 t=5.00 lr=9.00e-04
[E089 i0075 STD] tot=7.5941 seg(log)=1.1110 seg(bw)=0.0000 vol=1.5976 cent=1.1993 t=5.00 lr=9.00e-04
[E089 i0100 EXP] tot=7.6374 seg(log)=0.8624 seg(bw)=0.0000 vol=1.6417 cent=1.1992 t=5.00 lr=9.00e-04
[E089 i0125 STD] tot=7.6030 seg(log)=1.0529 seg(bw)=0.0000 vol=1.5968 cent=1.2012 t=5.00 lr=9.00e-04
[E089 i0150 EXP] tot=7.6562 seg(log)=0.8127 seg(bw)=0.0000 vol=1.6534 cent=1.2006 t=5.00 lr=9.00e-04
[E089 i0175 STD] tot=7.5928 seg(log)=1.1030 seg(bw)=0.0000 vol=1.5924 cent=1.2001 t=5.00 lr=9.00e-04
[E089] train tot=7.6212 seg(log)=0.9639 seg(bw)=0.0000 vol=1.6208 cent=1.2001 | val seg=1.1157 meanFGDice=0.4906 | best=0.4980 pat=5/100
[E090 i0000 EXP] tot=7.6526 seg(log)=0.7857 seg(bw)=0.0000 vol=1.6550 cent=1.1995 t=5.00 lr=9.00e-04
[E090 i0025 STD] tot=7.5915 seg(log)=1.0935 seg(bw)=0.0000 vol=1.5905 cent=1.2002 t=5.00 lr=9.00e-04
[E090 i0050 EXP] tot=7.6515 seg(log)=0.8330 seg(bw)=0.0000 vol=1.6504 cent=1.2002 t=5.00 lr=9.00e-04
[E090 i0075 STD] tot=7.5877 seg(log)=1.0844 seg(bw)=0.0000 vol=1.5912 cent=1.1993 t=5.00 lr=9.00e-04
[E090 i0100 EXP] tot=7.6531 seg(log)=0.7797 seg(bw)=0.0000 vol=1.6581 cent=1.1990 t=5.00 lr=9.00e-04
[E090 i0125 STD] tot=7.5774 seg(log)=1.1184 seg(bw)=0.0000 vol=1.5776 cent=1.2000 t=5.00 lr=9.00e-04
[E090 i0150 EXP] tot=7.6481 seg(log)=0.7922 seg(bw)=0.0000 vol=1.6514 cent=1.1993 t=5.00 lr=9.00e-04
[E090 i0175 STD] tot=7.6115 seg(log)=1.0494 seg(bw)=0.0000 vol=1.6125 cent=1.1998 t=5.00 lr=9.00e-04
[E090] train tot=7.6202 seg(log)=0.9506 seg(bw)=0.0000 vol=1.6203 cent=1.2000 | val seg=1.1216 meanFGDice=0.4870 | best=0.4980 pat=6/100
[E091 i0000 EXP] tot=7.6524 seg(log)=0.8023 seg(bw)=0.0000 vol=1.6561 cent=1.1993 t=5.00 lr=9.00e-04
[E091 i0025 STD] tot=7.5767 seg(log)=1.1316 seg(bw)=0.0000 vol=1.5750 cent=1.2003 t=5.00 lr=9.00e-04
[E091 i0050 EXP] tot=7.6525 seg(log)=0.8639 seg(bw)=0.0000 vol=1.6534 cent=1.1998 t=5.00 lr=9.00e-04
[E091 i0075 STD] tot=7.5841 seg(log)=1.1153 seg(bw)=0.0000 vol=1.5889 cent=1.1990 t=5.00 lr=9.00e-04
[E091 i0100 EXP] tot=7.6457 seg(log)=0.8315 seg(bw)=0.0000 vol=1.6479 cent=1.1996 t=5.00 lr=9.00e-04
[E091 i0125 STD] tot=7.6043 seg(log)=1.1387 seg(bw)=0.0000 vol=1.5972 cent=1.2014 t=5.00 lr=9.00e-04
[E091 i0150 EXP] tot=7.6492 seg(log)=0.8200 seg(bw)=0.0000 vol=1.6518 cent=1.1995 t=5.00 lr=9.00e-04
[E091 i0175 STD] tot=7.6018 seg(log)=1.0992 seg(bw)=0.0000 vol=1.5937 cent=1.2016 t=5.00 lr=9.00e-04
[E091] train tot=7.6216 seg(log)=0.9688 seg(bw)=0.0000 vol=1.6208 cent=1.2002 | val seg=1.0804 meanFGDice=0.4980 | best=0.4980 pat=7/100
[E092 i0000 EXP] tot=7.6450 seg(log)=0.8296 seg(bw)=0.0000 vol=1.6441 cent=1.2002 t=5.00 lr=9.00e-04
[E092 i0025 STD] tot=7.5909 seg(log)=1.0864 seg(bw)=0.0000 vol=1.5867 cent=1.2008 t=5.00 lr=9.00e-04
[E092 i0050 EXP] tot=7.6461 seg(log)=0.8424 seg(bw)=0.0000 vol=1.6462 cent=1.2000 t=5.00 lr=9.00e-04
[E092 i0075 STD] tot=7.6048 seg(log)=1.0960 seg(bw)=0.0000 vol=1.6004 cent=1.2009 t=5.00 lr=9.00e-04
[E092 i0100 EXP] tot=7.6535 seg(log)=0.8260 seg(bw)=0.0000 vol=1.6539 cent=1.1999 t=5.00 lr=9.00e-04
[E092 i0125 STD] tot=7.5732 seg(log)=1.0960 seg(bw)=0.0000 vol=1.5719 cent=1.2003 t=5.00 lr=9.00e-04
[E092 i0150 EXP] tot=7.6558 seg(log)=0.8382 seg(bw)=0.0000 vol=1.6473 cent=1.2017 t=5.00 lr=9.00e-04
[E092 i0175 STD] tot=7.5898 seg(log)=1.1033 seg(bw)=0.0000 vol=1.5905 cent=1.1999 t=5.00 lr=9.00e-04
[E092] train tot=7.6220 seg(log)=0.9614 seg(bw)=0.0000 vol=1.6206 cent=1.2003 | val seg=1.1301 meanFGDice=0.4892 | best=0.4980 pat=8/100
[E093 i0000 EXP] tot=7.6432 seg(log)=0.8658 seg(bw)=0.0000 vol=1.6469 cent=1.1993 t=5.00 lr=9.00e-04
[E093 i0025 STD] tot=7.6017 seg(log)=1.0289 seg(bw)=0.0000 vol=1.6031 cent=1.1997 t=5.00 lr=9.00e-04
[E093 i0050 EXP] tot=7.6548 seg(log)=0.8041 seg(bw)=0.0000 vol=1.6516 cent=1.2006 t=5.00 lr=9.00e-04
[E093 i0075 STD] tot=7.5738 seg(log)=1.0989 seg(bw)=0.0000 vol=1.5775 cent=1.1993 t=5.00 lr=9.00e-04
[E093 i0100 EXP] tot=7.6475 seg(log)=0.8147 seg(bw)=0.0000 vol=1.6441 cent=1.2007 t=5.00 lr=9.00e-04
[E093 i0125 STD] tot=7.6088 seg(log)=1.0730 seg(bw)=0.0000 vol=1.6089 cent=1.2000 t=5.00 lr=9.00e-04
[E093 i0150 EXP] tot=7.6508 seg(log)=0.7759 seg(bw)=0.0000 vol=1.6531 cent=1.1995 t=5.00 lr=9.00e-04
[E093 i0175 STD] tot=7.5783 seg(log)=1.0642 seg(bw)=0.0000 vol=1.5741 cent=1.2008 t=5.00 lr=9.00e-04
[E093] train tot=7.6207 seg(log)=0.9445 seg(bw)=0.0000 vol=1.6212 cent=1.1999 | val seg=1.0736 meanFGDice=0.4934 | best=0.4980 pat=9/100
[E094 i0000 EXP] tot=7.6513 seg(log)=0.7702 seg(bw)=0.0000 vol=1.6552 cent=1.1992 t=5.00 lr=9.00e-04
[E094 i0025 STD] tot=7.6049 seg(log)=1.0635 seg(bw)=0.0000 vol=1.5937 cent=1.2022 t=5.00 lr=9.00e-04
[E094 i0050 EXP] tot=7.6348 seg(log)=0.8970 seg(bw)=0.0000 vol=1.6388 cent=1.1992 t=5.00 lr=9.00e-04
[E094 i0075 STD] tot=7.5705 seg(log)=1.1381 seg(bw)=0.0000 vol=1.5707 cent=1.2000 t=5.00 lr=9.00e-04
[E094 i0100 EXP] tot=7.6546 seg(log)=0.7670 seg(bw)=0.0000 vol=1.6549 cent=1.1999 t=5.00 lr=9.00e-04
[E094 i0125 STD] tot=7.5805 seg(log)=1.0962 seg(bw)=0.0000 vol=1.5778 cent=1.2005 t=5.00 lr=9.00e-04
[E094 i0150 EXP] tot=7.6398 seg(log)=0.8592 seg(bw)=0.0000 vol=1.6425 cent=1.1995 t=5.00 lr=9.00e-04
[E094 i0175 STD] tot=7.5973 seg(log)=1.0544 seg(bw)=0.0000 vol=1.5945 cent=1.2006 t=5.00 lr=9.00e-04
[E094] train tot=7.6202 seg(log)=0.9502 seg(bw)=0.0000 vol=1.6208 cent=1.1999 | val seg=1.1005 meanFGDice=0.4951 | best=0.4980 pat=10/100
[E095 i0000 EXP] tot=7.6435 seg(log)=0.8102 seg(bw)=0.0000 vol=1.6499 cent=1.1987 t=5.00 lr=9.00e-04
[E095 i0025 STD] tot=7.5872 seg(log)=1.0990 seg(bw)=0.0000 vol=1.5885 cent=1.1997 t=5.00 lr=9.00e-04
[E095 i0050 EXP] tot=7.6468 seg(log)=0.8392 seg(bw)=0.0000 vol=1.6452 cent=1.2003 t=5.00 lr=9.00e-04
[E095 i0075 STD] tot=7.5846 seg(log)=1.0300 seg(bw)=0.0000 vol=1.5884 cent=1.1992 t=5.00 lr=9.00e-04
[E095 i0100 EXP] tot=7.6497 seg(log)=0.7778 seg(bw)=0.0000 vol=1.6553 cent=1.1989 t=5.00 lr=9.00e-04
[E095 i0125 STD] tot=7.5972 seg(log)=1.0853 seg(bw)=0.0000 vol=1.5982 cent=1.1998 t=5.00 lr=9.00e-04
[E095 i0150 EXP] tot=7.6473 seg(log)=0.8052 seg(bw)=0.0000 vol=1.6471 cent=1.2000 t=5.00 lr=9.00e-04
[E095 i0175 STD] tot=7.5789 seg(log)=1.1522 seg(bw)=0.0000 vol=1.5773 cent=1.2003 t=5.00 lr=9.00e-04
[E095] train tot=7.6198 seg(log)=0.9475 seg(bw)=0.0000 vol=1.6204 cent=1.1999 | val seg=1.1568 meanFGDice=0.4945 | best=0.4980 pat=11/100
[E096 i0000 EXP] tot=7.6520 seg(log)=0.8036 seg(bw)=0.0000 vol=1.6539 cent=1.1996 t=5.00 lr=9.00e-04
[E096 i0025 STD] tot=7.5932 seg(log)=1.0490 seg(bw)=0.0000 vol=1.5952 cent=1.1996 t=5.00 lr=9.00e-04
[E096 i0050 EXP] tot=7.6469 seg(log)=0.8024 seg(bw)=0.0000 vol=1.6520 cent=1.1990 t=5.00 lr=9.00e-04
[E096 i0075 STD] tot=7.5939 seg(log)=1.0996 seg(bw)=0.0000 vol=1.5926 cent=1.2003 t=5.00 lr=9.00e-04
[E096 i0100 EXP] tot=7.6563 seg(log)=0.7814 seg(bw)=0.0000 vol=1.6566 cent=1.2000 t=5.00 lr=9.00e-04
[E096 i0125 STD] tot=7.6176 seg(log)=1.0714 seg(bw)=0.0000 vol=1.6048 cent=1.2026 t=5.00 lr=9.00e-04
[E096 i0150 EXP] tot=7.6588 seg(log)=0.8616 seg(bw)=0.0000 vol=1.6540 cent=1.2009 t=5.00 lr=9.00e-04
[E096 i0175 STD] tot=7.5865 seg(log)=1.0787 seg(bw)=0.0000 vol=1.5785 cent=1.2016 t=5.00 lr=9.00e-04
[E096] train tot=7.6210 seg(log)=0.9561 seg(bw)=0.0000 vol=1.6203 cent=1.2001 | val seg=1.1064 meanFGDice=0.4945 | best=0.4980 pat=12/100
[E097 i0000 EXP] tot=7.6427 seg(log)=0.8460 seg(bw)=0.0000 vol=1.6436 cent=1.1998 t=5.00 lr=9.00e-04
[E097 i0025 STD] tot=7.6068 seg(log)=1.0905 seg(bw)=0.0000 vol=1.6043 cent=1.2005 t=5.00 lr=9.00e-04
[E097 i0050 EXP] tot=7.6472 seg(log)=0.8312 seg(bw)=0.0000 vol=1.6472 cent=1.2000 t=5.00 lr=9.00e-04
[E097 i0075 STD] tot=7.5936 seg(log)=1.0828 seg(bw)=0.0000 vol=1.5923 cent=1.2003 t=5.00 lr=9.00e-04
[E097 i0100 EXP] tot=7.6534 seg(log)=0.8720 seg(bw)=0.0000 vol=1.6522 cent=1.2002 t=5.00 lr=9.00e-04
[E097 i0125 STD] tot=7.5869 seg(log)=1.1090 seg(bw)=0.0000 vol=1.5901 cent=1.1994 t=5.00 lr=9.00e-04
[E097 i0150 EXP] tot=7.6467 seg(log)=0.8234 seg(bw)=0.0000 vol=1.6503 cent=1.1993 t=5.00 lr=9.00e-04
[E097 i0175 STD] tot=7.5960 seg(log)=1.1440 seg(bw)=0.0000 vol=1.5953 cent=1.2001 t=5.00 lr=9.00e-04
[E097] train tot=7.6218 seg(log)=0.9751 seg(bw)=0.0000 vol=1.6206 cent=1.2002 | val seg=1.1453 meanFGDice=0.4916 | best=0.4980 pat=13/100
[E098 i0000 EXP] tot=7.6458 seg(log)=0.8500 seg(bw)=0.0000 vol=1.6505 cent=1.1991 t=5.00 lr=9.00e-04
[E098 i0025 STD] tot=7.6116 seg(log)=1.0518 seg(bw)=0.0000 vol=1.6128 cent=1.1998 t=5.00 lr=9.00e-04
[E098 i0050 EXP] tot=7.6519 seg(log)=0.7961 seg(bw)=0.0000 vol=1.6536 cent=1.1997 t=5.00 lr=9.00e-04
[E098 i0075 STD] tot=7.5899 seg(log)=1.0680 seg(bw)=0.0000 vol=1.5864 cent=1.2007 t=5.00 lr=9.00e-04
[E098 i0100 EXP] tot=7.6375 seg(log)=0.8679 seg(bw)=0.0000 vol=1.6388 cent=1.1997 t=5.00 lr=9.00e-04
[E098 i0125 STD] tot=7.6017 seg(log)=1.0524 seg(bw)=0.0000 vol=1.6021 cent=1.1999 t=5.00 lr=9.00e-04
[E098 i0150 EXP] tot=7.6550 seg(log)=0.8751 seg(bw)=0.0000 vol=1.6548 cent=1.2000 t=5.00 lr=9.00e-04
[E098 i0175 STD] tot=7.6009 seg(log)=1.0613 seg(bw)=0.0000 vol=1.5985 cent=1.2005 t=5.00 lr=9.00e-04
[E098] train tot=7.6215 seg(log)=0.9577 seg(bw)=0.0000 vol=1.6211 cent=1.2001 | val seg=1.1060 meanFGDice=0.4936 | best=0.4980 pat=14/100
[E099 i0000 EXP] tot=7.6418 seg(log)=0.8425 seg(bw)=0.0000 vol=1.6489 cent=1.1986 t=5.00 lr=9.00e-04
[E099 i0025 STD] tot=7.5884 seg(log)=1.0805 seg(bw)=0.0000 vol=1.5928 cent=1.1991 t=5.00 lr=9.00e-04
[E099 i0050 EXP] tot=7.6580 seg(log)=0.7982 seg(bw)=0.0000 vol=1.6567 cent=1.2002 t=5.00 lr=9.00e-04
[E099 i0075 STD] tot=7.5883 seg(log)=1.1042 seg(bw)=0.0000 vol=1.5893 cent=1.1998 t=5.00 lr=9.00e-04
[E099 i0100 EXP] tot=7.6496 seg(log)=0.8120 seg(bw)=0.0000 vol=1.6537 cent=1.1992 t=5.00 lr=9.00e-04
[E099 i0125 STD] tot=7.5904 seg(log)=1.0660 seg(bw)=0.0000 vol=1.5826 cent=1.2015 t=5.00 lr=9.00e-04
[E099 i0150 EXP] tot=7.6424 seg(log)=0.8520 seg(bw)=0.0000 vol=1.6439 cent=1.1997 t=5.00 lr=9.00e-04
[E099 i0175 STD] tot=7.5939 seg(log)=1.0466 seg(bw)=0.0000 vol=1.5927 cent=1.2002 t=5.00 lr=9.00e-04
[E099] train tot=7.6206 seg(log)=0.9678 seg(bw)=0.0000 vol=1.6209 cent=1.1999 | val seg=1.0750 meanFGDice=0.4975 | best=0.4980 pat=15/100
[E100 i0000 EXP] tot=7.6536 seg(log)=0.8018 seg(bw)=0.0000 vol=1.6557 cent=1.1996 t=5.00 lr=9.00e-04
[E100 i0025 STD] tot=7.5990 seg(log)=1.0668 seg(bw)=0.0000 vol=1.5991 cent=1.2000 t=5.00 lr=9.00e-04
[E100 i0050 EXP] tot=7.6610 seg(log)=0.7851 seg(bw)=0.0000 vol=1.6589 cent=1.2004 t=5.00 lr=9.00e-04
[E100 i0075 STD] tot=7.6052 seg(log)=1.0583 seg(bw)=0.0000 vol=1.6071 cent=1.1996 t=5.00 lr=9.00e-04
[E100 i0100 EXP] tot=7.6561 seg(log)=0.7892 seg(bw)=0.0000 vol=1.6598 cent=1.1993 t=5.00 lr=9.00e-04
[E100 i0125 STD] tot=7.5928 seg(log)=1.0117 seg(bw)=0.0000 vol=1.5948 cent=1.1996 t=5.00 lr=9.00e-04
[E100 i0150 EXP] tot=7.6435 seg(log)=0.8408 seg(bw)=0.0000 vol=1.6421 cent=1.2003 t=5.00 lr=9.00e-04
[E100 i0175 STD] tot=7.5676 seg(log)=1.1287 seg(bw)=0.0000 vol=1.5712 cent=1.1993 t=5.00 lr=9.00e-04
[E100] train tot=7.6204 seg(log)=0.9500 seg(bw)=0.0000 vol=1.6208 cent=1.1999 | val seg=1.1064 meanFGDice=0.4997 | best=0.4997 pat=0/100
[E101 i0000 EXP] tot=7.6455 seg(log)=0.8090 seg(bw)=0.0000 vol=1.6474 cent=1.1996 t=5.00 lr=9.00e-04
[E101 i0025 STD] tot=7.5851 seg(log)=1.0857 seg(bw)=0.0000 vol=1.5852 cent=1.2000 t=5.00 lr=9.00e-04
[E101 i0050 EXP] tot=7.6523 seg(log)=0.7725 seg(bw)=0.0000 vol=1.6535 cent=1.1998 t=5.00 lr=9.00e-04
[E101 i0075 STD] tot=7.5906 seg(log)=1.0835 seg(bw)=0.0000 vol=1.5877 cent=1.2006 t=5.00 lr=9.00e-04
[E101 i0100 EXP] tot=7.6446 seg(log)=0.8196 seg(bw)=0.0000 vol=1.6478 cent=1.1994 t=5.00 lr=9.00e-04
[E101 i0125 STD] tot=7.5906 seg(log)=1.0488 seg(bw)=0.0000 vol=1.5924 cent=1.1996 t=5.00 lr=9.00e-04
[E101 i0150 EXP] tot=7.6575 seg(log)=0.7790 seg(bw)=0.0000 vol=1.6557 cent=1.2003 t=5.00 lr=9.00e-04
[E101 i0175 STD] tot=7.6007 seg(log)=1.0602 seg(bw)=0.0000 vol=1.6028 cent=1.1996 t=5.00 lr=9.00e-04
[E101] train tot=7.6193 seg(log)=0.9395 seg(bw)=0.0000 vol=1.6205 cent=1.1998 | val seg=1.1221 meanFGDice=0.5018 | best=0.5018 pat=0/100
[E102 i0000 EXP] tot=7.6473 seg(log)=0.8943 seg(bw)=0.0000 vol=1.6425 cent=1.2010 t=5.00 lr=9.00e-04
[E102 i0025 STD] tot=7.6019 seg(log)=1.0676 seg(bw)=0.0000 vol=1.6009 cent=1.2002 t=5.00 lr=9.00e-04
[E102 i0050 EXP] tot=7.6483 seg(log)=0.7861 seg(bw)=0.0000 vol=1.6520 cent=1.1993 t=5.00 lr=9.00e-04
[E102 i0075 STD] tot=7.5930 seg(log)=1.0949 seg(bw)=0.0000 vol=1.5868 cent=1.2012 t=5.00 lr=9.00e-04
[E102 i0100 EXP] tot=7.6467 seg(log)=0.7963 seg(bw)=0.0000 vol=1.6493 cent=1.1995 t=5.00 lr=9.00e-04
[E102 i0125 STD] tot=7.6027 seg(log)=1.0881 seg(bw)=0.0000 vol=1.5999 cent=1.2006 t=5.00 lr=9.00e-04
[E102 i0150 EXP] tot=7.6517 seg(log)=0.7706 seg(bw)=0.0000 vol=1.6552 cent=1.1993 t=5.00 lr=9.00e-04
[E102 i0175 STD] tot=7.6008 seg(log)=1.0207 seg(bw)=0.0000 vol=1.6036 cent=1.1994 t=5.00 lr=9.00e-04
[E102] train tot=7.6195 seg(log)=0.9343 seg(bw)=0.0000 vol=1.6205 cent=1.1998 | val seg=1.0824 meanFGDice=0.4962 | best=0.5018 pat=1/100
[E103 i0000 EXP] tot=7.6452 seg(log)=0.7937 seg(bw)=0.0000 vol=1.6498 cent=1.1991 t=5.00 lr=9.00e-04
[E103 i0025 STD] tot=7.5896 seg(log)=1.0910 seg(bw)=0.0000 vol=1.5924 cent=1.1994 t=5.00 lr=9.00e-04
[E103 i0050 EXP] tot=7.6367 seg(log)=0.8190 seg(bw)=0.0000 vol=1.6427 cent=1.1988 t=5.00 lr=9.00e-04
[E103 i0075 STD] tot=7.6041 seg(log)=1.0053 seg(bw)=0.0000 vol=1.6045 cent=1.1999 t=5.00 lr=9.00e-04
[E103 i0100 EXP] tot=7.6513 seg(log)=0.8040 seg(bw)=0.0000 vol=1.6493 cent=1.2004 t=5.00 lr=9.00e-04
[E103 i0125 STD] tot=7.5836 seg(log)=1.1427 seg(bw)=0.0000 vol=1.5664 cent=1.2034 t=5.00 lr=9.00e-04
[E103 i0150 EXP] tot=7.6504 seg(log)=0.8017 seg(bw)=0.0000 vol=1.6539 cent=1.1993 t=5.00 lr=9.00e-04
[E103 i0175 STD] tot=7.5939 seg(log)=1.0557 seg(bw)=0.0000 vol=1.5949 cent=1.1998 t=5.00 lr=9.00e-04
[E103] train tot=7.6198 seg(log)=0.9398 seg(bw)=0.0000 vol=1.6206 cent=1.1998 | val seg=1.0837 meanFGDice=0.5057 | best=0.5057 pat=0/100
[E104 i0000 EXP] tot=7.6525 seg(log)=0.7730 seg(bw)=0.0000 vol=1.6567 cent=1.1992 t=5.00 lr=9.00e-04
[E104 i0025 STD] tot=7.5994 seg(log)=1.0391 seg(bw)=0.0000 vol=1.5995 cent=1.2000 t=5.00 lr=9.00e-04
[E104 i0050 EXP] tot=7.6522 seg(log)=0.7492 seg(bw)=0.0000 vol=1.6575 cent=1.1989 t=5.00 lr=9.00e-04
[E104 i0075 STD] tot=7.5896 seg(log)=1.0654 seg(bw)=0.0000 vol=1.5896 cent=1.2000 t=5.00 lr=9.00e-04
[E104 i0100 EXP] tot=7.6497 seg(log)=0.7883 seg(bw)=0.0000 vol=1.6489 cent=1.2002 t=5.00 lr=9.00e-04
[E104 i0125 STD] tot=7.5935 seg(log)=1.0389 seg(bw)=0.0000 vol=1.5946 cent=1.1998 t=5.00 lr=9.00e-04
[E104 i0150 EXP] tot=7.6473 seg(log)=0.8086 seg(bw)=0.0000 vol=1.6456 cent=1.2003 t=5.00 lr=9.00e-04
[E104 i0175 STD] tot=7.5841 seg(log)=1.0459 seg(bw)=0.0000 vol=1.5857 cent=1.1997 t=5.00 lr=9.00e-04
[E104] train tot=7.6193 seg(log)=0.9285 seg(bw)=0.0000 vol=1.6208 cent=1.1997 | val seg=1.0694 meanFGDice=0.5009 | best=0.5057 pat=1/100
[E105 i0000 EXP] tot=7.6456 seg(log)=0.7809 seg(bw)=0.0000 vol=1.6513 cent=1.1989 t=5.00 lr=9.00e-04
[E105 i0025 STD] tot=7.5769 seg(log)=1.0727 seg(bw)=0.0000 vol=1.5750 cent=1.2004 t=5.00 lr=9.00e-04
[E105 i0050 EXP] tot=7.6538 seg(log)=0.7571 seg(bw)=0.0000 vol=1.6586 cent=1.1990 t=5.00 lr=9.00e-04
[E105 i0075 STD] tot=7.5937 seg(log)=1.0809 seg(bw)=0.0000 vol=1.5953 cent=1.1997 t=5.00 lr=9.00e-04
[E105 i0100 EXP] tot=7.6595 seg(log)=0.7594 seg(bw)=0.0000 vol=1.6566 cent=1.2006 t=5.00 lr=9.00e-04
[E105 i0125 STD] tot=7.5921 seg(log)=1.0575 seg(bw)=0.0000 vol=1.5947 cent=1.1995 t=5.00 lr=9.00e-04
[E105 i0150 EXP] tot=7.6503 seg(log)=0.7912 seg(bw)=0.0000 vol=1.6556 cent=1.1989 t=5.00 lr=9.00e-04
[E105 i0175 STD] tot=7.5862 seg(log)=1.0621 seg(bw)=0.0000 vol=1.5879 cent=1.1996 t=5.00 lr=9.00e-04
[E105] train tot=7.6183 seg(log)=0.9268 seg(bw)=0.0000 vol=1.6201 cent=1.1996 | val seg=1.0778 meanFGDice=0.4971 | best=0.5057 pat=2/100
[E106 i0000 EXP] tot=7.6395 seg(log)=0.8170 seg(bw)=0.0000 vol=1.6449 cent=1.1989 t=5.00 lr=9.00e-04
[E106 i0025 STD] tot=7.5773 seg(log)=1.0923 seg(bw)=0.0000 vol=1.5758 cent=1.2003 t=5.00 lr=9.00e-04
[E106 i0050 EXP] tot=7.6468 seg(log)=0.8054 seg(bw)=0.0000 vol=1.6475 cent=1.1999 t=5.00 lr=9.00e-04
[E106 i0075 STD] tot=7.5689 seg(log)=1.0419 seg(bw)=0.0000 vol=1.5705 cent=1.1997 t=5.00 lr=9.00e-04
[E106 i0100 EXP] tot=7.6546 seg(log)=0.8020 seg(bw)=0.0000 vol=1.6571 cent=1.1995 t=5.00 lr=9.00e-04
[E106 i0125 STD] tot=7.5766 seg(log)=1.0896 seg(bw)=0.0000 vol=1.5810 cent=1.1991 t=5.00 lr=9.00e-04
[E106 i0150 EXP] tot=7.6464 seg(log)=0.8014 seg(bw)=0.0000 vol=1.6488 cent=1.1995 t=5.00 lr=9.00e-04
[E106 i0175 STD] tot=7.5727 seg(log)=1.0646 seg(bw)=0.0000 vol=1.5748 cent=1.1996 t=5.00 lr=9.00e-04
[E106] train tot=7.6198 seg(log)=0.9379 seg(bw)=0.0000 vol=1.6209 cent=1.1998 | val seg=1.0491 meanFGDice=0.4965 | best=0.5057 pat=3/100
[E107 i0000 EXP] tot=7.6432 seg(log)=0.8009 seg(bw)=0.0000 vol=1.6443 cent=1.1998 t=5.00 lr=9.00e-04
[E107 i0025 STD] tot=7.5853 seg(log)=1.0596 seg(bw)=0.0000 vol=1.5878 cent=1.1995 t=5.00 lr=9.00e-04
[E107 i0050 EXP] tot=7.6586 seg(log)=0.7927 seg(bw)=0.0000 vol=1.6579 cent=1.2001 t=5.00 lr=9.00e-04
[E107 i0075 STD] tot=7.5810 seg(log)=1.0767 seg(bw)=0.0000 vol=1.5835 cent=1.1995 t=5.00 lr=9.00e-04
[E107 i0100 EXP] tot=7.6468 seg(log)=0.7766 seg(bw)=0.0000 vol=1.6515 cent=1.1991 t=5.00 lr=9.00e-04
[E107 i0125 STD] tot=7.5701 seg(log)=1.1475 seg(bw)=0.0000 vol=1.5676 cent=1.2005 t=5.00 lr=9.00e-04
[E107 i0150 EXP] tot=7.6438 seg(log)=0.7996 seg(bw)=0.0000 vol=1.6485 cent=1.1991 t=5.00 lr=9.00e-04
[E107 i0175 STD] tot=7.6054 seg(log)=1.0764 seg(bw)=0.0000 vol=1.6028 cent=1.2005 t=5.00 lr=9.00e-04
[E107] train tot=7.6198 seg(log)=0.9507 seg(bw)=0.0000 vol=1.6207 cent=1.1998 | val seg=1.1286 meanFGDice=0.4951 | best=0.5057 pat=4/100
[E108 i0000 EXP] tot=7.6422 seg(log)=0.8564 seg(bw)=0.0000 vol=1.6431 cent=1.1998 t=5.00 lr=9.00e-04
[E108 i0025 STD] tot=7.6073 seg(log)=1.0899 seg(bw)=0.0000 vol=1.6107 cent=1.1993 t=5.00 lr=9.00e-04
[E108 i0050 EXP] tot=7.6483 seg(log)=0.8329 seg(bw)=0.0000 vol=1.6487 cent=1.1999 t=5.00 lr=9.00e-04
[E108 i0075 STD] tot=7.5922 seg(log)=1.0931 seg(bw)=0.0000 vol=1.5920 cent=1.2000 t=5.00 lr=9.00e-04
[E108 i0100 EXP] tot=7.6534 seg(log)=0.7631 seg(bw)=0.0000 vol=1.6569 cent=1.1993 t=5.00 lr=9.00e-04
[E108 i0125 STD] tot=7.6015 seg(log)=1.0781 seg(bw)=0.0000 vol=1.5982 cent=1.2007 t=5.00 lr=9.00e-04
[E108 i0150 EXP] tot=7.6453 seg(log)=0.8431 seg(bw)=0.0000 vol=1.6476 cent=1.1995 t=5.00 lr=9.00e-04
[E108 i0175 STD] tot=7.5982 seg(log)=1.0484 seg(bw)=0.0000 vol=1.5960 cent=1.2004 t=5.00 lr=9.00e-04
[E108] train tot=7.6205 seg(log)=0.9486 seg(bw)=0.0000 vol=1.6203 cent=1.2000 | val seg=1.0950 meanFGDice=0.4891 | best=0.5057 pat=5/100
[E109 i0000 EXP] tot=7.6533 seg(log)=0.7807 seg(bw)=0.0000 vol=1.6520 cent=1.2003 t=5.00 lr=9.00e-04
[E109 i0025 STD] tot=7.5917 seg(log)=1.0650 seg(bw)=0.0000 vol=1.5966 cent=1.1990 t=5.00 lr=9.00e-04
[E109 i0050 EXP] tot=7.6380 seg(log)=0.8101 seg(bw)=0.0000 vol=1.6435 cent=1.1989 t=5.00 lr=9.00e-04
[E109 i0075 STD] tot=7.5836 seg(log)=1.1302 seg(bw)=0.0000 vol=1.5862 cent=1.1995 t=5.00 lr=9.00e-04
[E109 i0100 EXP] tot=7.6496 seg(log)=0.7627 seg(bw)=0.0000 vol=1.6532 cent=1.1993 t=5.00 lr=9.00e-04
[E109 i0125 STD] tot=7.5923 seg(log)=1.0651 seg(bw)=0.0000 vol=1.5918 cent=1.2001 t=5.00 lr=9.00e-04
[E109 i0150 EXP] tot=7.6493 seg(log)=0.7887 seg(bw)=0.0000 vol=1.6537 cent=1.1991 t=5.00 lr=9.00e-04
[E109 i0175 STD] tot=7.5789 seg(log)=1.1244 seg(bw)=0.0000 vol=1.5782 cent=1.2001 t=5.00 lr=9.00e-04
[E109] train tot=7.6189 seg(log)=0.9449 seg(bw)=0.0000 vol=1.6202 cent=1.1997 | val seg=1.1273 meanFGDice=0.4900 | best=0.5057 pat=6/100
[E110 i0000 EXP] tot=7.6438 seg(log)=0.8292 seg(bw)=0.0000 vol=1.6471 cent=1.1993 t=5.00 lr=9.00e-04
[E110 i0025 STD] tot=7.6025 seg(log)=1.0568 seg(bw)=0.0000 vol=1.6031 cent=1.1999 t=5.00 lr=9.00e-04
[E110 i0050 EXP] tot=7.6520 seg(log)=0.7594 seg(bw)=0.0000 vol=1.6557 cent=1.1993 t=5.00 lr=9.00e-04
[E110 i0075 STD] tot=7.6032 seg(log)=1.0403 seg(bw)=0.0000 vol=1.6070 cent=1.1993 t=5.00 lr=9.00e-04
[E110 i0100 EXP] tot=7.6371 seg(log)=0.8227 seg(bw)=0.0000 vol=1.6423 cent=1.1990 t=5.00 lr=9.00e-04
[E110 i0125 STD] tot=7.5988 seg(log)=1.0488 seg(bw)=0.0000 vol=1.5986 cent=1.2000 t=5.00 lr=9.00e-04
[E110 i0150 EXP] tot=7.6420 seg(log)=0.8245 seg(bw)=0.0000 vol=1.6415 cent=1.2001 t=5.00 lr=9.00e-04
[E110 i0175 STD] tot=7.5927 seg(log)=1.0927 seg(bw)=0.0000 vol=1.5891 cent=1.2007 t=5.00 lr=9.00e-04
[E110] train tot=7.6191 seg(log)=0.9329 seg(bw)=0.0000 vol=1.6210 cent=1.1996 | val seg=1.0914 meanFGDice=0.5034 | best=0.5057 pat=7/100
[E111 i0000 EXP] tot=7.6517 seg(log)=0.7695 seg(bw)=0.0000 vol=1.6531 cent=1.1997 t=5.00 lr=9.00e-04
[E111 i0025 STD] tot=7.5675 seg(log)=1.1328 seg(bw)=0.0000 vol=1.5649 cent=1.2005 t=5.00 lr=9.00e-04
[E111 i0050 EXP] tot=7.6461 seg(log)=0.7980 seg(bw)=0.0000 vol=1.6506 cent=1.1991 t=5.00 lr=9.00e-04
[E111 i0075 STD] tot=7.5756 seg(log)=1.0639 seg(bw)=0.0000 vol=1.5751 cent=1.2001 t=5.00 lr=9.00e-04
[E111 i0100 EXP] tot=7.6488 seg(log)=0.7616 seg(bw)=0.0000 vol=1.6512 cent=1.1995 t=5.00 lr=9.00e-04
[E111 i0125 STD] tot=7.5918 seg(log)=1.0667 seg(bw)=0.0000 vol=1.5904 cent=1.2003 t=5.00 lr=9.00e-04
[E111 i0150 EXP] tot=7.6452 seg(log)=0.7709 seg(bw)=0.0000 vol=1.6497 cent=1.1991 t=5.00 lr=9.00e-04
[E111 i0175 STD] tot=7.6091 seg(log)=1.0256 seg(bw)=0.0000 vol=1.6079 cent=1.2002 t=5.00 lr=9.00e-04
[E111] train tot=7.6193 seg(log)=0.9151 seg(bw)=0.0000 vol=1.6209 cent=1.1997 | val seg=1.0799 meanFGDice=0.5070 | best=0.5070 pat=0/100
[E112 i0000 EXP] tot=7.6530 seg(log)=0.7627 seg(bw)=0.0000 vol=1.6557 cent=1.1995 t=5.00 lr=9.00e-04
[E112 i0025 STD] tot=7.5951 seg(log)=1.0456 seg(bw)=0.0000 vol=1.5950 cent=1.2000 t=5.00 lr=9.00e-04
[E112 i0050 EXP] tot=7.6298 seg(log)=0.8433 seg(bw)=0.0000 vol=1.6343 cent=1.1991 t=5.00 lr=9.00e-04
[E112 i0075 STD] tot=7.5624 seg(log)=1.1134 seg(bw)=0.0000 vol=1.5654 cent=1.1994 t=5.00 lr=9.00e-04
[E112 i0100 EXP] tot=7.6390 seg(log)=0.8503 seg(bw)=0.0000 vol=1.6409 cent=1.1996 t=5.00 lr=9.00e-04
[E112 i0125 STD] tot=7.5868 seg(log)=1.0127 seg(bw)=0.0000 vol=1.5885 cent=1.1997 t=5.00 lr=9.00e-04
[E112 i0150 EXP] tot=7.6412 seg(log)=0.8095 seg(bw)=0.0000 vol=1.6468 cent=1.1989 t=5.00 lr=9.00e-04
[E112 i0175 STD] tot=7.6008 seg(log)=1.0493 seg(bw)=0.0000 vol=1.6046 cent=1.1992 t=5.00 lr=9.00e-04
[E112] train tot=7.6182 seg(log)=0.9136 seg(bw)=0.0000 vol=1.6205 cent=1.1996 | val seg=1.0710 meanFGDice=0.5027 | best=0.5070 pat=1/100
[E113 i0000 EXP] tot=7.6492 seg(log)=0.7566 seg(bw)=0.0000 vol=1.6550 cent=1.1988 t=5.00 lr=9.00e-04
[E113 i0025 STD] tot=7.5852 seg(log)=1.0470 seg(bw)=0.0000 vol=1.5877 cent=1.1995 t=5.00 lr=9.00e-04
[E113 i0050 EXP] tot=7.6487 seg(log)=0.7802 seg(bw)=0.0000 vol=1.6498 cent=1.1998 t=5.00 lr=9.00e-04
[E113 i0075 STD] tot=7.5950 seg(log)=1.1107 seg(bw)=0.0000 vol=1.5803 cent=1.2029 t=5.00 lr=9.00e-04
[E113 i0100 EXP] tot=7.6480 seg(log)=0.7681 seg(bw)=0.0000 vol=1.6504 cent=1.1995 t=5.00 lr=9.00e-04
[E113 i0125 STD] tot=7.5917 seg(log)=1.0165 seg(bw)=0.0000 vol=1.5921 cent=1.1999 t=5.00 lr=9.00e-04
[E113 i0150 EXP] tot=7.6584 seg(log)=0.7599 seg(bw)=0.0000 vol=1.6565 cent=1.2004 t=5.00 lr=9.00e-04
[E113 i0175 STD] tot=7.5888 seg(log)=1.0756 seg(bw)=0.0000 vol=1.5818 cent=1.2014 t=5.00 lr=9.00e-04
[E113] train tot=7.6189 seg(log)=0.9183 seg(bw)=0.0000 vol=1.6202 cent=1.1998 | val seg=1.0562 meanFGDice=0.5060 | best=0.5070 pat=2/100
[E114 i0000 EXP] tot=7.6482 seg(log)=0.8043 seg(bw)=0.0000 vol=1.6503 cent=1.1996 t=5.00 lr=9.00e-04
[E114 i0025 STD] tot=7.5839 seg(log)=1.0929 seg(bw)=0.0000 vol=1.5765 cent=1.2015 t=5.00 lr=9.00e-04
[E114 i0050 EXP] tot=7.6471 seg(log)=0.8060 seg(bw)=0.0000 vol=1.6499 cent=1.1994 t=5.00 lr=9.00e-04
[E114 i0075 STD] tot=7.5853 seg(log)=1.0610 seg(bw)=0.0000 vol=1.5863 cent=1.1998 t=5.00 lr=9.00e-04
[E114 i0100 EXP] tot=7.6443 seg(log)=0.8054 seg(bw)=0.0000 vol=1.6463 cent=1.1996 t=5.00 lr=9.00e-04
[E114 i0125 STD] tot=7.5888 seg(log)=1.0859 seg(bw)=0.0000 vol=1.5901 cent=1.1997 t=5.00 lr=9.00e-04
[E114 i0150 EXP] tot=7.6536 seg(log)=0.7959 seg(bw)=0.0000 vol=1.6510 cent=1.2005 t=5.00 lr=9.00e-04
[E114 i0175 STD] tot=7.5919 seg(log)=1.1221 seg(bw)=0.0000 vol=1.5959 cent=1.1992 t=5.00 lr=9.00e-04
[E114] train tot=7.6189 seg(log)=0.9252 seg(bw)=0.0000 vol=1.6207 cent=1.1996 | val seg=1.1072 meanFGDice=0.4918 | best=0.5070 pat=3/100
[E115 i0000 EXP] tot=7.6504 seg(log)=0.7687 seg(bw)=0.0000 vol=1.6569 cent=1.1987 t=5.00 lr=9.00e-04
[E115 i0025 STD] tot=7.5767 seg(log)=1.0599 seg(bw)=0.0000 vol=1.5801 cent=1.1993 t=5.00 lr=9.00e-04
[E115 i0050 EXP] tot=7.6544 seg(log)=0.7912 seg(bw)=0.0000 vol=1.6482 cent=1.2012 t=5.00 lr=9.00e-04
[E115 i0075 STD] tot=7.5885 seg(log)=1.0469 seg(bw)=0.0000 vol=1.5883 cent=1.2000 t=5.00 lr=9.00e-04
[E115 i0100 EXP] tot=7.6448 seg(log)=0.8301 seg(bw)=0.0000 vol=1.6427 cent=1.2004 t=5.00 lr=9.00e-04
[E115 i0125 STD] tot=7.5861 seg(log)=1.0946 seg(bw)=0.0000 vol=1.5832 cent=1.2006 t=5.00 lr=9.00e-04
[E115 i0150 EXP] tot=7.6480 seg(log)=0.7895 seg(bw)=0.0000 vol=1.6528 cent=1.1990 t=5.00 lr=9.00e-04
[E115 i0175 STD] tot=7.5977 seg(log)=1.0314 seg(bw)=0.0000 vol=1.6034 cent=1.1989 t=5.00 lr=9.00e-04
[E115] train tot=7.6190 seg(log)=0.9257 seg(bw)=0.0000 vol=1.6207 cent=1.1997 | val seg=1.0763 meanFGDice=0.5171 | best=0.5171 pat=0/100
[E116 i0000 EXP] tot=7.6430 seg(log)=0.7935 seg(bw)=0.0000 vol=1.6464 cent=1.1993 t=5.00 lr=9.00e-04
[E116 i0025 STD] tot=7.5911 seg(log)=1.0861 seg(bw)=0.0000 vol=1.5943 cent=1.1994 t=5.00 lr=9.00e-04
[E116 i0050 EXP] tot=7.6426 seg(log)=0.8036 seg(bw)=0.0000 vol=1.6484 cent=1.1988 t=5.00 lr=9.00e-04
[E116 i0075 STD] tot=7.5803 seg(log)=1.1058 seg(bw)=0.0000 vol=1.5812 cent=1.1998 t=5.00 lr=9.00e-04
[E116 i0100 EXP] tot=7.6469 seg(log)=0.7895 seg(bw)=0.0000 vol=1.6473 cent=1.1999 t=5.00 lr=9.00e-04
[E116 i0125 STD] tot=7.5795 seg(log)=1.1020 seg(bw)=0.0000 vol=1.5784 cent=1.2002 t=5.00 lr=9.00e-04
[E116 i0150 EXP] tot=7.6444 seg(log)=0.7471 seg(bw)=0.0000 vol=1.6501 cent=1.1989 t=5.00 lr=9.00e-04
[E116 i0175 STD] tot=7.5812 seg(log)=1.0815 seg(bw)=0.0000 vol=1.5854 cent=1.1991 t=5.00 lr=9.00e-04
[E116] train tot=7.6186 seg(log)=0.9292 seg(bw)=0.0000 vol=1.6205 cent=1.1996 | val seg=1.1131 meanFGDice=0.4982 | best=0.5171 pat=1/100
[E117 i0000 EXP] tot=7.6501 seg(log)=0.7786 seg(bw)=0.0000 vol=1.6540 cent=1.1992 t=5.00 lr=9.00e-04
[E117 i0025 STD] tot=7.5698 seg(log)=1.0818 seg(bw)=0.0000 vol=1.5754 cent=1.1989 t=5.00 lr=9.00e-04
[E117 i0050 EXP] tot=7.6527 seg(log)=0.7325 seg(bw)=0.0000 vol=1.6539 cent=1.1998 t=5.00 lr=9.00e-04
[E117 i0075 STD] tot=7.6117 seg(log)=0.9825 seg(bw)=0.0000 vol=1.6145 cent=1.1994 t=5.00 lr=9.00e-04
[E117 i0100 EXP] tot=7.6441 seg(log)=0.7758 seg(bw)=0.0000 vol=1.6473 cent=1.1994 t=5.00 lr=9.00e-04
[E117 i0125 STD] tot=7.5872 seg(log)=1.0488 seg(bw)=0.0000 vol=1.5876 cent=1.1999 t=5.00 lr=9.00e-04
[E117 i0150 EXP] tot=7.6454 seg(log)=0.7748 seg(bw)=0.0000 vol=1.6517 cent=1.1987 t=5.00 lr=9.00e-04
[E117 i0175 STD] tot=7.6027 seg(log)=1.0350 seg(bw)=0.0000 vol=1.6052 cent=1.1995 t=5.00 lr=9.00e-04
[E117] train tot=7.6185 seg(log)=0.9148 seg(bw)=0.0000 vol=1.6204 cent=1.1996 | val seg=1.0577 meanFGDice=0.5008 | best=0.5171 pat=2/100
[E118 i0000 EXP] tot=7.6457 seg(log)=0.8003 seg(bw)=0.0000 vol=1.6485 cent=1.1994 t=5.00 lr=9.00e-04
[E118 i0025 STD] tot=7.5707 seg(log)=1.1157 seg(bw)=0.0000 vol=1.5707 cent=1.2000 t=5.00 lr=9.00e-04
[E118 i0050 EXP] tot=7.6394 seg(log)=0.8152 seg(bw)=0.0000 vol=1.6432 cent=1.1992 t=5.00 lr=9.00e-04
[E118 i0075 STD] tot=7.5870 seg(log)=1.1010 seg(bw)=0.0000 vol=1.5869 cent=1.2000 t=5.00 lr=9.00e-04
[E118 i0100 EXP] tot=7.6448 seg(log)=0.7594 seg(bw)=0.0000 vol=1.6497 cent=1.1990 t=5.00 lr=9.00e-04
[E118 i0125 STD] tot=7.5841 seg(log)=1.0553 seg(bw)=0.0000 vol=1.5818 cent=1.2005 t=5.00 lr=9.00e-04
[E118 i0150 EXP] tot=7.6510 seg(log)=0.7492 seg(bw)=0.0000 vol=1.6529 cent=1.1996 t=5.00 lr=9.00e-04
[E118 i0175 STD] tot=7.5794 seg(log)=1.0625 seg(bw)=0.0000 vol=1.5812 cent=1.1996 t=5.00 lr=9.00e-04
[E118] train tot=7.6195 seg(log)=0.9200 seg(bw)=0.0000 vol=1.6209 cent=1.1997 | val seg=1.1070 meanFGDice=0.4952 | best=0.5171 pat=3/100
[E119 i0000 EXP] tot=7.6431 seg(log)=0.8049 seg(bw)=0.0000 vol=1.6454 cent=1.1995 t=5.00 lr=9.00e-04
[E119 i0025 STD] tot=7.5805 seg(log)=1.0924 seg(bw)=0.0000 vol=1.5847 cent=1.1992 t=5.00 lr=9.00e-04
[E119 i0050 EXP] tot=7.6432 seg(log)=0.8134 seg(bw)=0.0000 vol=1.6475 cent=1.1991 t=5.00 lr=9.00e-04
[E119 i0075 STD] tot=7.6140 seg(log)=1.0614 seg(bw)=0.0000 vol=1.6088 cent=1.2010 t=5.00 lr=9.00e-04
[E119 i0100 EXP] tot=7.6483 seg(log)=0.7707 seg(bw)=0.0000 vol=1.6533 cent=1.1990 t=5.00 lr=9.00e-04
[E119 i0125 STD] tot=7.5940 seg(log)=1.0359 seg(bw)=0.0000 vol=1.5971 cent=1.1994 t=5.00 lr=9.00e-04
[E119 i0150 EXP] tot=7.6398 seg(log)=0.7811 seg(bw)=0.0000 vol=1.6432 cent=1.1993 t=5.00 lr=9.00e-04
[E119 i0175 STD] tot=7.5852 seg(log)=1.0734 seg(bw)=0.0000 vol=1.5886 cent=1.1993 t=5.00 lr=9.00e-04
[E119] train tot=7.6188 seg(log)=0.9229 seg(bw)=0.0000 vol=1.6209 cent=1.1996 | val seg=1.0697 meanFGDice=0.5072 | best=0.5171 pat=4/100
[E120 i0000 EXP] tot=7.6542 seg(log)=0.7438 seg(bw)=0.0000 vol=1.6562 cent=1.1996 t=5.00 lr=9.00e-04
[E120 i0025 STD] tot=7.5911 seg(log)=1.0523 seg(bw)=0.0000 vol=1.5958 cent=1.1991 t=5.00 lr=9.00e-04
[E120 i0050 EXP] tot=7.6406 seg(log)=0.8087 seg(bw)=0.0000 vol=1.6432 cent=1.1995 t=5.00 lr=9.00e-04
[E120 i0075 STD] tot=7.5815 seg(log)=1.0348 seg(bw)=0.0000 vol=1.5842 cent=1.1995 t=5.00 lr=9.00e-04
[E120 i0100 EXP] tot=7.6457 seg(log)=0.7394 seg(bw)=0.0000 vol=1.6517 cent=1.1988 t=5.00 lr=9.00e-04
[E120 i0125 STD] tot=7.6060 seg(log)=1.0076 seg(bw)=0.0000 vol=1.6057 cent=1.2001 t=5.00 lr=9.00e-04
[E120 i0150 EXP] tot=7.6594 seg(log)=0.8322 seg(bw)=0.0000 vol=1.6501 cent=1.2019 t=5.00 lr=9.00e-04
[E120 i0175 STD] tot=7.5959 seg(log)=1.3199 seg(bw)=0.0000 vol=1.5916 cent=1.2009 t=5.00 lr=9.00e-04
[E120] train tot=7.6213 seg(log)=0.9599 seg(bw)=0.0000 vol=1.6206 cent=1.2002 | val seg=1.1994 meanFGDice=0.4899 | best=0.5171 pat=5/100
[E121 i0000 EXP] tot=7.6570 seg(log)=0.8479 seg(bw)=0.0000 vol=1.6507 cent=1.2013 t=5.00 lr=9.00e-04
[E121 i0025 STD] tot=7.5902 seg(log)=1.1463 seg(bw)=0.0000 vol=1.5921 cent=1.1996 t=5.00 lr=9.00e-04
[E121 i0050 EXP] tot=7.6591 seg(log)=0.8186 seg(bw)=0.0000 vol=1.6524 cent=1.2013 t=5.00 lr=9.00e-04
[E121 i0075 STD] tot=7.6084 seg(log)=1.0989 seg(bw)=0.0000 vol=1.6124 cent=1.1992 t=5.00 lr=9.00e-04
[E121 i0100 EXP] tot=7.6456 seg(log)=0.8046 seg(bw)=0.0000 vol=1.6499 cent=1.1991 t=5.00 lr=9.00e-04
[E121 i0125 STD] tot=7.5925 seg(log)=1.1073 seg(bw)=0.0000 vol=1.5928 cent=1.2000 t=5.00 lr=9.00e-04
[E121 i0150 EXP] tot=7.6459 seg(log)=0.8160 seg(bw)=0.0000 vol=1.6482 cent=1.1995 t=5.00 lr=9.00e-04
[E121 i0175 STD] tot=7.6042 seg(log)=1.0310 seg(bw)=0.0000 vol=1.6058 cent=1.1997 t=5.00 lr=9.00e-04
[E121] train tot=7.6222 seg(log)=0.9658 seg(bw)=0.0000 vol=1.6207 cent=1.2003 | val seg=1.0894 meanFGDice=0.5028 | best=0.5171 pat=6/100
[E122 i0000 EXP] tot=7.6450 seg(log)=0.8338 seg(bw)=0.0000 vol=1.6460 cent=1.1998 t=5.00 lr=9.00e-04
[E122 i0025 STD] tot=7.5894 seg(log)=1.0825 seg(bw)=0.0000 vol=1.5917 cent=1.1995 t=5.00 lr=9.00e-04
[E122 i0050 EXP] tot=7.6500 seg(log)=0.7997 seg(bw)=0.0000 vol=1.6521 cent=1.1996 t=5.00 lr=9.00e-04
[E122 i0075 STD] tot=7.5968 seg(log)=1.0886 seg(bw)=0.0000 vol=1.6013 cent=1.1991 t=5.00 lr=9.00e-04
[E122 i0100 EXP] tot=7.6508 seg(log)=0.7882 seg(bw)=0.0000 vol=1.6546 cent=1.1992 t=5.00 lr=9.00e-04
[E122 i0125 STD] tot=7.5945 seg(log)=1.0964 seg(bw)=0.0000 vol=1.5975 cent=1.1994 t=5.00 lr=9.00e-04
[E122 i0150 EXP] tot=7.6439 seg(log)=0.7974 seg(bw)=0.0000 vol=1.6477 cent=1.1992 t=5.00 lr=9.00e-04
[E122 i0175 STD] tot=7.5900 seg(log)=1.0893 seg(bw)=0.0000 vol=1.5927 cent=1.1995 t=5.00 lr=9.00e-04
[E122] train tot=7.6184 seg(log)=0.9409 seg(bw)=0.0000 vol=1.6202 cent=1.1996 | val seg=1.0761 meanFGDice=0.5131 | best=0.5171 pat=7/100
[E123 i0000 EXP] tot=7.6376 seg(log)=0.7953 seg(bw)=0.0000 vol=1.6426 cent=1.1990 t=5.00 lr=9.00e-04
[E123 i0025 STD] tot=7.5832 seg(log)=1.0846 seg(bw)=0.0000 vol=1.5833 cent=1.2000 t=5.00 lr=9.00e-04
[E123 i0050 EXP] tot=7.6353 seg(log)=0.8386 seg(bw)=0.0000 vol=1.6399 cent=1.1991 t=5.00 lr=9.00e-04
[E123 i0075 STD] tot=7.5989 seg(log)=1.0823 seg(bw)=0.0000 vol=1.5943 cent=1.2009 t=5.00 lr=9.00e-04
[E123 i0100 EXP] tot=7.6423 seg(log)=0.7879 seg(bw)=0.0000 vol=1.6479 cent=1.1989 t=5.00 lr=9.00e-04
[E123 i0125 STD] tot=7.5661 seg(log)=1.1505 seg(bw)=0.0000 vol=1.5680 cent=1.1996 t=5.00 lr=9.00e-04
[E123 i0150 EXP] tot=7.6542 seg(log)=0.7725 seg(bw)=0.0000 vol=1.6554 cent=1.1998 t=5.00 lr=9.00e-04
[E123 i0175 STD] tot=7.5877 seg(log)=1.1038 seg(bw)=0.0000 vol=1.5864 cent=1.2003 t=5.00 lr=9.00e-04
[E123] train tot=7.6178 seg(log)=0.9289 seg(bw)=0.0000 vol=1.6205 cent=1.1995 | val seg=1.1060 meanFGDice=0.4960 | best=0.5171 pat=8/100
[E124 i0000 EXP] tot=7.6484 seg(log)=0.7984 seg(bw)=0.0000 vol=1.6535 cent=1.1990 t=5.00 lr=9.00e-04
[E124 i0025 STD] tot=7.5874 seg(log)=1.0969 seg(bw)=0.0000 vol=1.5876 cent=1.2000 t=5.00 lr=9.00e-04
[E124 i0050 EXP] tot=7.6501 seg(log)=0.7738 seg(bw)=0.0000 vol=1.6536 cent=1.1993 t=5.00 lr=9.00e-04
[E124 i0075 STD] tot=7.5759 seg(log)=1.1167 seg(bw)=0.0000 vol=1.5766 cent=1.1999 t=5.00 lr=9.00e-04
[E124 i0100 EXP] tot=7.6440 seg(log)=0.7932 seg(bw)=0.0000 vol=1.6503 cent=1.1987 t=5.00 lr=9.00e-04
[E124 i0125 STD] tot=7.5792 seg(log)=1.1125 seg(bw)=0.0000 vol=1.5820 cent=1.1995 t=5.00 lr=9.00e-04
[E124 i0150 EXP] tot=7.6529 seg(log)=0.7455 seg(bw)=0.0000 vol=1.6558 cent=1.1994 t=5.00 lr=9.00e-04
[E124 i0175 STD] tot=7.6018 seg(log)=1.0341 seg(bw)=0.0000 vol=1.6081 cent=1.1988 t=5.00 lr=9.00e-04
[E124] train tot=7.6173 seg(log)=0.9314 seg(bw)=0.0000 vol=1.6203 cent=1.1994 | val seg=1.0843 meanFGDice=0.5097 | best=0.5171 pat=9/100
[E125 i0000 EXP] tot=7.6447 seg(log)=0.7669 seg(bw)=0.0000 vol=1.6513 cent=1.1987 t=5.00 lr=9.00e-04
[E125 i0025 STD] tot=7.5916 seg(log)=1.0560 seg(bw)=0.0000 vol=1.5896 cent=1.2004 t=5.00 lr=9.00e-04
[E125 i0050 EXP] tot=7.6450 seg(log)=0.7631 seg(bw)=0.0000 vol=1.6525 cent=1.1985 t=5.00 lr=9.00e-04
[E125 i0075 STD] tot=7.5788 seg(log)=1.0587 seg(bw)=0.0000 vol=1.5810 cent=1.1996 t=5.00 lr=9.00e-04
[E125 i0100 EXP] tot=7.6520 seg(log)=0.7297 seg(bw)=0.0000 vol=1.6567 cent=1.1991 t=5.00 lr=9.00e-04
[E125 i0125 STD] tot=7.5843 seg(log)=1.0535 seg(bw)=0.0000 vol=1.5889 cent=1.1991 t=5.00 lr=9.00e-04
[E125 i0150 EXP] tot=7.6440 seg(log)=0.7737 seg(bw)=0.0000 vol=1.6454 cent=1.1997 t=5.00 lr=9.00e-04
[E125 i0175 STD] tot=7.6002 seg(log)=1.0309 seg(bw)=0.0000 vol=1.6031 cent=1.1994 t=5.00 lr=9.00e-04
[E125] train tot=7.6169 seg(log)=0.9119 seg(bw)=0.0000 vol=1.6204 cent=1.1993 | val seg=1.0723 meanFGDice=0.5125 | best=0.5171 pat=10/100
[E126 i0000 EXP] tot=7.6471 seg(log)=0.7275 seg(bw)=0.0000 vol=1.6519 cent=1.1990 t=5.00 lr=9.00e-04
[E126 i0025 STD] tot=7.5717 seg(log)=1.0992 seg(bw)=0.0000 vol=1.5763 cent=1.1991 t=5.00 lr=9.00e-04
[E126 i0050 EXP] tot=7.6374 seg(log)=0.8130 seg(bw)=0.0000 vol=1.6416 cent=1.1992 t=5.00 lr=9.00e-04
[E126 i0075 STD] tot=7.5793 seg(log)=1.0404 seg(bw)=0.0000 vol=1.5830 cent=1.1993 t=5.00 lr=9.00e-04
[E126 i0100 EXP] tot=7.6469 seg(log)=0.7856 seg(bw)=0.0000 vol=1.6511 cent=1.1991 t=5.00 lr=9.00e-04
[E126 i0125 STD] tot=7.5952 seg(log)=1.0616 seg(bw)=0.0000 vol=1.6014 cent=1.1988 t=5.00 lr=9.00e-04
[E126 i0150 EXP] tot=7.6414 seg(log)=0.7729 seg(bw)=0.0000 vol=1.6474 cent=1.1988 t=5.00 lr=9.00e-04
[E126 i0175 STD] tot=7.5943 seg(log)=1.0848 seg(bw)=0.0000 vol=1.5941 cent=1.2000 t=5.00 lr=9.00e-04
[E126] train tot=7.6181 seg(log)=0.9122 seg(bw)=0.0000 vol=1.6207 cent=1.1995 | val seg=1.1050 meanFGDice=0.5114 | best=0.5171 pat=11/100
[E127 i0000 EXP] tot=7.6422 seg(log)=0.7696 seg(bw)=0.0000 vol=1.6442 cent=1.1996 t=5.00 lr=9.00e-04
[E127 i0025 STD] tot=7.5810 seg(log)=1.0795 seg(bw)=0.0000 vol=1.5815 cent=1.1999 t=5.00 lr=9.00e-04
[E127 i0050 EXP] tot=7.6499 seg(log)=0.7463 seg(bw)=0.0000 vol=1.6536 cent=1.1993 t=5.00 lr=9.00e-04
[E127 i0075 STD] tot=7.5940 seg(log)=1.0451 seg(bw)=0.0000 vol=1.5959 cent=1.1996 t=5.00 lr=9.00e-04
[E127 i0100 EXP] tot=7.6472 seg(log)=0.7612 seg(bw)=0.0000 vol=1.6522 cent=1.1990 t=5.00 lr=9.00e-04
[E127 i0125 STD] tot=7.5908 seg(log)=1.0393 seg(bw)=0.0000 vol=1.5809 cent=1.2020 t=5.00 lr=9.00e-04
[E127 i0150 EXP] tot=7.6530 seg(log)=0.7607 seg(bw)=0.0000 vol=1.6575 cent=1.1991 t=5.00 lr=9.00e-04
[E127 i0175 STD] tot=7.5806 seg(log)=1.0660 seg(bw)=0.0000 vol=1.5806 cent=1.2000 t=5.00 lr=9.00e-04
[E127] train tot=7.6181 seg(log)=0.9107 seg(bw)=0.0000 vol=1.6202 cent=1.1996 | val seg=1.0839 meanFGDice=0.5170 | best=0.5171 pat=12/100
[E128 i0000 EXP] tot=7.6569 seg(log)=0.7307 seg(bw)=0.0000 vol=1.6566 cent=1.2001 t=5.00 lr=9.00e-04
[E128 i0025 STD] tot=7.5658 seg(log)=1.0666 seg(bw)=0.0000 vol=1.5696 cent=1.1992 t=5.00 lr=9.00e-04
[E128 i0050 EXP] tot=7.6477 seg(log)=0.7332 seg(bw)=0.0000 vol=1.6533 cent=1.1989 t=5.00 lr=9.00e-04
[E128 i0075 STD] tot=7.5934 seg(log)=1.0325 seg(bw)=0.0000 vol=1.5976 cent=1.1992 t=5.00 lr=9.00e-04
[E128 i0100 EXP] tot=7.6494 seg(log)=0.7607 seg(bw)=0.0000 vol=1.6552 cent=1.1988 t=5.00 lr=9.00e-04
[E128 i0125 STD] tot=7.5782 seg(log)=1.1182 seg(bw)=0.0000 vol=1.5760 cent=1.2004 t=5.00 lr=9.00e-04
[E128 i0150 EXP] tot=7.6452 seg(log)=0.7563 seg(bw)=0.0000 vol=1.6508 cent=1.1989 t=5.00 lr=9.00e-04
[E128 i0175 STD] tot=7.5876 seg(log)=1.0423 seg(bw)=0.0000 vol=1.5887 cent=1.1998 t=5.00 lr=9.00e-04
[E128] train tot=7.6183 seg(log)=0.9044 seg(bw)=0.0000 vol=1.6208 cent=1.1995 | val seg=1.0755 meanFGDice=0.5163 | best=0.5171 pat=13/100
[E129 i0000 EXP] tot=7.6487 seg(log)=0.7398 seg(bw)=0.0000 vol=1.6505 cent=1.1996 t=5.00 lr=9.00e-04
[E129 i0025 STD] tot=7.5899 seg(log)=1.0176 seg(bw)=0.0000 vol=1.5961 cent=1.1988 t=5.00 lr=9.00e-04
[E129 i0050 EXP] tot=7.6442 seg(log)=0.8033 seg(bw)=0.0000 vol=1.6452 cent=1.1998 t=5.00 lr=9.00e-04
[E129 i0075 STD] tot=7.5835 seg(log)=1.0445 seg(bw)=0.0000 vol=1.5833 cent=1.2000 t=5.00 lr=9.00e-04
[E129 i0100 EXP] tot=7.6508 seg(log)=0.7714 seg(bw)=0.0000 vol=1.6528 cent=1.1996 t=5.00 lr=9.00e-04
[E129 i0125 STD] tot=7.5792 seg(log)=1.1163 seg(bw)=0.0000 vol=1.5793 cent=1.2000 t=5.00 lr=9.00e-04
[E129 i0150 EXP] tot=7.6541 seg(log)=0.6990 seg(bw)=0.0000 vol=1.6585 cent=1.1991 t=5.00 lr=9.00e-04
[E129 i0175 STD] tot=7.5927 seg(log)=1.0009 seg(bw)=0.0000 vol=1.5988 cent=1.1988 t=5.00 lr=9.00e-04
[E129] train tot=7.6179 seg(log)=0.9075 seg(bw)=0.0000 vol=1.6208 cent=1.1994 | val seg=1.0486 meanFGDice=0.5091 | best=0.5171 pat=14/100
[E130 i0000 EXP] tot=7.6412 seg(log)=0.7380 seg(bw)=0.0000 vol=1.6463 cent=1.1990 t=5.00 lr=9.00e-04
[E130 i0025 STD] tot=7.5741 seg(log)=1.1324 seg(bw)=0.0000 vol=1.5783 cent=1.1991 t=5.00 lr=9.00e-04
[E130 i0050 EXP] tot=7.6508 seg(log)=0.7435 seg(bw)=0.0000 vol=1.6539 cent=1.1994 t=5.00 lr=9.00e-04
[E130 i0075 STD] tot=7.5904 seg(log)=1.0963 seg(bw)=0.0000 vol=1.5924 cent=1.1996 t=5.00 lr=9.00e-04
[E130 i0100 EXP] tot=7.6338 seg(log)=0.8227 seg(bw)=0.0000 vol=1.6401 cent=1.1987 t=5.00 lr=9.00e-04
[E130 i0125 STD] tot=7.5844 seg(log)=1.0412 seg(bw)=0.0000 vol=1.5882 cent=1.1992 t=5.00 lr=9.00e-04
[E130 i0150 EXP] tot=7.6536 seg(log)=0.7433 seg(bw)=0.0000 vol=1.6576 cent=1.1992 t=5.00 lr=9.00e-04
[E130 i0175 STD] tot=7.5951 seg(log)=1.0201 seg(bw)=0.0000 vol=1.6007 cent=1.1989 t=5.00 lr=9.00e-04
[E130] train tot=7.6174 seg(log)=0.9119 seg(bw)=0.0000 vol=1.6205 cent=1.1994 | val seg=1.0806 meanFGDice=0.5094 | best=0.5171 pat=15/100
[E131 i0000 EXP] tot=7.6404 seg(log)=0.7781 seg(bw)=0.0000 vol=1.6434 cent=1.1994 t=5.00 lr=9.00e-04
[E131 i0025 STD] tot=7.6080 seg(log)=1.0396 seg(bw)=0.0000 vol=1.6133 cent=1.1989 t=5.00 lr=9.00e-04
[E131 i0050 EXP] tot=7.6510 seg(log)=0.7552 seg(bw)=0.0000 vol=1.6501 cent=1.2002 t=5.00 lr=9.00e-04
[E131 i0075 STD] tot=7.5954 seg(log)=0.9728 seg(bw)=0.0000 vol=1.5935 cent=1.2004 t=5.00 lr=9.00e-04
[E131 i0100 EXP] tot=7.6462 seg(log)=0.7943 seg(bw)=0.0000 vol=1.6456 cent=1.2001 t=5.00 lr=9.00e-04
[E131 i0125 STD] tot=7.5803 seg(log)=1.0425 seg(bw)=0.0000 vol=1.5842 cent=1.1992 t=5.00 lr=9.00e-04
[E131 i0150 EXP] tot=7.6415 seg(log)=0.8040 seg(bw)=0.0000 vol=1.6465 cent=1.1990 t=5.00 lr=9.00e-04
[E131 i0175 STD] tot=7.6097 seg(log)=1.0493 seg(bw)=0.0000 vol=1.6018 cent=1.2016 t=5.00 lr=9.00e-04
[E131] train tot=7.6185 seg(log)=0.9065 seg(bw)=0.0000 vol=1.6208 cent=1.1995 | val seg=1.1004 meanFGDice=0.4952 | best=0.5171 pat=16/100
[E132 i0000 EXP] tot=7.6511 seg(log)=0.7407 seg(bw)=0.0000 vol=1.6545 cent=1.1993 t=5.00 lr=9.00e-04
[E132 i0025 STD] tot=7.5897 seg(log)=1.0444 seg(bw)=0.0000 vol=1.5915 cent=1.1996 t=5.00 lr=9.00e-04
[E132 i0050 EXP] tot=7.6377 seg(log)=0.7791 seg(bw)=0.0000 vol=1.6424 cent=1.1991 t=5.00 lr=9.00e-04
[E132 i0075 STD] tot=7.5808 seg(log)=1.0911 seg(bw)=0.0000 vol=1.5852 cent=1.1991 t=5.00 lr=9.00e-04
[E132 i0100 EXP] tot=7.6528 seg(log)=0.7686 seg(bw)=0.0000 vol=1.6532 cent=1.1999 t=5.00 lr=9.00e-04
[E132 i0125 STD] tot=7.5902 seg(log)=1.0197 seg(bw)=0.0000 vol=1.5938 cent=1.1993 t=5.00 lr=9.00e-04
[E132 i0150 EXP] tot=7.6475 seg(log)=0.7697 seg(bw)=0.0000 vol=1.6540 cent=1.1987 t=5.00 lr=9.00e-04
[E132 i0175 STD] tot=7.5735 seg(log)=1.0657 seg(bw)=0.0000 vol=1.5774 cent=1.1992 t=5.00 lr=9.00e-04
[E132] train tot=7.6178 seg(log)=0.9150 seg(bw)=0.0000 vol=1.6204 cent=1.1995 | val seg=1.0401 meanFGDice=0.5081 | best=0.5171 pat=17/100
[E133 i0000 EXP] tot=7.6430 seg(log)=0.7711 seg(bw)=0.0000 vol=1.6478 cent=1.1991 t=5.00 lr=9.00e-04
[E133 i0025 STD] tot=7.5949 seg(log)=1.0160 seg(bw)=0.0000 vol=1.5989 cent=1.1992 t=5.00 lr=9.00e-04
[E133 i0050 EXP] tot=7.6439 seg(log)=0.7302 seg(bw)=0.0000 vol=1.6495 cent=1.1989 t=5.00 lr=9.00e-04
[E133 i0075 STD] tot=7.5964 seg(log)=1.0243 seg(bw)=0.0000 vol=1.6006 cent=1.1992 t=5.00 lr=9.00e-04
[E133 i0100 EXP] tot=7.6393 seg(log)=0.8356 seg(bw)=0.0000 vol=1.6451 cent=1.1988 t=5.00 lr=9.00e-04
[E133 i0125 STD] tot=7.6126 seg(log)=1.0007 seg(bw)=0.0000 vol=1.6166 cent=1.1992 t=5.00 lr=9.00e-04
[E133 i0150 EXP] tot=7.6563 seg(log)=0.7100 seg(bw)=0.0000 vol=1.6584 cent=1.1996 t=5.00 lr=9.00e-04
[E133 i0175 STD] tot=7.5805 seg(log)=0.9864 seg(bw)=0.0000 vol=1.5824 cent=1.1996 t=5.00 lr=9.00e-04
[E133] train tot=7.6173 seg(log)=0.8936 seg(bw)=0.0000 vol=1.6206 cent=1.1993 | val seg=1.0093 meanFGDice=0.5261 | best=0.5261 pat=0/100
[E134 i0000 EXP] tot=7.6373 seg(log)=0.7504 seg(bw)=0.0000 vol=1.6440 cent=1.1987 t=5.00 lr=9.00e-04
[E134 i0025 STD] tot=7.6072 seg(log)=0.9920 seg(bw)=0.0000 vol=1.6109 cent=1.1993 t=5.00 lr=9.00e-04
[E134 i0050 EXP] tot=7.6429 seg(log)=0.7882 seg(bw)=0.0000 vol=1.6449 cent=1.1996 t=5.00 lr=9.00e-04
[E134 i0075 STD] tot=7.5912 seg(log)=1.0665 seg(bw)=0.0000 vol=1.5953 cent=1.1992 t=5.00 lr=9.00e-04
[E134 i0100 EXP] tot=7.6444 seg(log)=0.7527 seg(bw)=0.0000 vol=1.6488 cent=1.1991 t=5.00 lr=9.00e-04
[E134 i0125 STD] tot=7.5853 seg(log)=1.1216 seg(bw)=0.0000 vol=1.5880 cent=1.1995 t=5.00 lr=9.00e-04
[E134 i0150 EXP] tot=7.6430 seg(log)=0.7737 seg(bw)=0.0000 vol=1.6483 cent=1.1989 t=5.00 lr=9.00e-04
[E134 i0175 STD] tot=7.5974 seg(log)=1.0447 seg(bw)=0.0000 vol=1.5985 cent=1.1998 t=5.00 lr=9.00e-04
[E134] train tot=7.6174 seg(log)=0.9074 seg(bw)=0.0000 vol=1.6206 cent=1.1994 | val seg=1.0709 meanFGDice=0.5141 | best=0.5261 pat=1/100
[E135 i0000 EXP] tot=7.6380 seg(log)=0.8354 seg(bw)=0.0000 vol=1.6379 cent=1.2000 t=5.00 lr=9.00e-04
[E135 i0025 STD] tot=7.6075 seg(log)=1.0022 seg(bw)=0.0000 vol=1.6093 cent=1.1996 t=5.00 lr=9.00e-04
[E135 i0050 EXP] tot=7.6434 seg(log)=0.7907 seg(bw)=0.0000 vol=1.6481 cent=1.1991 t=5.00 lr=9.00e-04
[E135 i0075 STD] tot=7.5919 seg(log)=1.0467 seg(bw)=0.0000 vol=1.5864 cent=1.2011 t=5.00 lr=9.00e-04
[E135 i0100 EXP] tot=7.6433 seg(log)=0.7534 seg(bw)=0.0000 vol=1.6487 cent=1.1989 t=5.00 lr=9.00e-04
[E135 i0125 STD] tot=7.5869 seg(log)=1.0310 seg(bw)=0.0000 vol=1.5910 cent=1.1992 t=5.00 lr=9.00e-04
[E135 i0150 EXP] tot=7.6446 seg(log)=0.7586 seg(bw)=0.0000 vol=1.6510 cent=1.1987 t=5.00 lr=9.00e-04
[E135 i0175 STD] tot=7.6032 seg(log)=1.0345 seg(bw)=0.0000 vol=1.6069 cent=1.1993 t=5.00 lr=9.00e-04
[E135] train tot=7.6182 seg(log)=0.9001 seg(bw)=0.0000 vol=1.6209 cent=1.1995 | val seg=1.0767 meanFGDice=0.5156 | best=0.5261 pat=2/100
[E136 i0000 EXP] tot=7.6525 seg(log)=0.7194 seg(bw)=0.0000 vol=1.6572 cent=1.1991 t=5.00 lr=9.00e-04
[E136 i0025 STD] tot=7.6004 seg(log)=1.0110 seg(bw)=0.0000 vol=1.6048 cent=1.1991 t=5.00 lr=9.00e-04
[E136 i0050 EXP] tot=7.6437 seg(log)=0.7584 seg(bw)=0.0000 vol=1.6470 cent=1.1993 t=5.00 lr=9.00e-04
[E136 i0075 STD] tot=7.5876 seg(log)=1.0574 seg(bw)=0.0000 vol=1.5842 cent=1.2007 t=5.00 lr=9.00e-04
[E136 i0100 EXP] tot=7.6478 seg(log)=0.7512 seg(bw)=0.0000 vol=1.6520 cent=1.1992 t=5.00 lr=9.00e-04
[E136 i0125 STD] tot=7.6141 seg(log)=1.0320 seg(bw)=0.0000 vol=1.6126 cent=1.2003 t=5.00 lr=9.00e-04
[E136 i0150 EXP] tot=7.6451 seg(log)=0.7705 seg(bw)=0.0000 vol=1.6479 cent=1.1994 t=5.00 lr=9.00e-04
[E136 i0175 STD] tot=7.6031 seg(log)=1.0452 seg(bw)=0.0000 vol=1.6084 cent=1.1989 t=5.00 lr=9.00e-04
[E136] train tot=7.6188 seg(log)=0.9136 seg(bw)=0.0000 vol=1.6209 cent=1.1996 | val seg=1.1605 meanFGDice=0.4931 | best=0.5261 pat=3/100
[E137 i0000 EXP] tot=7.6498 seg(log)=0.7561 seg(bw)=0.0000 vol=1.6537 cent=1.1992 t=5.00 lr=9.00e-04
[E137 i0025 STD] tot=7.6046 seg(log)=1.0154 seg(bw)=0.0000 vol=1.6067 cent=1.1996 t=5.00 lr=9.00e-04
[E137 i0050 EXP] tot=7.6530 seg(log)=0.7277 seg(bw)=0.0000 vol=1.6579 cent=1.1990 t=5.00 lr=9.00e-04
[E137 i0075 STD] tot=7.5741 seg(log)=1.0808 seg(bw)=0.0000 vol=1.5799 cent=1.1988 t=5.00 lr=9.00e-04
[E137 i0100 EXP] tot=7.6484 seg(log)=0.7616 seg(bw)=0.0000 vol=1.6524 cent=1.1992 t=5.00 lr=9.00e-04
[E137 i0125 STD] tot=7.5949 seg(log)=1.0253 seg(bw)=0.0000 vol=1.6002 cent=1.1990 t=5.00 lr=9.00e-04
[E137 i0150 EXP] tot=7.6497 seg(log)=0.7533 seg(bw)=0.0000 vol=1.6505 cent=1.1998 t=5.00 lr=9.00e-04
[E137 i0175 STD] tot=7.5921 seg(log)=1.0285 seg(bw)=0.0000 vol=1.5940 cent=1.1996 t=5.00 lr=9.00e-04
[E137] train tot=7.6174 seg(log)=0.9026 seg(bw)=0.0000 vol=1.6202 cent=1.1994 | val seg=1.0332 meanFGDice=0.5115 | best=0.5261 pat=4/100
[E138 i0000 EXP] tot=7.6513 seg(log)=0.7015 seg(bw)=0.0000 vol=1.6546 cent=1.1993 t=5.00 lr=9.00e-04
[E138 i0025 STD] tot=7.5711 seg(log)=1.1452 seg(bw)=0.0000 vol=1.5750 cent=1.1992 t=5.00 lr=9.00e-04
[E138 i0050 EXP] tot=7.6423 seg(log)=0.8321 seg(bw)=0.0000 vol=1.6456 cent=1.1993 t=5.00 lr=9.00e-04
[E138 i0075 STD] tot=7.6049 seg(log)=0.9571 seg(bw)=0.0000 vol=1.6106 cent=1.1988 t=5.00 lr=9.00e-04
[E138 i0100 EXP] tot=7.6483 seg(log)=0.7380 seg(bw)=0.0000 vol=1.6518 cent=1.1993 t=5.00 lr=9.00e-04
[E138 i0125 STD] tot=7.5982 seg(log)=1.0966 seg(bw)=0.0000 vol=1.5988 cent=1.1999 t=5.00 lr=9.00e-04
[E138 i0150 EXP] tot=7.6448 seg(log)=0.7750 seg(bw)=0.0000 vol=1.6487 cent=1.1992 t=5.00 lr=9.00e-04
[E138 i0175 STD] tot=7.6004 seg(log)=1.1990 seg(bw)=0.0000 vol=1.5956 cent=1.2010 t=5.00 lr=9.00e-04
[E138] train tot=7.6183 seg(log)=0.9155 seg(bw)=0.0000 vol=1.6208 cent=1.1995 | val seg=1.1639 meanFGDice=0.5103 | best=0.5261 pat=5/100
[E139 i0000 EXP] tot=7.6409 seg(log)=0.8030 seg(bw)=0.0000 vol=1.6458 cent=1.1990 t=5.00 lr=9.00e-04
[E139 i0025 STD] tot=7.5981 seg(log)=1.0311 seg(bw)=0.0000 vol=1.5957 cent=1.2005 t=5.00 lr=9.00e-04
[E139 i0050 EXP] tot=7.6539 seg(log)=0.7370 seg(bw)=0.0000 vol=1.6569 cent=1.1994 t=5.00 lr=9.00e-04
[E139 i0075 STD] tot=7.5876 seg(log)=1.0598 seg(bw)=0.0000 vol=1.5883 cent=1.1998 t=5.00 lr=9.00e-04
[E139 i0100 EXP] tot=7.6421 seg(log)=0.7644 seg(bw)=0.0000 vol=1.6453 cent=1.1994 t=5.00 lr=9.00e-04
[E139 i0125 STD] tot=7.5656 seg(log)=1.1855 seg(bw)=0.0000 vol=1.5669 cent=1.1998 t=5.00 lr=9.00e-04
[E139 i0150 EXP] tot=7.6532 seg(log)=0.7063 seg(bw)=0.0000 vol=1.6573 cent=1.1992 t=5.00 lr=9.00e-04
[E139 i0175 STD] tot=7.5930 seg(log)=1.0265 seg(bw)=0.0000 vol=1.5975 cent=1.1991 t=5.00 lr=9.00e-04
[E139] train tot=7.6179 seg(log)=0.9072 seg(bw)=0.0000 vol=1.6205 cent=1.1995 | val seg=1.0449 meanFGDice=0.5091 | best=0.5261 pat=6/100
[E140 i0000 EXP] tot=7.6408 seg(log)=0.7509 seg(bw)=0.0000 vol=1.6456 cent=1.1990 t=5.00 lr=9.00e-04
[E140 i0025 STD] tot=7.5835 seg(log)=1.0111 seg(bw)=0.0000 vol=1.5890 cent=1.1989 t=5.00 lr=9.00e-04
[E140 i0050 EXP] tot=7.6485 seg(log)=0.7157 seg(bw)=0.0000 vol=1.6559 cent=1.1985 t=5.00 lr=9.00e-04
[E140 i0075 STD] tot=7.5867 seg(log)=1.0309 seg(bw)=0.0000 vol=1.5930 cent=1.1987 t=5.00 lr=9.00e-04
[E140 i0100 EXP] tot=7.6417 seg(log)=0.7619 seg(bw)=0.0000 vol=1.6467 cent=1.1990 t=5.00 lr=9.00e-04
[E140 i0125 STD] tot=7.5725 seg(log)=1.1154 seg(bw)=0.0000 vol=1.5714 cent=1.2002 t=5.00 lr=9.00e-04
[E140 i0150 EXP] tot=7.6506 seg(log)=0.7510 seg(bw)=0.0000 vol=1.6573 cent=1.1987 t=5.00 lr=9.00e-04
[E140 i0175 STD] tot=7.5983 seg(log)=1.0247 seg(bw)=0.0000 vol=1.6038 cent=1.1989 t=5.00 lr=9.00e-04
[E140] train tot=7.6175 seg(log)=0.8999 seg(bw)=0.0000 vol=1.6206 cent=1.1994 | val seg=1.0622 meanFGDice=0.5204 | best=0.5261 pat=7/100
[E141 i0000 EXP] tot=7.6440 seg(log)=0.7717 seg(bw)=0.0000 vol=1.6487 cent=1.1991 t=5.00 lr=9.00e-04
[E141 i0025 STD] tot=7.5990 seg(log)=1.0474 seg(bw)=0.0000 vol=1.6008 cent=1.1996 t=5.00 lr=9.00e-04
[E141 i0050 EXP] tot=7.6526 seg(log)=0.7276 seg(bw)=0.0000 vol=1.6573 cent=1.1991 t=5.00 lr=9.00e-04
[E141 i0075 STD] tot=7.5970 seg(log)=0.9914 seg(bw)=0.0000 vol=1.6005 cent=1.1993 t=5.00 lr=9.00e-04
[E141 i0100 EXP] tot=7.6403 seg(log)=0.7496 seg(bw)=0.0000 vol=1.6451 cent=1.1991 t=5.00 lr=9.00e-04
[E141 i0125 STD] tot=7.5913 seg(log)=1.0968 seg(bw)=0.0000 vol=1.5928 cent=1.1997 t=5.00 lr=9.00e-04
[E141 i0150 EXP] tot=7.6473 seg(log)=0.7174 seg(bw)=0.0000 vol=1.6518 cent=1.1991 t=5.00 lr=9.00e-04
[E141 i0175 STD] tot=7.5635 seg(log)=1.1208 seg(bw)=0.0000 vol=1.5663 cent=1.1994 t=5.00 lr=9.00e-04
[E141] train tot=7.6171 seg(log)=0.8994 seg(bw)=0.0000 vol=1.6205 cent=1.1993 | val seg=1.1014 meanFGDice=0.5063 | best=0.5261 pat=8/100
[E142 i0000 EXP] tot=7.6413 seg(log)=0.7703 seg(bw)=0.0000 vol=1.6465 cent=1.1990 t=5.00 lr=9.00e-04
[E142 i0025 STD] tot=7.5984 seg(log)=1.0327 seg(bw)=0.0000 vol=1.6011 cent=1.1995 t=5.00 lr=9.00e-04
[E142 i0050 EXP] tot=7.6479 seg(log)=0.7293 seg(bw)=0.0000 vol=1.6521 cent=1.1992 t=5.00 lr=9.00e-04
[E142 i0075 STD] tot=7.5775 seg(log)=1.1014 seg(bw)=0.0000 vol=1.5711 cent=1.2013 t=5.00 lr=9.00e-04
[E142 i0100 EXP] tot=7.6450 seg(log)=0.7746 seg(bw)=0.0000 vol=1.6443 cent=1.2001 t=5.00 lr=9.00e-04
[E142 i0125 STD] tot=7.6072 seg(log)=0.9956 seg(bw)=0.0000 vol=1.6112 cent=1.1992 t=5.00 lr=9.00e-04
[E142 i0150 EXP] tot=7.6511 seg(log)=0.7422 seg(bw)=0.0000 vol=1.6566 cent=1.1989 t=5.00 lr=9.00e-04
[E142 i0175 STD] tot=7.5836 seg(log)=1.0921 seg(bw)=0.0000 vol=1.5888 cent=1.1990 t=5.00 lr=9.00e-04
[E142] train tot=7.6185 seg(log)=0.8994 seg(bw)=0.0000 vol=1.6207 cent=1.1996 | val seg=1.1011 meanFGDice=0.5139 | best=0.5261 pat=9/100
[E143 i0000 EXP] tot=7.6393 seg(log)=0.7585 seg(bw)=0.0000 vol=1.6453 cent=1.1988 t=5.00 lr=9.00e-04
[E143 i0025 STD] tot=7.5989 seg(log)=1.0514 seg(bw)=0.0000 vol=1.5986 cent=1.2001 t=5.00 lr=9.00e-04
[E143 i0050 EXP] tot=7.6501 seg(log)=0.7425 seg(bw)=0.0000 vol=1.6559 cent=1.1988 t=5.00 lr=9.00e-04
[E143 i0075 STD] tot=7.5829 seg(log)=1.0819 seg(bw)=0.0000 vol=1.5865 cent=1.1993 t=5.00 lr=9.00e-04
[E143 i0100 EXP] tot=7.6499 seg(log)=0.7370 seg(bw)=0.0000 vol=1.6514 cent=1.1997 t=5.00 lr=9.00e-04
[E143 i0125 STD] tot=7.6089 seg(log)=1.0381 seg(bw)=0.0000 vol=1.6114 cent=1.1995 t=5.00 lr=9.00e-04
[E143 i0150 EXP] tot=7.6379 seg(log)=0.8457 seg(bw)=0.0000 vol=1.6431 cent=1.1989 t=5.00 lr=9.00e-04
[E143 i0175 STD] tot=7.5890 seg(log)=1.0011 seg(bw)=0.0000 vol=1.5840 cent=1.2010 t=5.00 lr=9.00e-04
[E143] train tot=7.6203 seg(log)=0.9102 seg(bw)=0.0000 vol=1.6205 cent=1.2000 | val seg=1.1205 meanFGDice=0.4901 | best=0.5261 pat=10/100
[E144 i0000 EXP] tot=7.6962 seg(log)=0.7938 seg(bw)=0.0000 vol=1.6567 cent=1.2079 t=5.00 lr=9.00e-04
[E144 i0025 STD] tot=7.6082 seg(log)=1.1985 seg(bw)=0.0000 vol=1.5989 cent=1.2019 t=5.00 lr=9.00e-04
[E144 i0050 EXP] tot=7.6661 seg(log)=0.7455 seg(bw)=0.0000 vol=1.6553 cent=1.2022 t=5.00 lr=9.00e-04
[E144 i0075 STD] tot=7.5984 seg(log)=1.0274 seg(bw)=0.0000 vol=1.5993 cent=1.1998 t=5.00 lr=9.00e-04
[E144 i0100 EXP] tot=7.6597 seg(log)=0.7877 seg(bw)=0.0000 vol=1.6513 cent=1.2017 t=5.00 lr=9.00e-04
[E144 i0125 STD] tot=7.5972 seg(log)=0.9384 seg(bw)=0.0000 vol=1.5986 cent=1.1997 t=5.00 lr=9.00e-04
[E144 i0150 EXP] tot=7.6621 seg(log)=0.7261 seg(bw)=0.0000 vol=1.6571 cent=1.2010 t=5.00 lr=9.00e-04
[E144 i0175 STD] tot=7.5965 seg(log)=1.0720 seg(bw)=0.0000 vol=1.5991 cent=1.1995 t=5.00 lr=9.00e-04
[E144] train tot=7.6264 seg(log)=0.9248 seg(bw)=0.0000 vol=1.6212 cent=1.2010 | val seg=1.0620 meanFGDice=0.5167 | best=0.5261 pat=11/100
[E145 i0000 EXP] tot=7.6506 seg(log)=0.7401 seg(bw)=0.0000 vol=1.6540 cent=1.1993 t=5.00 lr=9.00e-04
[E145 i0025 STD] tot=7.5960 seg(log)=1.0503 seg(bw)=0.0000 vol=1.5937 cent=1.2005 t=5.00 lr=9.00e-04
[E145 i0050 EXP] tot=7.6362 seg(log)=0.7803 seg(bw)=0.0000 vol=1.6393 cent=1.1994 t=5.00 lr=9.00e-04
[E145 i0075 STD] tot=7.6042 seg(log)=0.9741 seg(bw)=0.0000 vol=1.6044 cent=1.2000 t=5.00 lr=9.00e-04
[E145 i0100 EXP] tot=7.6458 seg(log)=0.7626 seg(bw)=0.0000 vol=1.6464 cent=1.1999 t=5.00 lr=9.00e-04
[E145 i0125 STD] tot=7.5603 seg(log)=1.1155 seg(bw)=0.0000 vol=1.5649 cent=1.1991 t=5.00 lr=9.00e-04
[E145 i0150 EXP] tot=7.6422 seg(log)=0.7748 seg(bw)=0.0000 vol=1.6471 cent=1.1990 t=5.00 lr=9.00e-04
[E145 i0175 STD] tot=7.5987 seg(log)=1.0155 seg(bw)=0.0000 vol=1.6044 cent=1.1989 t=5.00 lr=9.00e-04
[E145] train tot=7.6185 seg(log)=0.8925 seg(bw)=0.0000 vol=1.6204 cent=1.1996 | val seg=1.0750 meanFGDice=0.5149 | best=0.5261 pat=12/100
[E146 i0000 EXP] tot=7.6369 seg(log)=0.7770 seg(bw)=0.0000 vol=1.6418 cent=1.1990 t=5.00 lr=9.00e-04
[E146 i0025 STD] tot=7.5959 seg(log)=1.0397 seg(bw)=0.0000 vol=1.6020 cent=1.1988 t=5.00 lr=9.00e-04
[E146 i0050 EXP] tot=7.6371 seg(log)=0.7713 seg(bw)=0.0000 vol=1.6418 cent=1.1991 t=5.00 lr=9.00e-04
[E146 i0075 STD] tot=7.5789 seg(log)=1.0692 seg(bw)=0.0000 vol=1.5813 cent=1.1995 t=5.00 lr=9.00e-04
[E146 i0100 EXP] tot=7.6538 seg(log)=0.7357 seg(bw)=0.0000 vol=1.6533 cent=1.2001 t=5.00 lr=9.00e-04
[E146 i0125 STD] tot=7.5924 seg(log)=1.0470 seg(bw)=0.0000 vol=1.5959 cent=1.1993 t=5.00 lr=9.00e-04
[E146 i0150 EXP] tot=7.6489 seg(log)=0.7431 seg(bw)=0.0000 vol=1.6534 cent=1.1991 t=5.00 lr=9.00e-04
[E146 i0175 STD] tot=7.5914 seg(log)=1.0346 seg(bw)=0.0000 vol=1.5950 cent=1.1993 t=5.00 lr=9.00e-04
[E146] train tot=7.6172 seg(log)=0.8902 seg(bw)=0.0000 vol=1.6209 cent=1.1992 | val seg=1.0671 meanFGDice=0.5129 | best=0.5261 pat=13/100
[E147 i0000 EXP] tot=7.6433 seg(log)=0.7294 seg(bw)=0.0000 vol=1.6493 cent=1.1988 t=5.00 lr=9.00e-04
[E147 i0025 STD] tot=7.6000 seg(log)=1.0114 seg(bw)=0.0000 vol=1.6039 cent=1.1992 t=5.00 lr=9.00e-04
[E147 i0050 EXP] tot=7.6479 seg(log)=0.7349 seg(bw)=0.0000 vol=1.6500 cent=1.1996 t=5.00 lr=9.00e-04
[E147 i0075 STD] tot=7.6055 seg(log)=0.9955 seg(bw)=0.0000 vol=1.6076 cent=1.1996 t=5.00 lr=9.00e-04
[E147 i0100 EXP] tot=7.6516 seg(log)=0.7000 seg(bw)=0.0000 vol=1.6567 cent=1.1990 t=5.00 lr=9.00e-04
[E147 i0125 STD] tot=7.5721 seg(log)=1.0737 seg(bw)=0.0000 vol=1.5774 cent=1.1989 t=5.00 lr=9.00e-04
[E147 i0150 EXP] tot=7.6392 seg(log)=0.7690 seg(bw)=0.0000 vol=1.6442 cent=1.1990 t=5.00 lr=9.00e-04
[E147 i0175 STD] tot=7.6055 seg(log)=1.0447 seg(bw)=0.0000 vol=1.6106 cent=1.1990 t=5.00 lr=9.00e-04
[E147] train tot=7.6164 seg(log)=0.8867 seg(bw)=0.0000 vol=1.6207 cent=1.1992 | val seg=1.0606 meanFGDice=0.5218 | best=0.5261 pat=14/100
[E148 i0000 EXP] tot=7.6529 seg(log)=0.7099 seg(bw)=0.0000 vol=1.6575 cent=1.1991 t=5.00 lr=9.00e-04
[E148 i0025 STD] tot=7.5939 seg(log)=1.0221 seg(bw)=0.0000 vol=1.5935 cent=1.2001 t=5.00 lr=9.00e-04
[E148 i0050 EXP] tot=7.6464 seg(log)=0.7211 seg(bw)=0.0000 vol=1.6520 cent=1.1989 t=5.00 lr=9.00e-04
[E148 i0075 STD] tot=7.5829 seg(log)=1.0390 seg(bw)=0.0000 vol=1.5875 cent=1.1991 t=5.00 lr=9.00e-04
[E148 i0100 EXP] tot=7.6416 seg(log)=0.7467 seg(bw)=0.0000 vol=1.6475 cent=1.1988 t=5.00 lr=9.00e-04
[E148 i0125 STD] tot=7.5820 seg(log)=1.0661 seg(bw)=0.0000 vol=1.5860 cent=1.1992 t=5.00 lr=9.00e-04
[E148 i0150 EXP] tot=7.6532 seg(log)=0.7044 seg(bw)=0.0000 vol=1.6593 cent=1.1988 t=5.00 lr=9.00e-04
[E148 i0175 STD] tot=7.5941 seg(log)=1.0339 seg(bw)=0.0000 vol=1.5974 cent=1.1993 t=5.00 lr=9.00e-04
[E148] train tot=7.6165 seg(log)=0.8818 seg(bw)=0.0000 vol=1.6205 cent=1.1992 | val seg=1.0614 meanFGDice=0.5239 | best=0.5261 pat=15/100
[E149 i0000 EXP] tot=7.6450 seg(log)=0.7641 seg(bw)=0.0000 vol=1.6490 cent=1.1992 t=5.00 lr=9.00e-04
[E149 i0025 STD] tot=7.6048 seg(log)=1.0021 seg(bw)=0.0000 vol=1.6047 cent=1.2000 t=5.00 lr=9.00e-04
[E149 i0050 EXP] tot=7.6468 seg(log)=0.7341 seg(bw)=0.0000 vol=1.6520 cent=1.1990 t=5.00 lr=9.00e-04
[E149 i0075 STD] tot=7.5916 seg(log)=1.0573 seg(bw)=0.0000 vol=1.5949 cent=1.1993 t=5.00 lr=9.00e-04
[E149 i0100 EXP] tot=7.6472 seg(log)=0.7204 seg(bw)=0.0000 vol=1.6534 cent=1.1988 t=5.00 lr=9.00e-04
[E149 i0125 STD] tot=7.6123 seg(log)=1.0141 seg(bw)=0.0000 vol=1.6129 cent=1.1999 t=5.00 lr=9.00e-04
[E149 i0150 EXP] tot=7.6580 seg(log)=0.6889 seg(bw)=0.0000 vol=1.6607 cent=1.1994 t=5.00 lr=9.00e-04
[E149 i0175 STD] tot=7.6000 seg(log)=1.0816 seg(bw)=0.0000 vol=1.6003 cent=1.1999 t=5.00 lr=9.00e-04
[E149] train tot=7.6162 seg(log)=0.8980 seg(bw)=0.0000 vol=1.6207 cent=1.1991 | val seg=1.0807 meanFGDice=0.5186 | best=0.5261 pat=16/100
[E150 i0000 EXP] tot=7.6490 seg(log)=0.7146 seg(bw)=0.0000 vol=1.6553 cent=1.1987 t=5.00 lr=9.00e-04
[E150 i0025 STD] tot=7.5962 seg(log)=1.0187 seg(bw)=0.0000 vol=1.6027 cent=1.1987 t=5.00 lr=9.00e-04
[E150 i0050 EXP] tot=7.6386 seg(log)=0.7658 seg(bw)=0.0000 vol=1.6427 cent=1.1992 t=5.00 lr=9.00e-04
[E150 i0075 STD] tot=7.5886 seg(log)=1.0373 seg(bw)=0.0000 vol=1.5903 cent=1.1996 t=5.00 lr=9.00e-04
[E150 i0100 EXP] tot=7.6485 seg(log)=0.7521 seg(bw)=0.0000 vol=1.6503 cent=1.1996 t=5.00 lr=9.00e-04
[E150 i0125 STD] tot=7.6004 seg(log)=1.0201 seg(bw)=0.0000 vol=1.6057 cent=1.1990 t=5.00 lr=9.00e-04
[E150 i0150 EXP] tot=7.6417 seg(log)=0.7743 seg(bw)=0.0000 vol=1.6453 cent=1.1993 t=5.00 lr=9.00e-04
[E150 i0175 STD] tot=7.5857 seg(log)=1.0444 seg(bw)=0.0000 vol=1.5837 cent=1.2004 t=5.00 lr=9.00e-04
[E150] train tot=7.6170 seg(log)=0.8901 seg(bw)=0.0000 vol=1.6205 cent=1.1993 | val seg=1.0744 meanFGDice=0.5111 | best=0.5261 pat=17/100
[E151 i0000 EXP] tot=7.6360 seg(log)=0.8756 seg(bw)=0.0000 vol=1.6382 cent=1.1995 t=5.00 lr=9.00e-04
[E151 i0025 STD] tot=7.5966 seg(log)=1.0043 seg(bw)=0.0000 vol=1.6001 cent=1.1993 t=5.00 lr=9.00e-04
[E151 i0050 EXP] tot=7.6438 seg(log)=0.7257 seg(bw)=0.0000 vol=1.6493 cent=1.1989 t=5.00 lr=9.00e-04
[E151 i0075 STD] tot=7.5763 seg(log)=1.0164 seg(bw)=0.0000 vol=1.5810 cent=1.1990 t=5.00 lr=9.00e-04
[E151 i0100 EXP] tot=7.6539 seg(log)=0.7243 seg(bw)=0.0000 vol=1.6563 cent=1.1995 t=5.00 lr=9.00e-04
[E151 i0125 STD] tot=7.5725 seg(log)=1.0182 seg(bw)=0.0000 vol=1.5738 cent=1.1997 t=5.00 lr=9.00e-04
[E151 i0150 EXP] tot=7.6564 seg(log)=0.6758 seg(bw)=0.0000 vol=1.6603 cent=1.1992 t=5.00 lr=9.00e-04
[E151 i0175 STD] tot=7.5929 seg(log)=1.0268 seg(bw)=0.0000 vol=1.5937 cent=1.1998 t=5.00 lr=9.00e-04
[E151] train tot=7.6175 seg(log)=0.8850 seg(bw)=0.0000 vol=1.6208 cent=1.1993 | val seg=0.9966 meanFGDice=0.5274 | best=0.5274 pat=0/100
[E152 i0000 EXP] tot=7.6400 seg(log)=0.7669 seg(bw)=0.0000 vol=1.6431 cent=1.1994 t=5.00 lr=9.00e-04
[E152 i0025 STD] tot=7.5939 seg(log)=1.0291 seg(bw)=0.0000 vol=1.5862 cent=1.2015 t=5.00 lr=9.00e-04
[E152 i0050 EXP] tot=7.6449 seg(log)=0.7338 seg(bw)=0.0000 vol=1.6514 cent=1.1987 t=5.00 lr=9.00e-04
[E152 i0075 STD] tot=7.5768 seg(log)=1.0039 seg(bw)=0.0000 vol=1.5830 cent=1.1987 t=5.00 lr=9.00e-04
[E152 i0100 EXP] tot=7.6462 seg(log)=0.7388 seg(bw)=0.0000 vol=1.6515 cent=1.1989 t=5.00 lr=9.00e-04
[E152 i0125 STD] tot=7.5860 seg(log)=1.0455 seg(bw)=0.0000 vol=1.5856 cent=1.2001 t=5.00 lr=9.00e-04
[E152 i0150 EXP] tot=7.6448 seg(log)=0.7593 seg(bw)=0.0000 vol=1.6461 cent=1.1997 t=5.00 lr=9.00e-04
[E152 i0175 STD] tot=7.5916 seg(log)=1.0379 seg(bw)=0.0000 vol=1.5849 cent=1.2013 t=5.00 lr=9.00e-04
[E152] train tot=7.6169 seg(log)=0.8883 seg(bw)=0.0000 vol=1.6206 cent=1.1993 | val seg=1.0547 meanFGDice=0.5188 | best=0.5274 pat=1/100
[E153 i0000 EXP] tot=7.6475 seg(log)=0.7121 seg(bw)=0.0000 vol=1.6538 cent=1.1987 t=5.00 lr=9.00e-04
[E153 i0025 STD] tot=7.5894 seg(log)=1.0508 seg(bw)=0.0000 vol=1.5912 cent=1.1996 t=5.00 lr=9.00e-04
[E153 i0050 EXP] tot=7.6467 seg(log)=0.7216 seg(bw)=0.0000 vol=1.6487 cent=1.1996 t=5.00 lr=9.00e-04
[E153 i0075 STD] tot=7.5907 seg(log)=0.9849 seg(bw)=0.0000 vol=1.5958 cent=1.1990 t=5.00 lr=9.00e-04
[E153 i0100 EXP] tot=7.6454 seg(log)=0.7359 seg(bw)=0.0000 vol=1.6507 cent=1.1989 t=5.00 lr=9.00e-04
[E153 i0125 STD] tot=7.5647 seg(log)=1.0466 seg(bw)=0.0000 vol=1.5685 cent=1.1992 t=5.00 lr=9.00e-04
[E153 i0150 EXP] tot=7.6415 seg(log)=0.7663 seg(bw)=0.0000 vol=1.6452 cent=1.1992 t=5.00 lr=9.00e-04
[E153 i0175 STD] tot=7.5635 seg(log)=1.0353 seg(bw)=0.0000 vol=1.5681 cent=1.1991 t=5.00 lr=9.00e-04
[E153] train tot=7.6175 seg(log)=0.8798 seg(bw)=0.0000 vol=1.6210 cent=1.1993 | val seg=1.0188 meanFGDice=0.5221 | best=0.5274 pat=2/100
[E154 i0000 EXP] tot=7.6510 seg(log)=0.7212 seg(bw)=0.0000 vol=1.6569 cent=1.1988 t=5.00 lr=9.00e-04
[E154 i0025 STD] tot=7.5615 seg(log)=1.1297 seg(bw)=0.0000 vol=1.5632 cent=1.1997 t=5.00 lr=9.00e-04
[E154 i0050 EXP] tot=7.6488 seg(log)=0.8303 seg(bw)=0.0000 vol=1.6425 cent=1.2013 t=5.00 lr=9.00e-04
[E154 i0075 STD] tot=7.5927 seg(log)=1.0277 seg(bw)=0.0000 vol=1.5969 cent=1.1992 t=5.00 lr=9.00e-04
[E154 i0100 EXP] tot=7.6558 seg(log)=0.6694 seg(bw)=0.0000 vol=1.6594 cent=1.1993 t=5.00 lr=9.00e-04
[E154 i0125 STD] tot=7.5843 seg(log)=1.0569 seg(bw)=0.0000 vol=1.5895 cent=1.1990 t=5.00 lr=9.00e-04
[E154 i0150 EXP] tot=7.6516 seg(log)=0.7083 seg(bw)=0.0000 vol=1.6573 cent=1.1989 t=5.00 lr=9.00e-04
[E154 i0175 STD] tot=7.6045 seg(log)=0.9996 seg(bw)=0.0000 vol=1.6108 cent=1.1987 t=5.00 lr=9.00e-04
[E154] train tot=7.6172 seg(log)=0.8864 seg(bw)=0.0000 vol=1.6203 cent=1.1994 | val seg=1.0486 meanFGDice=0.5127 | best=0.5274 pat=3/100
[E155 i0000 EXP] tot=7.6493 seg(log)=0.7397 seg(bw)=0.0000 vol=1.6499 cent=1.1999 t=5.00 lr=9.00e-04
[E155 i0025 STD] tot=7.5970 seg(log)=1.0703 seg(bw)=0.0000 vol=1.6022 cent=1.1990 t=5.00 lr=9.00e-04
[E155 i0050 EXP] tot=7.6454 seg(log)=0.7675 seg(bw)=0.0000 vol=1.6468 cent=1.1997 t=5.00 lr=9.00e-04
[E155 i0075 STD] tot=7.6059 seg(log)=1.0264 seg(bw)=0.0000 vol=1.6017 cent=1.2008 t=5.00 lr=9.00e-04
[E155 i0100 EXP] tot=7.6416 seg(log)=0.7361 seg(bw)=0.0000 vol=1.6483 cent=1.1987 t=5.00 lr=9.00e-04
[E155 i0125 STD] tot=7.5892 seg(log)=1.0596 seg(bw)=0.0000 vol=1.5952 cent=1.1988 t=5.00 lr=9.00e-04
[E155 i0150 EXP] tot=7.6484 seg(log)=0.7316 seg(bw)=0.0000 vol=1.6544 cent=1.1988 t=5.00 lr=9.00e-04
[E155 i0175 STD] tot=7.5900 seg(log)=0.9830 seg(bw)=0.0000 vol=1.5936 cent=1.1993 t=5.00 lr=9.00e-04
[E155] train tot=7.6167 seg(log)=0.8886 seg(bw)=0.0000 vol=1.6205 cent=1.1992 | val seg=0.9759 meanFGDice=0.5322 | best=0.5322 pat=0/100
[E156 i0000 EXP] tot=7.6439 seg(log)=0.7397 seg(bw)=0.0000 vol=1.6468 cent=1.1994 t=5.00 lr=9.00e-04
[E156 i0025 STD] tot=7.6041 seg(log)=1.0026 seg(bw)=0.0000 vol=1.6084 cent=1.1991 t=5.00 lr=9.00e-04
[E156 i0050 EXP] tot=7.6453 seg(log)=0.7281 seg(bw)=0.0000 vol=1.6489 cent=1.1993 t=5.00 lr=9.00e-04
[E156 i0075 STD] tot=7.5922 seg(log)=0.9957 seg(bw)=0.0000 vol=1.5955 cent=1.1993 t=5.00 lr=9.00e-04
[E156 i0100 EXP] tot=7.6461 seg(log)=0.7460 seg(bw)=0.0000 vol=1.6521 cent=1.1988 t=5.00 lr=9.00e-04
[E156 i0125 STD] tot=7.5874 seg(log)=0.9924 seg(bw)=0.0000 vol=1.5877 cent=1.1999 t=5.00 lr=9.00e-04
[E156 i0150 EXP] tot=7.6441 seg(log)=0.7487 seg(bw)=0.0000 vol=1.6480 cent=1.1992 t=5.00 lr=9.00e-04
[E156 i0175 STD] tot=7.5814 seg(log)=1.1068 seg(bw)=0.0000 vol=1.5863 cent=1.1990 t=5.00 lr=9.00e-04
[E156] train tot=7.6171 seg(log)=0.8803 seg(bw)=0.0000 vol=1.6209 cent=1.1992 | val seg=1.1042 meanFGDice=0.5127 | best=0.5322 pat=1/100
[E157 i0000 EXP] tot=7.6515 seg(log)=0.7276 seg(bw)=0.0000 vol=1.6565 cent=1.1990 t=5.00 lr=9.00e-04
[E157 i0025 STD] tot=7.5908 seg(log)=1.0033 seg(bw)=0.0000 vol=1.5945 cent=1.1993 t=5.00 lr=9.00e-04
[E157 i0050 EXP] tot=7.6439 seg(log)=0.7756 seg(bw)=0.0000 vol=1.6462 cent=1.1995 t=5.00 lr=9.00e-04
[E157 i0075 STD] tot=7.5869 seg(log)=0.9895 seg(bw)=0.0000 vol=1.5924 cent=1.1989 t=5.00 lr=9.00e-04
[E157 i0100 EXP] tot=7.6493 seg(log)=0.7221 seg(bw)=0.0000 vol=1.6534 cent=1.1992 t=5.00 lr=9.00e-04
[E157 i0125 STD] tot=7.6046 seg(log)=0.9832 seg(bw)=0.0000 vol=1.6028 cent=1.2003 t=5.00 lr=9.00e-04
[E157 i0150 EXP] tot=7.6404 seg(log)=0.7744 seg(bw)=0.0000 vol=1.6439 cent=1.1993 t=5.00 lr=9.00e-04
[E157 i0175 STD] tot=7.5797 seg(log)=1.0467 seg(bw)=0.0000 vol=1.5679 cent=1.2024 t=5.00 lr=9.00e-04
[E157] train tot=7.6173 seg(log)=0.8722 seg(bw)=0.0000 vol=1.6206 cent=1.1993 | val seg=0.9724 meanFGDice=0.5156 | best=0.5322 pat=2/100
[E158 i0000 EXP] tot=7.6474 seg(log)=0.7227 seg(bw)=0.0000 vol=1.6531 cent=1.1989 t=5.00 lr=9.00e-04
[E158 i0025 STD] tot=7.6001 seg(log)=0.9394 seg(bw)=0.0000 vol=1.5971 cent=1.2006 t=5.00 lr=9.00e-04
[E158 i0050 EXP] tot=7.6508 seg(log)=0.7255 seg(bw)=0.0000 vol=1.6523 cent=1.1997 t=5.00 lr=9.00e-04
[E158 i0075 STD] tot=7.5844 seg(log)=1.0160 seg(bw)=0.0000 vol=1.5869 cent=1.1995 t=5.00 lr=9.00e-04
[E158 i0100 EXP] tot=7.6505 seg(log)=0.6757 seg(bw)=0.0000 vol=1.6563 cent=1.1988 t=5.00 lr=9.00e-04
[E158 i0125 STD] tot=7.5874 seg(log)=1.0160 seg(bw)=0.0000 vol=1.5891 cent=1.1997 t=5.00 lr=9.00e-04
[E158 i0150 EXP] tot=7.6378 seg(log)=0.7580 seg(bw)=0.0000 vol=1.6446 cent=1.1986 t=5.00 lr=9.00e-04
[E158 i0175 STD] tot=7.5906 seg(log)=1.0053 seg(bw)=0.0000 vol=1.5938 cent=1.1993 t=5.00 lr=9.00e-04
[E158] train tot=7.6176 seg(log)=0.8620 seg(bw)=0.0000 vol=1.6208 cent=1.1994 | val seg=1.0195 meanFGDice=0.5164 | best=0.5322 pat=3/100
[E159 i0000 EXP] tot=7.6431 seg(log)=0.7239 seg(bw)=0.0000 vol=1.6487 cent=1.1989 t=5.00 lr=9.00e-04
[E159 i0025 STD] tot=7.5902 seg(log)=0.9991 seg(bw)=0.0000 vol=1.5917 cent=1.1997 t=5.00 lr=9.00e-04
[E159 i0050 EXP] tot=7.6478 seg(log)=0.7271 seg(bw)=0.0000 vol=1.6537 cent=1.1988 t=5.00 lr=9.00e-04
[E159 i0075 STD] tot=7.5686 seg(log)=1.0043 seg(bw)=0.0000 vol=1.5753 cent=1.1987 t=5.00 lr=9.00e-04
[E159 i0100 EXP] tot=7.6457 seg(log)=0.7306 seg(bw)=0.0000 vol=1.6513 cent=1.1989 t=5.00 lr=9.00e-04
[E159 i0125 STD] tot=7.5835 seg(log)=1.0209 seg(bw)=0.0000 vol=1.5850 cent=1.1997 t=5.00 lr=9.00e-04
[E159 i0150 EXP] tot=7.6495 seg(log)=0.7131 seg(bw)=0.0000 vol=1.6509 cent=1.1997 t=5.00 lr=9.00e-04
[E159 i0175 STD] tot=7.6055 seg(log)=1.0116 seg(bw)=0.0000 vol=1.6035 cent=1.2004 t=5.00 lr=9.00e-04
[E159] train tot=7.6171 seg(log)=0.8742 seg(bw)=0.0000 vol=1.6207 cent=1.1993 | val seg=1.0228 meanFGDice=0.5315 | best=0.5322 pat=4/100
[E160 i0000 EXP] tot=7.6467 seg(log)=0.7281 seg(bw)=0.0000 vol=1.6526 cent=1.1988 t=5.00 lr=9.00e-04
[E160 i0025 STD] tot=7.5902 seg(log)=0.9591 seg(bw)=0.0000 vol=1.5963 cent=1.1988 t=5.00 lr=9.00e-04
[E160 i0050 EXP] tot=7.6494 seg(log)=0.7020 seg(bw)=0.0000 vol=1.6553 cent=1.1988 t=5.00 lr=9.00e-04
[E160 i0075 STD] tot=7.5965 seg(log)=0.9632 seg(bw)=0.0000 vol=1.5999 cent=1.1993 t=5.00 lr=9.00e-04
[E160 i0100 EXP] tot=7.6430 seg(log)=0.7841 seg(bw)=0.0000 vol=1.6468 cent=1.1993 t=5.00 lr=9.00e-04
[E160 i0125 STD] tot=7.5927 seg(log)=1.0322 seg(bw)=0.0000 vol=1.5965 cent=1.1992 t=5.00 lr=9.00e-04
[E160 i0150 EXP] tot=7.6385 seg(log)=0.7836 seg(bw)=0.0000 vol=1.6438 cent=1.1989 t=5.00 lr=9.00e-04
[E160 i0175 STD] tot=7.5871 seg(log)=1.0260 seg(bw)=0.0000 vol=1.5895 cent=1.1995 t=5.00 lr=9.00e-04
[E160] train tot=7.6174 seg(log)=0.8717 seg(bw)=0.0000 vol=1.6207 cent=1.1993 | val seg=1.0253 meanFGDice=0.5175 | best=0.5322 pat=5/100
[E161 i0000 EXP] tot=7.6486 seg(log)=0.7215 seg(bw)=0.0000 vol=1.6537 cent=1.1990 t=5.00 lr=9.00e-04
[E161 i0025 STD] tot=7.6081 seg(log)=0.9835 seg(bw)=0.0000 vol=1.6105 cent=1.1995 t=5.00 lr=9.00e-04
[E161 i0050 EXP] tot=7.6489 seg(log)=0.7407 seg(bw)=0.0000 vol=1.6544 cent=1.1989 t=5.00 lr=9.00e-04
[E161 i0075 STD] tot=7.5745 seg(log)=1.0364 seg(bw)=0.0000 vol=1.5762 cent=1.1997 t=5.00 lr=9.00e-04
[E161 i0100 EXP] tot=7.6455 seg(log)=0.7474 seg(bw)=0.0000 vol=1.6477 cent=1.1996 t=5.00 lr=9.00e-04
[E161 i0125 STD] tot=7.5963 seg(log)=0.9547 seg(bw)=0.0000 vol=1.5996 cent=1.1993 t=5.00 lr=9.00e-04
[E161 i0150 EXP] tot=7.6334 seg(log)=0.7642 seg(bw)=0.0000 vol=1.6374 cent=1.1992 t=5.00 lr=9.00e-04
[E161 i0175 STD] tot=7.6030 seg(log)=0.9300 seg(bw)=0.0000 vol=1.6061 cent=1.1994 t=5.00 lr=9.00e-04
[E161] train tot=7.6184 seg(log)=0.8583 seg(bw)=0.0000 vol=1.6207 cent=1.1995 | val seg=0.9643 meanFGDice=0.5284 | best=0.5322 pat=6/100
[E162 i0000 EXP] tot=7.6529 seg(log)=0.6891 seg(bw)=0.0000 vol=1.6549 cent=1.1996 t=5.00 lr=9.00e-04
[E162 i0025 STD] tot=7.5836 seg(log)=0.9664 seg(bw)=0.0000 vol=1.5822 cent=1.2003 t=5.00 lr=9.00e-04
[E162 i0050 EXP] tot=7.6397 seg(log)=0.7261 seg(bw)=0.0000 vol=1.6461 cent=1.1987 t=5.00 lr=9.00e-04
[E162 i0075 STD] tot=7.5787 seg(log)=1.0320 seg(bw)=0.0000 vol=1.5757 cent=1.2006 t=5.00 lr=9.00e-04
[E162 i0100 EXP] tot=7.6473 seg(log)=0.7203 seg(bw)=0.0000 vol=1.6537 cent=1.1987 t=5.00 lr=9.00e-04
[E162 i0125 STD] tot=7.6079 seg(log)=0.9585 seg(bw)=0.0000 vol=1.6133 cent=1.1989 t=5.00 lr=9.00e-04
[E162 i0150 EXP] tot=7.6542 seg(log)=0.7320 seg(bw)=0.0000 vol=1.6518 cent=1.2005 t=5.00 lr=9.00e-04
[E162 i0175 STD] tot=7.6003 seg(log)=0.9294 seg(bw)=0.0000 vol=1.6058 cent=1.1989 t=5.00 lr=9.00e-04
[E162] train tot=7.6175 seg(log)=0.8503 seg(bw)=0.0000 vol=1.6207 cent=1.1994 | val seg=0.9689 meanFGDice=0.5258 | best=0.5322 pat=7/100
[E163 i0000 EXP] tot=7.6456 seg(log)=0.7446 seg(bw)=0.0000 vol=1.6437 cent=1.2004 t=5.00 lr=9.00e-04
[E163 i0025 STD] tot=7.5911 seg(log)=0.9269 seg(bw)=0.0000 vol=1.5962 cent=1.1990 t=5.00 lr=9.00e-04
[E163 i0050 EXP] tot=7.6488 seg(log)=0.7140 seg(bw)=0.0000 vol=1.6524 cent=1.1993 t=5.00 lr=9.00e-04
[E163 i0075 STD] tot=7.5932 seg(log)=0.9538 seg(bw)=0.0000 vol=1.5975 cent=1.1992 t=5.00 lr=9.00e-04
[E163 i0100 EXP] tot=7.6488 seg(log)=0.7041 seg(bw)=0.0000 vol=1.6564 cent=1.1985 t=5.00 lr=9.00e-04
[E163 i0125 STD] tot=7.5920 seg(log)=0.9970 seg(bw)=0.0000 vol=1.5973 cent=1.1989 t=5.00 lr=9.00e-04
[E163 i0150 EXP] tot=7.6433 seg(log)=0.7263 seg(bw)=0.0000 vol=1.6487 cent=1.1989 t=5.00 lr=9.00e-04
[E163 i0175 STD] tot=7.5959 seg(log)=0.9544 seg(bw)=0.0000 vol=1.6002 cent=1.1991 t=5.00 lr=9.00e-04
[E163] train tot=7.6167 seg(log)=0.8468 seg(bw)=0.0000 vol=1.6205 cent=1.1992 | val seg=0.9770 meanFGDice=0.5229 | best=0.5322 pat=8/100
[E164 i0000 EXP] tot=7.6497 seg(log)=0.6948 seg(bw)=0.0000 vol=1.6520 cent=1.1995 t=5.00 lr=9.00e-04
[E164 i0025 STD] tot=7.5940 seg(log)=0.9866 seg(bw)=0.0000 vol=1.5994 cent=1.1989 t=5.00 lr=9.00e-04
[E164 i0050 EXP] tot=7.6470 seg(log)=0.7117 seg(bw)=0.0000 vol=1.6510 cent=1.1992 t=5.00 lr=9.00e-04
[E164 i0075 STD] tot=7.5717 seg(log)=1.0068 seg(bw)=0.0000 vol=1.5770 cent=1.1989 t=5.00 lr=9.00e-04
[E164 i0100 EXP] tot=7.6452 seg(log)=0.7361 seg(bw)=0.0000 vol=1.6467 cent=1.1997 t=5.00 lr=9.00e-04
[E164 i0125 STD] tot=7.5895 seg(log)=0.9889 seg(bw)=0.0000 vol=1.5916 cent=1.1996 t=5.00 lr=9.00e-04
[E164 i0150 EXP] tot=7.6356 seg(log)=0.7375 seg(bw)=0.0000 vol=1.6431 cent=1.1985 t=5.00 lr=9.00e-04
[E164 i0175 STD] tot=7.5907 seg(log)=0.9142 seg(bw)=0.0000 vol=1.5926 cent=1.1996 t=5.00 lr=9.00e-04
[E164] train tot=7.6176 seg(log)=0.8494 seg(bw)=0.0000 vol=1.6210 cent=1.1993 | val seg=1.0317 meanFGDice=0.5259 | best=0.5322 pat=9/100
[E165 i0000 EXP] tot=7.6457 seg(log)=0.7156 seg(bw)=0.0000 vol=1.6497 cent=1.1992 t=5.00 lr=9.00e-04
[E165 i0025 STD] tot=7.6009 seg(log)=1.0253 seg(bw)=0.0000 vol=1.6040 cent=1.1994 t=5.00 lr=9.00e-04
[E165 i0050 EXP] tot=7.6391 seg(log)=0.7582 seg(bw)=0.0000 vol=1.6455 cent=1.1987 t=5.00 lr=9.00e-04
[E165 i0075 STD] tot=7.5886 seg(log)=1.0072 seg(bw)=0.0000 vol=1.5927 cent=1.1992 t=5.00 lr=9.00e-04
[E165 i0100 EXP] tot=7.6463 seg(log)=0.7357 seg(bw)=0.0000 vol=1.6499 cent=1.1993 t=5.00 lr=9.00e-04
[E165 i0125 STD] tot=7.5958 seg(log)=0.9782 seg(bw)=0.0000 vol=1.6017 cent=1.1988 t=5.00 lr=9.00e-04
[E165 i0150 EXP] tot=7.6445 seg(log)=0.7618 seg(bw)=0.0000 vol=1.6483 cent=1.1992 t=5.00 lr=9.00e-04
[E165 i0175 STD] tot=7.5809 seg(log)=0.9636 seg(bw)=0.0000 vol=1.5878 cent=1.1986 t=5.00 lr=9.00e-04
[E165] train tot=7.6173 seg(log)=0.8626 seg(bw)=0.0000 vol=1.6208 cent=1.1993 | val seg=1.0114 meanFGDice=0.5216 | best=0.5322 pat=10/100
[E166 i0000 EXP] tot=7.6385 seg(log)=0.7738 seg(bw)=0.0000 vol=1.6422 cent=1.1993 t=5.00 lr=9.00e-04
[E166 i0025 STD] tot=7.5897 seg(log)=1.0705 seg(bw)=0.0000 vol=1.5894 cent=1.2001 t=5.00 lr=9.00e-04
[E166 i0050 EXP] tot=7.6428 seg(log)=0.7267 seg(bw)=0.0000 vol=1.6486 cent=1.1988 t=5.00 lr=9.00e-04
[E166 i0075 STD] tot=7.5930 seg(log)=1.0407 seg(bw)=0.0000 vol=1.5979 cent=1.1990 t=5.00 lr=9.00e-04
[E166 i0100 EXP] tot=7.6476 seg(log)=0.7137 seg(bw)=0.0000 vol=1.6517 cent=1.1992 t=5.00 lr=9.00e-04
[E166 i0125 STD] tot=7.5718 seg(log)=1.0427 seg(bw)=0.0000 vol=1.5749 cent=1.1994 t=5.00 lr=9.00e-04
[E166 i0150 EXP] tot=7.6474 seg(log)=0.7079 seg(bw)=0.0000 vol=1.6532 cent=1.1988 t=5.00 lr=9.00e-04
[E166 i0175 STD] tot=7.5757 seg(log)=1.0844 seg(bw)=0.0000 vol=1.5776 cent=1.1996 t=5.00 lr=9.00e-04
[E166] train tot=7.6172 seg(log)=0.8766 seg(bw)=0.0000 vol=1.6207 cent=1.1993 | val seg=1.0261 meanFGDice=0.5247 | best=0.5322 pat=11/100
[E167 i0000 EXP] tot=7.6450 seg(log)=0.7061 seg(bw)=0.0000 vol=1.6518 cent=1.1986 t=5.00 lr=9.00e-04
[E167 i0025 STD] tot=7.5760 seg(log)=1.0830 seg(bw)=0.0000 vol=1.5796 cent=1.1993 t=5.00 lr=9.00e-04
[E167 i0050 EXP] tot=7.6352 seg(log)=0.7724 seg(bw)=0.0000 vol=1.6405 cent=1.1989 t=5.00 lr=9.00e-04
[E167 i0075 STD] tot=7.6045 seg(log)=0.9810 seg(bw)=0.0000 vol=1.6005 cent=1.2008 t=5.00 lr=9.00e-04
[E167 i0100 EXP] tot=7.6432 seg(log)=0.7199 seg(bw)=0.0000 vol=1.6489 cent=1.1989 t=5.00 lr=9.00e-04
[E167 i0125 STD] tot=7.5842 seg(log)=1.0027 seg(bw)=0.0000 vol=1.5876 cent=1.1993 t=5.00 lr=9.00e-04
[E167 i0150 EXP] tot=7.6400 seg(log)=0.7554 seg(bw)=0.0000 vol=1.6454 cent=1.1989 t=5.00 lr=9.00e-04
[E167 i0175 STD] tot=7.6053 seg(log)=0.9632 seg(bw)=0.0000 vol=1.6103 cent=1.1990 t=5.00 lr=9.00e-04
[E167] train tot=7.6168 seg(log)=0.8598 seg(bw)=0.0000 vol=1.6204 cent=1.1993 | val seg=0.9953 meanFGDice=0.5239 | best=0.5322 pat=12/100
[E168 i0000 EXP] tot=7.6455 seg(log)=0.7116 seg(bw)=0.0000 vol=1.6517 cent=1.1988 t=5.00 lr=9.00e-04
[E168 i0025 STD] tot=7.5861 seg(log)=0.9982 seg(bw)=0.0000 vol=1.5889 cent=1.1994 t=5.00 lr=9.00e-04
[E168 i0050 EXP] tot=7.6486 seg(log)=0.7121 seg(bw)=0.0000 vol=1.6494 cent=1.1998 t=5.00 lr=9.00e-04
[E168 i0075 STD] tot=7.6060 seg(log)=0.9709 seg(bw)=0.0000 vol=1.6099 cent=1.1992 t=5.00 lr=9.00e-04
[E168 i0100 EXP] tot=7.6430 seg(log)=0.7375 seg(bw)=0.0000 vol=1.6477 cent=1.1991 t=5.00 lr=9.00e-04
[E168 i0125 STD] tot=7.6004 seg(log)=0.9393 seg(bw)=0.0000 vol=1.6023 cent=1.1996 t=5.00 lr=9.00e-04
[E168 i0150 EXP] tot=7.6515 seg(log)=0.6875 seg(bw)=0.0000 vol=1.6565 cent=1.1990 t=5.00 lr=9.00e-04
[E168 i0175 STD] tot=7.5902 seg(log)=0.9629 seg(bw)=0.0000 vol=1.5923 cent=1.1996 t=5.00 lr=9.00e-04
[E168] train tot=7.6166 seg(log)=0.8541 seg(bw)=0.0000 vol=1.6204 cent=1.1992 | val seg=0.9790 meanFGDice=0.5295 | best=0.5322 pat=13/100
[E169 i0000 EXP] tot=7.6517 seg(log)=0.7177 seg(bw)=0.0000 vol=1.6499 cent=1.2003 t=5.00 lr=9.00e-04
[E169 i0025 STD] tot=7.5864 seg(log)=1.0178 seg(bw)=0.0000 vol=1.5911 cent=1.1991 t=5.00 lr=9.00e-04
[E169 i0050 EXP] tot=7.6444 seg(log)=0.7374 seg(bw)=0.0000 vol=1.6492 cent=1.1990 t=5.00 lr=9.00e-04
[E169 i0075 STD] tot=7.5749 seg(log)=0.9966 seg(bw)=0.0000 vol=1.5790 cent=1.1992 t=5.00 lr=9.00e-04
[E169 i0100 EXP] tot=7.6568 seg(log)=0.7332 seg(bw)=0.0000 vol=1.6561 cent=1.2002 t=5.00 lr=9.00e-04
[E169 i0125 STD] tot=7.5865 seg(log)=0.9866 seg(bw)=0.0000 vol=1.5889 cent=1.1995 t=5.00 lr=9.00e-04
[E169 i0150 EXP] tot=7.6551 seg(log)=0.7774 seg(bw)=0.0000 vol=1.6505 cent=1.2009 t=5.00 lr=9.00e-04
[E169 i0175 STD] tot=7.5968 seg(log)=0.9550 seg(bw)=0.0000 vol=1.6001 cent=1.1993 t=5.00 lr=9.00e-04
[E169] train tot=7.6185 seg(log)=0.8785 seg(bw)=0.0000 vol=1.6207 cent=1.1996 | val seg=1.0013 meanFGDice=0.5310 | best=0.5322 pat=14/100
[E170 i0000 EXP] tot=7.6442 seg(log)=0.7386 seg(bw)=0.0000 vol=1.6500 cent=1.1988 t=5.00 lr=9.00e-04
[E170 i0025 STD] tot=7.5873 seg(log)=0.9683 seg(bw)=0.0000 vol=1.5936 cent=1.1987 t=5.00 lr=9.00e-04
[E170 i0050 EXP] tot=7.6437 seg(log)=0.7547 seg(bw)=0.0000 vol=1.6480 cent=1.1991 t=5.00 lr=9.00e-04
[E170 i0075 STD] tot=7.6014 seg(log)=1.0072 seg(bw)=0.0000 vol=1.6029 cent=1.1997 t=5.00 lr=9.00e-04
[E170 i0100 EXP] tot=7.6485 seg(log)=0.7188 seg(bw)=0.0000 vol=1.6543 cent=1.1988 t=5.00 lr=9.00e-04
[E170 i0125 STD] tot=7.5907 seg(log)=0.9822 seg(bw)=0.0000 vol=1.5927 cent=1.1996 t=5.00 lr=9.00e-04
[E170 i0150 EXP] tot=7.6533 seg(log)=0.6994 seg(bw)=0.0000 vol=1.6581 cent=1.1991 t=5.00 lr=9.00e-04
[E170 i0175 STD] tot=7.5818 seg(log)=1.0079 seg(bw)=0.0000 vol=1.5797 cent=1.2004 t=5.00 lr=9.00e-04
[E170] train tot=7.6178 seg(log)=0.8660 seg(bw)=0.0000 vol=1.6209 cent=1.1994 | val seg=1.0105 meanFGDice=0.5272 | best=0.5322 pat=15/100
[E171 i0000 EXP] tot=7.6430 seg(log)=0.7354 seg(bw)=0.0000 vol=1.6488 cent=1.1988 t=5.00 lr=9.00e-04
[E171 i0025 STD] tot=7.5749 seg(log)=0.9991 seg(bw)=0.0000 vol=1.5731 cent=1.2004 t=5.00 lr=9.00e-04
[E171 i0050 EXP] tot=7.6393 seg(log)=0.7811 seg(bw)=0.0000 vol=1.6435 cent=1.1992 t=5.00 lr=9.00e-04
[E171 i0075 STD] tot=7.5931 seg(log)=0.9650 seg(bw)=0.0000 vol=1.5982 cent=1.1990 t=5.00 lr=9.00e-04
[E171 i0100 EXP] tot=7.6419 seg(log)=0.7514 seg(bw)=0.0000 vol=1.6454 cent=1.1993 t=5.00 lr=9.00e-04
[E171 i0125 STD] tot=7.5976 seg(log)=1.0631 seg(bw)=0.0000 vol=1.6036 cent=1.1988 t=5.00 lr=9.00e-04
[E171 i0150 EXP] tot=7.6457 seg(log)=0.6970 seg(bw)=0.0000 vol=1.6514 cent=1.1988 t=5.00 lr=9.00e-04
[E171 i0175 STD] tot=7.5869 seg(log)=1.0266 seg(bw)=0.0000 vol=1.5917 cent=1.1990 t=5.00 lr=9.00e-04
[E171] train tot=7.6165 seg(log)=0.8661 seg(bw)=0.0000 vol=1.6207 cent=1.1992 | val seg=0.9665 meanFGDice=0.5354 | best=0.5354 pat=0/100
[E172 i0000 EXP] tot=7.6336 seg(log)=0.8160 seg(bw)=0.0000 vol=1.6379 cent=1.1992 t=5.00 lr=9.00e-04
[E172 i0025 STD] tot=7.6053 seg(log)=0.9406 seg(bw)=0.0000 vol=1.6108 cent=1.1989 t=5.00 lr=9.00e-04
[E172 i0050 EXP] tot=7.6432 seg(log)=0.7290 seg(bw)=0.0000 vol=1.6481 cent=1.1990 t=5.00 lr=9.00e-04
[E172 i0075 STD] tot=7.5797 seg(log)=0.9745 seg(bw)=0.0000 vol=1.5855 cent=1.1988 t=5.00 lr=9.00e-04
[E172 i0100 EXP] tot=7.6462 seg(log)=0.6937 seg(bw)=0.0000 vol=1.6529 cent=1.1987 t=5.00 lr=9.00e-04
[E172 i0125 STD] tot=7.5973 seg(log)=0.9644 seg(bw)=0.0000 vol=1.6012 cent=1.1992 t=5.00 lr=9.00e-04
[E172 i0150 EXP] tot=7.6429 seg(log)=0.7216 seg(bw)=0.0000 vol=1.6497 cent=1.1986 t=5.00 lr=9.00e-04
[E172 i0175 STD] tot=7.5970 seg(log)=0.9763 seg(bw)=0.0000 vol=1.6000 cent=1.1994 t=5.00 lr=9.00e-04
[E172] train tot=7.6166 seg(log)=0.8587 seg(bw)=0.0000 vol=1.6208 cent=1.1992 | val seg=0.9747 meanFGDice=0.5390 | best=0.5390 pat=0/100
[E173 i0000 EXP] tot=7.6374 seg(log)=0.7623 seg(bw)=0.0000 vol=1.6415 cent=1.1992 t=5.00 lr=9.00e-04
[E173 i0025 STD] tot=7.5841 seg(log)=0.9958 seg(bw)=0.0000 vol=1.5917 cent=1.1985 t=5.00 lr=9.00e-04
[E173 i0050 EXP] tot=7.6506 seg(log)=0.6802 seg(bw)=0.0000 vol=1.6561 cent=1.1989 t=5.00 lr=9.00e-04
[E173 i0075 STD] tot=7.5919 seg(log)=0.9974 seg(bw)=0.0000 vol=1.5915 cent=1.2001 t=5.00 lr=9.00e-04
[E173 i0100 EXP] tot=7.6464 seg(log)=0.6969 seg(bw)=0.0000 vol=1.6528 cent=1.1987 t=5.00 lr=9.00e-04
[E173 i0125 STD] tot=7.5893 seg(log)=0.9554 seg(bw)=0.0000 vol=1.5933 cent=1.1992 t=5.00 lr=9.00e-04
[E173 i0150 EXP] tot=7.6467 seg(log)=0.6931 seg(bw)=0.0000 vol=1.6504 cent=1.1993 t=5.00 lr=9.00e-04
[E173 i0175 STD] tot=7.5894 seg(log)=0.9654 seg(bw)=0.0000 vol=1.5937 cent=1.1991 t=5.00 lr=9.00e-04
[E173] train tot=7.6168 seg(log)=0.8525 seg(bw)=0.0000 vol=1.6206 cent=1.1992 | val seg=0.9932 meanFGDice=0.5238 | best=0.5390 pat=1/100
[E174 i0000 EXP] tot=7.6489 seg(log)=0.6915 seg(bw)=0.0000 vol=1.6548 cent=1.1988 t=5.00 lr=9.00e-04
[E174 i0025 STD] tot=7.5951 seg(log)=1.0136 seg(bw)=0.0000 vol=1.5958 cent=1.1999 t=5.00 lr=9.00e-04
[E174 i0050 EXP] tot=7.6468 seg(log)=0.7563 seg(bw)=0.0000 vol=1.6462 cent=1.2001 t=5.00 lr=9.00e-04
[E174 i0075 STD] tot=7.5731 seg(log)=1.0187 seg(bw)=0.0000 vol=1.5781 cent=1.1990 t=5.00 lr=9.00e-04
[E174 i0100 EXP] tot=7.6454 seg(log)=0.7312 seg(bw)=0.0000 vol=1.6510 cent=1.1989 t=5.00 lr=9.00e-04
[E174 i0125 STD] tot=7.6010 seg(log)=0.9950 seg(bw)=0.0000 vol=1.6069 cent=1.1988 t=5.00 lr=9.00e-04
[E174 i0150 EXP] tot=7.6442 seg(log)=0.7234 seg(bw)=0.0000 vol=1.6502 cent=1.1988 t=5.00 lr=9.00e-04
[E174 i0175 STD] tot=7.5895 seg(log)=0.9573 seg(bw)=0.0000 vol=1.5915 cent=1.1996 t=5.00 lr=9.00e-04
[E174] train tot=7.6161 seg(log)=0.8565 seg(bw)=0.0000 vol=1.6205 cent=1.1991 | val seg=0.9427 meanFGDice=0.5259 | best=0.5390 pat=2/100
[E175 i0000 EXP] tot=7.6464 seg(log)=0.7050 seg(bw)=0.0000 vol=1.6514 cent=1.1990 t=5.00 lr=9.00e-04
[E175 i0025 STD] tot=7.5904 seg(log)=0.9665 seg(bw)=0.0000 vol=1.5929 cent=1.1995 t=5.00 lr=9.00e-04
[E175 i0050 EXP] tot=7.6501 seg(log)=0.6640 seg(bw)=0.0000 vol=1.6565 cent=1.1987 t=5.00 lr=9.00e-04
[E175 i0075 STD] tot=7.5722 seg(log)=1.1128 seg(bw)=0.0000 vol=1.5693 cent=1.2006 t=5.00 lr=9.00e-04
[E175 i0100 EXP] tot=7.6427 seg(log)=0.7443 seg(bw)=0.0000 vol=1.6458 cent=1.1994 t=5.00 lr=9.00e-04
[E175 i0125 STD] tot=7.5894 seg(log)=1.0436 seg(bw)=0.0000 vol=1.5888 cent=1.2001 t=5.00 lr=9.00e-04
[E175 i0150 EXP] tot=7.6417 seg(log)=0.6900 seg(bw)=0.0000 vol=1.6482 cent=1.1987 t=5.00 lr=9.00e-04
[E175 i0175 STD] tot=7.5818 seg(log)=1.0698 seg(bw)=0.0000 vol=1.5853 cent=1.1993 t=5.00 lr=9.00e-04
[E175] train tot=7.6176 seg(log)=0.8652 seg(bw)=0.0000 vol=1.6210 cent=1.1993 | val seg=1.0883 meanFGDice=0.5191 | best=0.5390 pat=3/100
[E176 i0000 EXP] tot=7.6411 seg(log)=0.7514 seg(bw)=0.0000 vol=1.6473 cent=1.1988 t=5.00 lr=9.00e-04
[E176 i0025 STD] tot=7.5862 seg(log)=1.0504 seg(bw)=0.0000 vol=1.5923 cent=1.1988 t=5.00 lr=9.00e-04
[E176 i0050 EXP] tot=7.6419 seg(log)=0.7468 seg(bw)=0.0000 vol=1.6458 cent=1.1992 t=5.00 lr=9.00e-04
[E176 i0075 STD] tot=7.6228 seg(log)=1.0012 seg(bw)=0.0000 vol=1.6103 cent=1.2025 t=5.00 lr=9.00e-04
[E176 i0100 EXP] tot=7.6654 seg(log)=0.6709 seg(bw)=0.0000 vol=1.6607 cent=1.2009 t=5.00 lr=9.00e-04
[E176 i0125 STD] tot=7.5887 seg(log)=1.0495 seg(bw)=0.0000 vol=1.5858 cent=1.2006 t=5.00 lr=9.00e-04
[E176 i0150 EXP] tot=7.6469 seg(log)=0.7081 seg(bw)=0.0000 vol=1.6518 cent=1.1990 t=5.00 lr=9.00e-04
[E176 i0175 STD] tot=7.6015 seg(log)=0.9737 seg(bw)=0.0000 vol=1.6072 cent=1.1989 t=5.00 lr=9.00e-04
[E176] train tot=7.6200 seg(log)=0.8936 seg(bw)=0.0000 vol=1.6206 cent=1.1999 | val seg=1.0146 meanFGDice=0.5304 | best=0.5390 pat=4/100
[E177 i0000 EXP] tot=7.6413 seg(log)=0.7285 seg(bw)=0.0000 vol=1.6442 cent=1.1994 t=5.00 lr=9.00e-04
[E177 i0025 STD] tot=7.5871 seg(log)=1.0026 seg(bw)=0.0000 vol=1.5901 cent=1.1994 t=5.00 lr=9.00e-04
[E177 i0050 EXP] tot=7.6465 seg(log)=0.7246 seg(bw)=0.0000 vol=1.6521 cent=1.1989 t=5.00 lr=9.00e-04
[E177 i0075 STD] tot=7.5988 seg(log)=0.9649 seg(bw)=0.0000 vol=1.6023 cent=1.1993 t=5.00 lr=9.00e-04
[E177 i0100 EXP] tot=7.6466 seg(log)=0.7096 seg(bw)=0.0000 vol=1.6503 cent=1.1993 t=5.00 lr=9.00e-04
[E177 i0125 STD] tot=7.5893 seg(log)=0.9385 seg(bw)=0.0000 vol=1.5909 cent=1.1997 t=5.00 lr=9.00e-04
[E177 i0150 EXP] tot=7.6347 seg(log)=0.8282 seg(bw)=0.0000 vol=1.6373 cent=1.1995 t=5.00 lr=9.00e-04
[E177 i0175 STD] tot=7.5820 seg(log)=0.9945 seg(bw)=0.0000 vol=1.5872 cent=1.1990 t=5.00 lr=9.00e-04
[E177] train tot=7.6178 seg(log)=0.8447 seg(bw)=0.0000 vol=1.6206 cent=1.1994 | val seg=0.9989 meanFGDice=0.5294 | best=0.5390 pat=5/100
[E178 i0000 EXP] tot=7.6338 seg(log)=0.7940 seg(bw)=0.0000 vol=1.6373 cent=1.1993 t=5.00 lr=9.00e-04
[E178 i0025 STD] tot=7.6046 seg(log)=0.9303 seg(bw)=0.0000 vol=1.6090 cent=1.1991 t=5.00 lr=9.00e-04
[E178 i0050 EXP] tot=7.6453 seg(log)=0.6941 seg(bw)=0.0000 vol=1.6517 cent=1.1987 t=5.00 lr=9.00e-04
[E178 i0075 STD] tot=7.5880 seg(log)=0.9663 seg(bw)=0.0000 vol=1.5948 cent=1.1986 t=5.00 lr=9.00e-04
[E178 i0100 EXP] tot=7.6375 seg(log)=0.7332 seg(bw)=0.0000 vol=1.6425 cent=1.1990 t=5.00 lr=9.00e-04
[E178 i0125 STD] tot=7.5856 seg(log)=1.0042 seg(bw)=0.0000 vol=1.5863 cent=1.1998 t=5.00 lr=9.00e-04
[E178 i0150 EXP] tot=7.6409 seg(log)=0.7757 seg(bw)=0.0000 vol=1.6449 cent=1.1992 t=5.00 lr=9.00e-04
[E178 i0175 STD] tot=7.5893 seg(log)=0.9697 seg(bw)=0.0000 vol=1.5935 cent=1.1992 t=5.00 lr=9.00e-04
[E178] train tot=7.6162 seg(log)=0.8462 seg(bw)=0.0000 vol=1.6204 cent=1.1991 | val seg=0.9625 meanFGDice=0.5284 | best=0.5390 pat=6/100
[E179 i0000 EXP] tot=7.6406 seg(log)=0.7381 seg(bw)=0.0000 vol=1.6454 cent=1.1990 t=5.00 lr=9.00e-04
[E179 i0025 STD] tot=7.6050 seg(log)=0.9679 seg(bw)=0.0000 vol=1.6076 cent=1.1995 t=5.00 lr=9.00e-04
[E179 i0050 EXP] tot=7.6473 seg(log)=0.6903 seg(bw)=0.0000 vol=1.6526 cent=1.1989 t=5.00 lr=9.00e-04
[E179 i0075 STD] tot=7.5692 seg(log)=1.0190 seg(bw)=0.0000 vol=1.5687 cent=1.2001 t=5.00 lr=9.00e-04
[E179 i0100 EXP] tot=7.6504 seg(log)=0.6732 seg(bw)=0.0000 vol=1.6562 cent=1.1988 t=5.00 lr=9.00e-04
[E179 i0125 STD] tot=7.5783 seg(log)=0.9999 seg(bw)=0.0000 vol=1.5825 cent=1.1992 t=5.00 lr=9.00e-04
[E179 i0150 EXP] tot=7.6515 seg(log)=0.6882 seg(bw)=0.0000 vol=1.6572 cent=1.1989 t=5.00 lr=9.00e-04
[E179 i0175 STD] tot=7.5957 seg(log)=0.9695 seg(bw)=0.0000 vol=1.5993 cent=1.1993 t=5.00 lr=9.00e-04
[E179] train tot=7.6162 seg(log)=0.8424 seg(bw)=0.0000 vol=1.6203 cent=1.1992 | val seg=0.9956 meanFGDice=0.5332 | best=0.5390 pat=7/100
[E180 i0000 EXP] tot=7.6479 seg(log)=0.7497 seg(bw)=0.0000 vol=1.6422 cent=1.2011 t=5.00 lr=9.00e-04
[E180 i0025 STD] tot=7.5808 seg(log)=0.9960 seg(bw)=0.0000 vol=1.5834 cent=1.1995 t=5.00 lr=9.00e-04
[E180 i0050 EXP] tot=7.6522 seg(log)=0.6713 seg(bw)=0.0000 vol=1.6574 cent=1.1989 t=5.00 lr=9.00e-04
[E180 i0075 STD] tot=7.5895 seg(log)=1.0260 seg(bw)=0.0000 vol=1.5907 cent=1.1998 t=5.00 lr=9.00e-04
[E180 i0100 EXP] tot=7.6402 seg(log)=0.7395 seg(bw)=0.0000 vol=1.6446 cent=1.1991 t=5.00 lr=9.00e-04
[E180 i0125 STD] tot=7.5819 seg(log)=0.9279 seg(bw)=0.0000 vol=1.5842 cent=1.1995 t=5.00 lr=9.00e-04
[E180 i0150 EXP] tot=7.6513 seg(log)=0.6825 seg(bw)=0.0000 vol=1.6580 cent=1.1987 t=5.00 lr=9.00e-04
[E180 i0175 STD] tot=7.5835 seg(log)=0.9777 seg(bw)=0.0000 vol=1.5899 cent=1.1987 t=5.00 lr=9.00e-04
[E180] train tot=7.6166 seg(log)=0.8409 seg(bw)=0.0000 vol=1.6203 cent=1.1993 | val seg=0.9844 meanFGDice=0.5376 | best=0.5390 pat=8/100
[E181 i0000 EXP] tot=7.6496 seg(log)=0.7027 seg(bw)=0.0000 vol=1.6553 cent=1.1989 t=5.00 lr=9.00e-04
[E181 i0025 STD] tot=7.5794 seg(log)=0.9692 seg(bw)=0.0000 vol=1.5843 cent=1.1990 t=5.00 lr=9.00e-04
[E181 i0050 EXP] tot=7.6567 seg(log)=0.6970 seg(bw)=0.0000 vol=1.6573 cent=1.1999 t=5.00 lr=9.00e-04
[E181 i0075 STD] tot=7.5756 seg(log)=0.9540 seg(bw)=0.0000 vol=1.5781 cent=1.1995 t=5.00 lr=9.00e-04
[E181 i0100 EXP] tot=7.6491 seg(log)=0.7023 seg(bw)=0.0000 vol=1.6558 cent=1.1987 t=5.00 lr=9.00e-04
[E181 i0125 STD] tot=7.5802 seg(log)=0.9625 seg(bw)=0.0000 vol=1.5827 cent=1.1995 t=5.00 lr=9.00e-04
[E181 i0150 EXP] tot=7.6430 seg(log)=0.7203 seg(bw)=0.0000 vol=1.6465 cent=1.1993 t=5.00 lr=9.00e-04
[E181 i0175 STD] tot=7.5874 seg(log)=0.9500 seg(bw)=0.0000 vol=1.5914 cent=1.1992 t=5.00 lr=9.00e-04
[E181] train tot=7.6161 seg(log)=0.8345 seg(bw)=0.0000 vol=1.6204 cent=1.1991 | val seg=0.9692 meanFGDice=0.5325 | best=0.5390 pat=9/100
[E182 i0000 EXP] tot=7.6524 seg(log)=0.6720 seg(bw)=0.0000 vol=1.6583 cent=1.1988 t=5.00 lr=9.00e-04
[E182 i0025 STD] tot=7.5920 seg(log)=0.9335 seg(bw)=0.0000 vol=1.5960 cent=1.1992 t=5.00 lr=9.00e-04
[E182 i0050 EXP] tot=7.6504 seg(log)=0.6997 seg(bw)=0.0000 vol=1.6528 cent=1.1995 t=5.00 lr=9.00e-04
[E182 i0075 STD] tot=7.5858 seg(log)=0.9327 seg(bw)=0.0000 vol=1.5920 cent=1.1988 t=5.00 lr=9.00e-04
[E182 i0100 EXP] tot=7.6466 seg(log)=0.7121 seg(bw)=0.0000 vol=1.6514 cent=1.1990 t=5.00 lr=9.00e-04
[E182 i0125 STD] tot=7.5955 seg(log)=0.9376 seg(bw)=0.0000 vol=1.6006 cent=1.1990 t=5.00 lr=9.00e-04
[E182 i0150 EXP] tot=7.6483 seg(log)=0.6918 seg(bw)=0.0000 vol=1.6554 cent=1.1986 t=5.00 lr=9.00e-04
[E182 i0175 STD] tot=7.5945 seg(log)=0.9792 seg(bw)=0.0000 vol=1.5994 cent=1.1990 t=5.00 lr=9.00e-04
[E182] train tot=7.6162 seg(log)=0.8328 seg(bw)=0.0000 vol=1.6205 cent=1.1991 | val seg=0.9638 meanFGDice=0.5412 | best=0.5412 pat=0/100
[E183 i0000 EXP] tot=7.6427 seg(log)=0.6894 seg(bw)=0.0000 vol=1.6490 cent=1.1987 t=5.00 lr=9.00e-04
[E183 i0025 STD] tot=7.6078 seg(log)=0.9446 seg(bw)=0.0000 vol=1.6146 cent=1.1986 t=5.00 lr=9.00e-04
[E183 i0050 EXP] tot=7.6463 seg(log)=0.7246 seg(bw)=0.0000 vol=1.6516 cent=1.1990 t=5.00 lr=9.00e-04
[E183 i0075 STD] tot=7.5910 seg(log)=1.0282 seg(bw)=0.0000 vol=1.5963 cent=1.1989 t=5.00 lr=9.00e-04
[E183 i0100 EXP] tot=7.6551 seg(log)=0.6656 seg(bw)=0.0000 vol=1.6611 cent=1.1988 t=5.00 lr=9.00e-04
[E183 i0125 STD] tot=7.5835 seg(log)=0.9500 seg(bw)=0.0000 vol=1.5861 cent=1.1995 t=5.00 lr=9.00e-04
[E183 i0150 EXP] tot=7.6411 seg(log)=0.7362 seg(bw)=0.0000 vol=1.6429 cent=1.1996 t=5.00 lr=9.00e-04
[E183 i0175 STD] tot=7.5850 seg(log)=0.9710 seg(bw)=0.0000 vol=1.5899 cent=1.1990 t=5.00 lr=9.00e-04
[E183] train tot=7.6156 seg(log)=0.8450 seg(bw)=0.0000 vol=1.6205 cent=1.1990 | val seg=0.9879 meanFGDice=0.5317 | best=0.5412 pat=1/100
[E184 i0000 EXP] tot=7.6527 seg(log)=0.6979 seg(bw)=0.0000 vol=1.6596 cent=1.1986 t=5.00 lr=9.00e-04
[E184 i0025 STD] tot=7.5794 seg(log)=0.9745 seg(bw)=0.0000 vol=1.5809 cent=1.1997 t=5.00 lr=9.00e-04
[E184 i0050 EXP] tot=7.6469 seg(log)=0.6919 seg(bw)=0.0000 vol=1.6533 cent=1.1987 t=5.00 lr=9.00e-04
[E184 i0075 STD] tot=7.5939 seg(log)=0.9606 seg(bw)=0.0000 vol=1.5995 cent=1.1989 t=5.00 lr=9.00e-04
[E184 i0100 EXP] tot=7.6445 seg(log)=0.7147 seg(bw)=0.0000 vol=1.6492 cent=1.1991 t=5.00 lr=9.00e-04
[E184 i0125 STD] tot=7.5916 seg(log)=0.9843 seg(bw)=0.0000 vol=1.5972 cent=1.1989 t=5.00 lr=9.00e-04
[E184 i0150 EXP] tot=7.6459 seg(log)=0.7054 seg(bw)=0.0000 vol=1.6523 cent=1.1987 t=5.00 lr=9.00e-04
[E184 i0175 STD] tot=7.5869 seg(log)=0.9541 seg(bw)=0.0000 vol=1.5931 cent=1.1988 t=5.00 lr=9.00e-04
[E184] train tot=7.6157 seg(log)=0.8436 seg(bw)=0.0000 vol=1.6205 cent=1.1990 | val seg=0.9697 meanFGDice=0.5308 | best=0.5412 pat=2/100
[E185 i0000 EXP] tot=7.6424 seg(log)=0.7501 seg(bw)=0.0000 vol=1.6444 cent=1.1996 t=5.00 lr=9.00e-04
[E185 i0025 STD] tot=7.5885 seg(log)=0.9468 seg(bw)=0.0000 vol=1.5919 cent=1.1993 t=5.00 lr=9.00e-04
[E185 i0050 EXP] tot=7.6483 seg(log)=0.6783 seg(bw)=0.0000 vol=1.6550 cent=1.1987 t=5.00 lr=9.00e-04
[E185 i0075 STD] tot=7.6073 seg(log)=0.9201 seg(bw)=0.0000 vol=1.6109 cent=1.1993 t=5.00 lr=9.00e-04
[E185 i0100 EXP] tot=7.6434 seg(log)=0.7197 seg(bw)=0.0000 vol=1.6488 cent=1.1989 t=5.00 lr=9.00e-04
[E185 i0125 STD] tot=7.5855 seg(log)=0.9766 seg(bw)=0.0000 vol=1.5907 cent=1.1990 t=5.00 lr=9.00e-04
[E185 i0150 EXP] tot=7.6464 seg(log)=0.7024 seg(bw)=0.0000 vol=1.6521 cent=1.1989 t=5.00 lr=9.00e-04
[E185 i0175 STD] tot=7.5863 seg(log)=0.9733 seg(bw)=0.0000 vol=1.5913 cent=1.1990 t=5.00 lr=9.00e-04
[E185] train tot=7.6165 seg(log)=0.8302 seg(bw)=0.0000 vol=1.6209 cent=1.1991 | val seg=0.9856 meanFGDice=0.5297 | best=0.5412 pat=3/100
[E186 i0000 EXP] tot=7.6410 seg(log)=0.7282 seg(bw)=0.0000 vol=1.6472 cent=1.1988 t=5.00 lr=9.00e-04
[E186 i0025 STD] tot=7.5941 seg(log)=0.9265 seg(bw)=0.0000 vol=1.6002 cent=1.1988 t=5.00 lr=9.00e-04
[E186 i0050 EXP] tot=7.6437 seg(log)=0.7180 seg(bw)=0.0000 vol=1.6469 cent=1.1994 t=5.00 lr=9.00e-04
[E186 i0075 STD] tot=7.5814 seg(log)=0.9388 seg(bw)=0.0000 vol=1.5841 cent=1.1995 t=5.00 lr=9.00e-04
[E186 i0100 EXP] tot=7.6442 seg(log)=0.7101 seg(bw)=0.0000 vol=1.6503 cent=1.1988 t=5.00 lr=9.00e-04
[E186 i0125 STD] tot=7.5693 seg(log)=1.0116 seg(bw)=0.0000 vol=1.5737 cent=1.1991 t=5.00 lr=9.00e-04
[E186 i0150 EXP] tot=7.6371 seg(log)=0.7398 seg(bw)=0.0000 vol=1.6429 cent=1.1988 t=5.00 lr=9.00e-04
[E186 i0175 STD] tot=7.5819 seg(log)=0.9312 seg(bw)=0.0000 vol=1.5857 cent=1.1993 t=5.00 lr=9.00e-04
[E186] train tot=7.6170 seg(log)=0.8273 seg(bw)=0.0000 vol=1.6211 cent=1.1992 | val seg=0.9518 meanFGDice=0.5349 | best=0.5412 pat=4/100
[E187 i0000 EXP] tot=7.6458 seg(log)=0.6920 seg(bw)=0.0000 vol=1.6499 cent=1.1992 t=5.00 lr=9.00e-04
[E187 i0025 STD] tot=7.6069 seg(log)=0.9415 seg(bw)=0.0000 vol=1.6076 cent=1.1999 t=5.00 lr=9.00e-04
[E187 i0050 EXP] tot=7.6318 seg(log)=0.8132 seg(bw)=0.0000 vol=1.6347 cent=1.1994 t=5.00 lr=9.00e-04
[E187 i0075 STD] tot=7.5861 seg(log)=0.9249 seg(bw)=0.0000 vol=1.5927 cent=1.1987 t=5.00 lr=9.00e-04
[E187 i0100 EXP] tot=7.6351 seg(log)=0.7647 seg(bw)=0.0000 vol=1.6399 cent=1.1990 t=5.00 lr=9.00e-04
[E187 i0125 STD] tot=7.5959 seg(log)=0.9216 seg(bw)=0.0000 vol=1.6012 cent=1.1989 t=5.00 lr=9.00e-04
[E187 i0150 EXP] tot=7.6466 seg(log)=0.6890 seg(bw)=0.0000 vol=1.6530 cent=1.1987 t=5.00 lr=9.00e-04
[E187 i0175 STD] tot=7.5904 seg(log)=0.9695 seg(bw)=0.0000 vol=1.5934 cent=1.1994 t=5.00 lr=9.00e-04
[E187] train tot=7.6165 seg(log)=0.8271 seg(bw)=0.0000 vol=1.6203 cent=1.1992 | val seg=1.0229 meanFGDice=0.5217 | best=0.5412 pat=5/100
[E188 i0000 EXP] tot=7.6471 seg(log)=0.6850 seg(bw)=0.0000 vol=1.6531 cent=1.1988 t=5.00 lr=9.00e-04
[E188 i0025 STD] tot=7.5728 seg(log)=0.9659 seg(bw)=0.0000 vol=1.5788 cent=1.1988 t=5.00 lr=9.00e-04
[E188 i0050 EXP] tot=7.6401 seg(log)=0.7406 seg(bw)=0.0000 vol=1.6407 cent=1.1999 t=5.00 lr=9.00e-04
[E188 i0075 STD] tot=7.6002 seg(log)=0.9161 seg(bw)=0.0000 vol=1.6034 cent=1.1994 t=5.00 lr=9.00e-04
[E188 i0100 EXP] tot=7.6464 seg(log)=0.6720 seg(bw)=0.0000 vol=1.6527 cent=1.1987 t=5.00 lr=9.00e-04
[E188 i0125 STD] tot=7.6058 seg(log)=0.9304 seg(bw)=0.0000 vol=1.6072 cent=1.1997 t=5.00 lr=9.00e-04
[E188 i0150 EXP] tot=7.6375 seg(log)=0.7723 seg(bw)=0.0000 vol=1.6432 cent=1.1989 t=5.00 lr=9.00e-04
[E188 i0175 STD] tot=7.5935 seg(log)=0.9372 seg(bw)=0.0000 vol=1.5948 cent=1.1997 t=5.00 lr=9.00e-04
[E188] train tot=7.6177 seg(log)=0.8312 seg(bw)=0.0000 vol=1.6211 cent=1.1993 | val seg=0.9873 meanFGDice=0.5228 | best=0.5412 pat=6/100
[E189 i0000 EXP] tot=7.6533 seg(log)=0.6781 seg(bw)=0.0000 vol=1.6595 cent=1.1988 t=5.00 lr=9.00e-04
[E189 i0025 STD] tot=7.5948 seg(log)=0.9484 seg(bw)=0.0000 vol=1.5951 cent=1.1999 t=5.00 lr=9.00e-04
[E189 i0050 EXP] tot=7.6428 seg(log)=0.7415 seg(bw)=0.0000 vol=1.6492 cent=1.1987 t=5.00 lr=9.00e-04
[E189 i0075 STD] tot=7.5912 seg(log)=0.9181 seg(bw)=0.0000 vol=1.5957 cent=1.1991 t=5.00 lr=9.00e-04
[E189 i0100 EXP] tot=7.6248 seg(log)=0.8161 seg(bw)=0.0000 vol=1.6313 cent=1.1987 t=5.00 lr=9.00e-04
[E189 i0125 STD] tot=7.5681 seg(log)=0.9653 seg(bw)=0.0000 vol=1.5716 cent=1.1993 t=5.00 lr=9.00e-04
[E189 i0150 EXP] tot=7.6569 seg(log)=0.6843 seg(bw)=0.0000 vol=1.6536 cent=1.2007 t=5.00 lr=9.00e-04
[E189 i0175 STD] tot=7.5919 seg(log)=0.9543 seg(bw)=0.0000 vol=1.5928 cent=1.1998 t=5.00 lr=9.00e-04
[E189] train tot=7.6174 seg(log)=0.8296 seg(bw)=0.0000 vol=1.6205 cent=1.1994 | val seg=0.9852 meanFGDice=0.5350 | best=0.5412 pat=7/100
[E190 i0000 EXP] tot=7.6499 seg(log)=0.7023 seg(bw)=0.0000 vol=1.6538 cent=1.1992 t=5.00 lr=9.00e-04
[E190 i0025 STD] tot=7.5974 seg(log)=0.9394 seg(bw)=0.0000 vol=1.5949 cent=1.2005 t=5.00 lr=9.00e-04
[E190 i0050 EXP] tot=7.6422 seg(log)=0.7421 seg(bw)=0.0000 vol=1.6476 cent=1.1989 t=5.00 lr=9.00e-04
[E190 i0075 STD] tot=7.5817 seg(log)=0.9659 seg(bw)=0.0000 vol=1.5839 cent=1.1995 t=5.00 lr=9.00e-04
[E190 i0100 EXP] tot=7.6392 seg(log)=0.7205 seg(bw)=0.0000 vol=1.6430 cent=1.1992 t=5.00 lr=9.00e-04
[E190 i0125 STD] tot=7.5702 seg(log)=0.9937 seg(bw)=0.0000 vol=1.5725 cent=1.1995 t=5.00 lr=9.00e-04
[E190 i0150 EXP] tot=7.6448 seg(log)=0.6968 seg(bw)=0.0000 vol=1.6516 cent=1.1986 t=5.00 lr=9.00e-04
[E190 i0175 STD] tot=7.5941 seg(log)=0.9517 seg(bw)=0.0000 vol=1.5990 cent=1.1990 t=5.00 lr=9.00e-04
[E190] train tot=7.6169 seg(log)=0.8295 seg(bw)=0.0000 vol=1.6209 cent=1.1992 | val seg=0.9564 meanFGDice=0.5299 | best=0.5412 pat=8/100
[E191 i0000 EXP] tot=7.6570 seg(log)=0.6542 seg(bw)=0.0000 vol=1.6614 cent=1.1991 t=5.00 lr=9.00e-04
[E191 i0025 STD] tot=7.5749 seg(log)=0.9897 seg(bw)=0.0000 vol=1.5780 cent=1.1994 t=5.00 lr=9.00e-04
[E191 i0050 EXP] tot=7.6387 seg(log)=0.7816 seg(bw)=0.0000 vol=1.6415 cent=1.1994 t=5.00 lr=9.00e-04
[E191 i0075 STD] tot=7.6066 seg(log)=0.9035 seg(bw)=0.0000 vol=1.6125 cent=1.1988 t=5.00 lr=9.00e-04
[E191 i0100 EXP] tot=7.6456 seg(log)=0.6881 seg(bw)=0.0000 vol=1.6532 cent=1.1985 t=5.00 lr=9.00e-04
[E191 i0125 STD] tot=7.6103 seg(log)=0.9086 seg(bw)=0.0000 vol=1.6136 cent=1.1993 t=5.00 lr=9.00e-04
[E191 i0150 EXP] tot=7.6452 seg(log)=0.6964 seg(bw)=0.0000 vol=1.6500 cent=1.1990 t=5.00 lr=9.00e-04
[E191 i0175 STD] tot=7.5865 seg(log)=0.9242 seg(bw)=0.0000 vol=1.5854 cent=1.2002 t=5.00 lr=9.00e-04
[E191] train tot=7.6155 seg(log)=0.8280 seg(bw)=0.0000 vol=1.6200 cent=1.1991 | val seg=0.9516 meanFGDice=0.5261 | best=0.5412 pat=9/100
[E192 i0000 EXP] tot=7.6453 seg(log)=0.7125 seg(bw)=0.0000 vol=1.6489 cent=1.1993 t=5.00 lr=9.00e-04
[E192 i0025 STD] tot=7.5761 seg(log)=0.9604 seg(bw)=0.0000 vol=1.5738 cent=1.2005 t=5.00 lr=9.00e-04
[E192 i0050 EXP] tot=7.6480 seg(log)=0.7025 seg(bw)=0.0000 vol=1.6519 cent=1.1992 t=5.00 lr=9.00e-04
[E192 i0075 STD] tot=7.5867 seg(log)=0.9458 seg(bw)=0.0000 vol=1.5892 cent=1.1995 t=5.00 lr=9.00e-04
[E192 i0100 EXP] tot=7.6505 seg(log)=0.6798 seg(bw)=0.0000 vol=1.6535 cent=1.1994 t=5.00 lr=9.00e-04
[E192 i0125 STD] tot=7.5713 seg(log)=0.9224 seg(bw)=0.0000 vol=1.5726 cent=1.1997 t=5.00 lr=9.00e-04
[E192 i0150 EXP] tot=7.6436 seg(log)=0.6989 seg(bw)=0.0000 vol=1.6495 cent=1.1988 t=5.00 lr=9.00e-04
[E192 i0175 STD] tot=7.5816 seg(log)=0.9382 seg(bw)=0.0000 vol=1.5880 cent=1.1987 t=5.00 lr=9.00e-04
[E192] train tot=7.6171 seg(log)=0.8080 seg(bw)=0.0000 vol=1.6207 cent=1.1993 | val seg=0.9191 meanFGDice=0.5322 | best=0.5412 pat=10/100
[E193 i0000 EXP] tot=7.6540 seg(log)=0.6789 seg(bw)=0.0000 vol=1.6564 cent=1.1995 t=5.00 lr=9.00e-04
[E193 i0025 STD] tot=7.6056 seg(log)=0.8869 seg(bw)=0.0000 vol=1.6113 cent=1.1989 t=5.00 lr=9.00e-04
[E193 i0050 EXP] tot=7.6361 seg(log)=0.7140 seg(bw)=0.0000 vol=1.6434 cent=1.1986 t=5.00 lr=9.00e-04
[E193 i0075 STD] tot=7.5921 seg(log)=0.9259 seg(bw)=0.0000 vol=1.5963 cent=1.1992 t=5.00 lr=9.00e-04
[E193 i0100 EXP] tot=7.6492 seg(log)=0.6545 seg(bw)=0.0000 vol=1.6553 cent=1.1988 t=5.00 lr=9.00e-04
[E193 i0125 STD] tot=7.5625 seg(log)=0.9275 seg(bw)=0.0000 vol=1.5683 cent=1.1988 t=5.00 lr=9.00e-04
[E193 i0150 EXP] tot=7.6481 seg(log)=0.6583 seg(bw)=0.0000 vol=1.6551 cent=1.1986 t=5.00 lr=9.00e-04
[E193 i0175 STD] tot=7.5972 seg(log)=0.8990 seg(bw)=0.0000 vol=1.5991 cent=1.1996 t=5.00 lr=9.00e-04
[E193] train tot=7.6159 seg(log)=0.8085 seg(bw)=0.0000 vol=1.6205 cent=1.1991 | val seg=0.9180 meanFGDice=0.5372 | best=0.5412 pat=11/100
[E194 i0000 EXP] tot=7.6451 seg(log)=0.6826 seg(bw)=0.0000 vol=1.6526 cent=1.1985 t=5.00 lr=9.00e-04
[E194 i0025 STD] tot=7.5780 seg(log)=0.9372 seg(bw)=0.0000 vol=1.5788 cent=1.1998 t=5.00 lr=9.00e-04
[E194 i0050 EXP] tot=7.6407 seg(log)=0.7161 seg(bw)=0.0000 vol=1.6475 cent=1.1987 t=5.00 lr=9.00e-04
[E194 i0075 STD] tot=7.5886 seg(log)=1.0201 seg(bw)=0.0000 vol=1.5886 cent=1.2000 t=5.00 lr=9.00e-04
[E194 i0100 EXP] tot=7.6514 seg(log)=0.7148 seg(bw)=0.0000 vol=1.6534 cent=1.1996 t=5.00 lr=9.00e-04
[E194 i0125 STD] tot=7.6034 seg(log)=0.9016 seg(bw)=0.0000 vol=1.6075 cent=1.1992 t=5.00 lr=9.00e-04
[E194 i0150 EXP] tot=7.6415 seg(log)=0.7542 seg(bw)=0.0000 vol=1.6449 cent=1.1993 t=5.00 lr=9.00e-04
[E194 i0175 STD] tot=7.6028 seg(log)=0.8980 seg(bw)=0.0000 vol=1.6070 cent=1.1992 t=5.00 lr=9.00e-04
[E194] train tot=7.6192 seg(log)=0.8301 seg(bw)=0.0000 vol=1.6210 cent=1.1996 | val seg=0.9168 meanFGDice=0.5342 | best=0.5412 pat=12/100
[E195 i0000 EXP] tot=7.6517 seg(log)=0.6452 seg(bw)=0.0000 vol=1.6558 cent=1.1992 t=5.00 lr=9.00e-04
[E195 i0025 STD] tot=7.5897 seg(log)=0.8773 seg(bw)=0.0000 vol=1.5889 cent=1.2002 t=5.00 lr=9.00e-04
[E195 i0050 EXP] tot=7.6478 seg(log)=0.6888 seg(bw)=0.0000 vol=1.6495 cent=1.1996 t=5.00 lr=9.00e-04
[E195 i0075 STD] tot=7.5886 seg(log)=0.8600 seg(bw)=0.0000 vol=1.5898 cent=1.1998 t=5.00 lr=9.00e-04
[E195 i0100 EXP] tot=7.6510 seg(log)=0.6794 seg(bw)=0.0000 vol=1.6560 cent=1.1990 t=5.00 lr=9.00e-04
[E195 i0125 STD] tot=7.5971 seg(log)=0.8711 seg(bw)=0.0000 vol=1.5945 cent=1.2005 t=5.00 lr=9.00e-04
[E195 i0150 EXP] tot=7.6476 seg(log)=0.6627 seg(bw)=0.0000 vol=1.6536 cent=1.1988 t=5.00 lr=9.00e-04
[E195 i0175 STD] tot=7.5950 seg(log)=0.8631 seg(bw)=0.0000 vol=1.6018 cent=1.1986 t=5.00 lr=9.00e-04
[E195] train tot=7.6177 seg(log)=0.7877 seg(bw)=0.0000 vol=1.6209 cent=1.1994 | val seg=0.9215 meanFGDice=0.5421 | best=0.5421 pat=0/100
[E196 i0000 EXP] tot=7.6428 seg(log)=0.6785 seg(bw)=0.0000 vol=1.6495 cent=1.1987 t=5.00 lr=9.00e-04
[E196 i0025 STD] tot=7.5730 seg(log)=0.9088 seg(bw)=0.0000 vol=1.5792 cent=1.1988 t=5.00 lr=9.00e-04
[E196 i0050 EXP] tot=7.6484 seg(log)=0.6590 seg(bw)=0.0000 vol=1.6540 cent=1.1989 t=5.00 lr=9.00e-04
[E196 i0075 STD] tot=7.5862 seg(log)=0.9015 seg(bw)=0.0000 vol=1.5924 cent=1.1988 t=5.00 lr=9.00e-04
[E196 i0100 EXP] tot=7.6420 seg(log)=0.6810 seg(bw)=0.0000 vol=1.6478 cent=1.1988 t=5.00 lr=9.00e-04
[E196 i0125 STD] tot=7.5930 seg(log)=0.8829 seg(bw)=0.0000 vol=1.5929 cent=1.2000 t=5.00 lr=9.00e-04
[E196 i0150 EXP] tot=7.6397 seg(log)=0.6806 seg(bw)=0.0000 vol=1.6451 cent=1.1989 t=5.00 lr=9.00e-04
[E196 i0175 STD] tot=7.5831 seg(log)=0.8751 seg(bw)=0.0000 vol=1.5860 cent=1.1994 t=5.00 lr=9.00e-04
[E196] train tot=7.6164 seg(log)=0.7831 seg(bw)=0.0000 vol=1.6208 cent=1.1991 | val seg=0.8979 meanFGDice=0.5363 | best=0.5421 pat=1/100
[E197 i0000 EXP] tot=7.6428 seg(log)=0.6988 seg(bw)=0.0000 vol=1.6483 cent=1.1989 t=5.00 lr=9.00e-04
[E197 i0025 STD] tot=7.5854 seg(log)=0.8629 seg(bw)=0.0000 vol=1.5883 cent=1.1994 t=5.00 lr=9.00e-04
[E197 i0050 EXP] tot=7.6432 seg(log)=0.6779 seg(bw)=0.0000 vol=1.6494 cent=1.1988 t=5.00 lr=9.00e-04
[E197 i0075 STD] tot=7.5786 seg(log)=0.8863 seg(bw)=0.0000 vol=1.5833 cent=1.1991 t=5.00 lr=9.00e-04
[E197 i0100 EXP] tot=7.6474 seg(log)=0.6970 seg(bw)=0.0000 vol=1.6496 cent=1.1995 t=5.00 lr=9.00e-04
[E197 i0125 STD] tot=7.5759 seg(log)=0.9144 seg(bw)=0.0000 vol=1.5798 cent=1.1992 t=5.00 lr=9.00e-04
[E197 i0150 EXP] tot=7.6519 seg(log)=0.6564 seg(bw)=0.0000 vol=1.6570 cent=1.1990 t=5.00 lr=9.00e-04
[E197 i0175 STD] tot=7.5957 seg(log)=0.8821 seg(bw)=0.0000 vol=1.5988 cent=1.1994 t=5.00 lr=9.00e-04
[E197] train tot=7.6159 seg(log)=0.7895 seg(bw)=0.0000 vol=1.6206 cent=1.1991 | val seg=0.9171 meanFGDice=0.5403 | best=0.5421 pat=2/100
[E198 i0000 EXP] tot=7.6493 seg(log)=0.6946 seg(bw)=0.0000 vol=1.6494 cent=1.2000 t=5.00 lr=9.00e-04
[E198 i0025 STD] tot=7.5936 seg(log)=0.8945 seg(bw)=0.0000 vol=1.5987 cent=1.1990 t=5.00 lr=9.00e-04
[E198 i0050 EXP] tot=7.6425 seg(log)=0.6923 seg(bw)=0.0000 vol=1.6487 cent=1.1988 t=5.00 lr=9.00e-04
[E198 i0075 STD] tot=7.6022 seg(log)=0.8847 seg(bw)=0.0000 vol=1.6002 cent=1.2004 t=5.00 lr=9.00e-04
[E198 i0100 EXP] tot=7.6410 seg(log)=0.6992 seg(bw)=0.0000 vol=1.6463 cent=1.1989 t=5.00 lr=9.00e-04
[E198 i0125 STD] tot=7.5826 seg(log)=0.8928 seg(bw)=0.0000 vol=1.5848 cent=1.1996 t=5.00 lr=9.00e-04
[E198 i0150 EXP] tot=7.6518 seg(log)=0.6620 seg(bw)=0.0000 vol=1.6567 cent=1.1990 t=5.00 lr=9.00e-04
[E198 i0175 STD] tot=7.5583 seg(log)=0.9851 seg(bw)=0.0000 vol=1.5591 cent=1.1998 t=5.00 lr=9.00e-04
[E198] train tot=7.6163 seg(log)=0.7945 seg(bw)=0.0000 vol=1.6205 cent=1.1992 | val seg=0.9128 meanFGDice=0.5340 | best=0.5421 pat=3/100
[E199 i0000 EXP] tot=7.6423 seg(log)=0.7307 seg(bw)=0.0000 vol=1.6446 cent=1.1995 t=5.00 lr=9.00e-04
[E199 i0025 STD] tot=7.5816 seg(log)=0.9114 seg(bw)=0.0000 vol=1.5872 cent=1.1989 t=5.00 lr=9.00e-04
[E199 i0050 EXP] tot=7.6352 seg(log)=0.7489 seg(bw)=0.0000 vol=1.6409 cent=1.1989 t=5.00 lr=9.00e-04
[E199 i0075 STD] tot=7.5913 seg(log)=0.9053 seg(bw)=0.0000 vol=1.5963 cent=1.1990 t=5.00 lr=9.00e-04
[E199 i0100 EXP] tot=7.6352 seg(log)=0.7119 seg(bw)=0.0000 vol=1.6421 cent=1.1986 t=5.00 lr=9.00e-04
[E199 i0125 STD] tot=7.5908 seg(log)=0.9090 seg(bw)=0.0000 vol=1.5950 cent=1.1992 t=5.00 lr=9.00e-04
[E199 i0150 EXP] tot=7.6475 seg(log)=0.6894 seg(bw)=0.0000 vol=1.6514 cent=1.1992 t=5.00 lr=9.00e-04
[E199 i0175 STD] tot=7.5754 seg(log)=0.9125 seg(bw)=0.0000 vol=1.5820 cent=1.1987 t=5.00 lr=9.00e-04
[E199] train tot=7.6160 seg(log)=0.7990 seg(bw)=0.0000 vol=1.6204 cent=1.1991 | val seg=0.9075 meanFGDice=0.5342 | best=0.5421 pat=4/100
[E200 i0000 EXP] tot=7.6470 seg(log)=0.6812 seg(bw)=0.0000 vol=1.6519 cent=1.1990 t=5.00 lr=9.00e-04
[E200 i0025 STD] tot=7.5795 seg(log)=0.8559 seg(bw)=0.0000 vol=1.5866 cent=1.1986 t=5.00 lr=9.00e-04
[E200 i0050 EXP] tot=7.6461 seg(log)=0.6724 seg(bw)=0.0000 vol=1.6523 cent=1.1988 t=5.00 lr=9.00e-04
[E200 i0075 STD] tot=7.5855 seg(log)=0.8606 seg(bw)=0.0000 vol=1.5897 cent=1.1992 t=5.00 lr=9.00e-04
[E200 i0100 EXP] tot=7.6349 seg(log)=0.7367 seg(bw)=0.0000 vol=1.6391 cent=1.1992 t=5.00 lr=9.00e-04
[E200 i0125 STD] tot=7.5922 seg(log)=0.8575 seg(bw)=0.0000 vol=1.5965 cent=1.1991 t=5.00 lr=9.00e-04
[E200 i0150 EXP] tot=7.6557 seg(log)=0.6325 seg(bw)=0.0000 vol=1.6584 cent=1.1995 t=5.00 lr=9.00e-04
[E200 i0175 STD] tot=7.5912 seg(log)=0.8733 seg(bw)=0.0000 vol=1.5952 cent=1.1992 t=5.00 lr=9.00e-04
[E200] train tot=7.6157 seg(log)=0.7785 seg(bw)=0.0000 vol=1.6205 cent=1.1990 | val seg=0.9223 meanFGDice=0.5340 | best=0.5421 pat=5/100
[E201 i0000 EXP] tot=7.6448 seg(log)=0.6783 seg(bw)=0.0000 vol=1.6517 cent=1.1986 t=5.00 lr=9.00e-04
[E201 i0025 STD] tot=7.5977 seg(log)=0.9129 seg(bw)=0.0000 vol=1.6025 cent=1.1991 t=5.00 lr=9.00e-04
[E201 i0050 EXP] tot=7.6444 seg(log)=0.7086 seg(bw)=0.0000 vol=1.6503 cent=1.1988 t=5.00 lr=9.00e-04
[E201 i0075 STD] tot=7.5787 seg(log)=0.9060 seg(bw)=0.0000 vol=1.5848 cent=1.1988 t=5.00 lr=9.00e-04
[E201 i0100 EXP] tot=7.6437 seg(log)=0.6993 seg(bw)=0.0000 vol=1.6485 cent=1.1990 t=5.00 lr=9.00e-04
[E201 i0125 STD] tot=7.6032 seg(log)=0.8569 seg(bw)=0.0000 vol=1.6074 cent=1.1992 t=5.00 lr=9.00e-04
[E201 i0150 EXP] tot=7.6367 seg(log)=0.7380 seg(bw)=0.0000 vol=1.6435 cent=1.1986 t=5.00 lr=9.00e-04
[E201 i0175 STD] tot=7.5910 seg(log)=0.8631 seg(bw)=0.0000 vol=1.5931 cent=1.1996 t=5.00 lr=9.00e-04
[E201] train tot=7.6167 seg(log)=0.7954 seg(bw)=0.0000 vol=1.6208 cent=1.1992 | val seg=0.8856 meanFGDice=0.5376 | best=0.5421 pat=6/100
[E202 i0000 EXP] tot=7.6432 seg(log)=0.6831 seg(bw)=0.0000 vol=1.6473 cent=1.1992 t=5.00 lr=9.00e-04
[E202 i0025 STD] tot=7.5686 seg(log)=0.8970 seg(bw)=0.0000 vol=1.5736 cent=1.1990 t=5.00 lr=9.00e-04
[E202 i0050 EXP] tot=7.6451 seg(log)=0.6781 seg(bw)=0.0000 vol=1.6500 cent=1.1990 t=5.00 lr=9.00e-04
[E202 i0075 STD] tot=7.5766 seg(log)=0.9144 seg(bw)=0.0000 vol=1.5818 cent=1.1990 t=5.00 lr=9.00e-04
[E202 i0100 EXP] tot=7.6502 seg(log)=0.6669 seg(bw)=0.0000 vol=1.6553 cent=1.1990 t=5.00 lr=9.00e-04
[E202 i0125 STD] tot=7.5892 seg(log)=0.9235 seg(bw)=0.0000 vol=1.5916 cent=1.1995 t=5.00 lr=9.00e-04
[E202 i0150 EXP] tot=7.6547 seg(log)=0.6511 seg(bw)=0.0000 vol=1.6598 cent=1.1990 t=5.00 lr=9.00e-04
[E202 i0175 STD] tot=7.5791 seg(log)=0.9291 seg(bw)=0.0000 vol=1.5803 cent=1.1997 t=5.00 lr=9.00e-04
[E202] train tot=7.6166 seg(log)=0.7915 seg(bw)=0.0000 vol=1.6202 cent=1.1993 | val seg=0.8966 meanFGDice=0.5423 | best=0.5423 pat=0/100
[E203 i0000 EXP] tot=7.6433 seg(log)=0.7118 seg(bw)=0.0000 vol=1.6467 cent=1.1993 t=5.00 lr=9.00e-04
[E203 i0025 STD] tot=7.5892 seg(log)=0.9101 seg(bw)=0.0000 vol=1.5903 cent=1.1998 t=5.00 lr=9.00e-04
[E203 i0050 EXP] tot=7.6516 seg(log)=0.6863 seg(bw)=0.0000 vol=1.6558 cent=1.1991 t=5.00 lr=9.00e-04
[E203 i0075 STD] tot=7.5739 seg(log)=0.9281 seg(bw)=0.0000 vol=1.5742 cent=1.1999 t=5.00 lr=9.00e-04
[E203 i0100 EXP] tot=7.6439 seg(log)=0.6887 seg(bw)=0.0000 vol=1.6495 cent=1.1989 t=5.00 lr=9.00e-04
[E203 i0125 STD] tot=7.5854 seg(log)=0.8713 seg(bw)=0.0000 vol=1.5903 cent=1.1990 t=5.00 lr=9.00e-04
[E203 i0150 EXP] tot=7.6525 seg(log)=0.6461 seg(bw)=0.0000 vol=1.6570 cent=1.1991 t=5.00 lr=9.00e-04
[E203 i0175 STD] tot=7.6008 seg(log)=0.8592 seg(bw)=0.0000 vol=1.6062 cent=1.1989 t=5.00 lr=9.00e-04
[E203] train tot=7.6165 seg(log)=0.7891 seg(bw)=0.0000 vol=1.6204 cent=1.1992 | val seg=0.8775 meanFGDice=0.5314 | best=0.5423 pat=1/100
[E204 i0000 EXP] tot=7.6393 seg(log)=0.7080 seg(bw)=0.0000 vol=1.6455 cent=1.1988 t=5.00 lr=9.00e-04
[E204 i0025 STD] tot=7.5783 seg(log)=0.8764 seg(bw)=0.0000 vol=1.5826 cent=1.1991 t=5.00 lr=9.00e-04
[E204 i0050 EXP] tot=7.6566 seg(log)=0.6471 seg(bw)=0.0000 vol=1.6588 cent=1.1996 t=5.00 lr=9.00e-04
[E204 i0075 STD] tot=7.5978 seg(log)=0.8262 seg(bw)=0.0000 vol=1.6037 cent=1.1988 t=5.00 lr=9.00e-04
[E204 i0100 EXP] tot=7.6509 seg(log)=0.6727 seg(bw)=0.0000 vol=1.6563 cent=1.1989 t=5.00 lr=9.00e-04
[E204 i0125 STD] tot=7.5876 seg(log)=0.9653 seg(bw)=0.0000 vol=1.5880 cent=1.1999 t=5.00 lr=9.00e-04
[E204 i0150 EXP] tot=7.6491 seg(log)=0.7541 seg(bw)=0.0000 vol=1.6460 cent=1.2006 t=5.00 lr=9.00e-04
[E204 i0175 STD] tot=7.5852 seg(log)=0.9166 seg(bw)=0.0000 vol=1.5857 cent=1.1999 t=5.00 lr=9.00e-04
[E204] train tot=7.6179 seg(log)=0.8010 seg(bw)=0.0000 vol=1.6208 cent=1.1994 | val seg=0.9418 meanFGDice=0.5331 | best=0.5423 pat=2/100
[E205 i0000 EXP] tot=7.6529 seg(log)=0.6507 seg(bw)=0.0000 vol=1.6570 cent=1.1992 t=5.00 lr=9.00e-04
[E205 i0025 STD] tot=7.5834 seg(log)=0.9760 seg(bw)=0.0000 vol=1.5829 cent=1.2001 t=5.00 lr=9.00e-04
[E205 i0050 EXP] tot=7.6513 seg(log)=0.6447 seg(bw)=0.0000 vol=1.6572 cent=1.1988 t=5.00 lr=9.00e-04
[E205 i0075 STD] tot=7.6047 seg(log)=0.8401 seg(bw)=0.0000 vol=1.6048 cent=1.2000 t=5.00 lr=9.00e-04
[E205 i0100 EXP] tot=7.6473 seg(log)=0.7203 seg(bw)=0.0000 vol=1.6488 cent=1.1997 t=5.00 lr=9.00e-04
[E205 i0125 STD] tot=7.5869 seg(log)=0.9268 seg(bw)=0.0000 vol=1.5858 cent=1.2002 t=5.00 lr=9.00e-04
[E205 i0150 EXP] tot=7.6472 seg(log)=0.6933 seg(bw)=0.0000 vol=1.6515 cent=1.1991 t=5.00 lr=9.00e-04
[E205 i0175 STD] tot=7.6002 seg(log)=0.8937 seg(bw)=0.0000 vol=1.6068 cent=1.1987 t=5.00 lr=9.00e-04
[E205] train tot=7.6171 seg(log)=0.7926 seg(bw)=0.0000 vol=1.6208 cent=1.1993 | val seg=0.9401 meanFGDice=0.5295 | best=0.5423 pat=3/100
[E206 i0000 EXP] tot=7.6513 seg(log)=0.6829 seg(bw)=0.0000 vol=1.6519 cent=1.1999 t=5.00 lr=9.00e-04
[E206 i0025 STD] tot=7.5868 seg(log)=0.9079 seg(bw)=0.0000 vol=1.5918 cent=1.1990 t=5.00 lr=9.00e-04
[E206 i0050 EXP] tot=7.6428 seg(log)=0.6866 seg(bw)=0.0000 vol=1.6492 cent=1.1987 t=5.00 lr=9.00e-04
[E206 i0075 STD] tot=7.5989 seg(log)=0.8508 seg(bw)=0.0000 vol=1.6049 cent=1.1988 t=5.00 lr=9.00e-04
[E206 i0100 EXP] tot=7.6525 seg(log)=0.6447 seg(bw)=0.0000 vol=1.6570 cent=1.1991 t=5.00 lr=9.00e-04
[E206 i0125 STD] tot=7.5760 seg(log)=0.9342 seg(bw)=0.0000 vol=1.5771 cent=1.1998 t=5.00 lr=9.00e-04
[E206 i0150 EXP] tot=7.6440 seg(log)=0.6675 seg(bw)=0.0000 vol=1.6504 cent=1.1987 t=5.00 lr=9.00e-04
[E206 i0175 STD] tot=7.5604 seg(log)=0.8764 seg(bw)=0.0000 vol=1.5663 cent=1.1988 t=5.00 lr=9.00e-04
[E206] train tot=7.6162 seg(log)=0.7900 seg(bw)=0.0000 vol=1.6204 cent=1.1992 | val seg=0.8478 meanFGDice=0.5470 | best=0.5470 pat=0/100
[E207 i0000 EXP] tot=7.6469 seg(log)=0.6652 seg(bw)=0.0000 vol=1.6534 cent=1.1987 t=5.00 lr=9.00e-04
[E207 i0025 STD] tot=7.5706 seg(log)=0.9216 seg(bw)=0.0000 vol=1.5692 cent=1.2003 t=5.00 lr=9.00e-04
[E207 i0050 EXP] tot=7.6379 seg(log)=0.7119 seg(bw)=0.0000 vol=1.6438 cent=1.1988 t=5.00 lr=9.00e-04
[E207 i0075 STD] tot=7.5914 seg(log)=0.9067 seg(bw)=0.0000 vol=1.5951 cent=1.1993 t=5.00 lr=9.00e-04
[E207 i0100 EXP] tot=7.6424 seg(log)=0.6935 seg(bw)=0.0000 vol=1.6485 cent=1.1988 t=5.00 lr=9.00e-04
[E207 i0125 STD] tot=7.5645 seg(log)=0.9737 seg(bw)=0.0000 vol=1.5693 cent=1.1990 t=5.00 lr=9.00e-04
[E207 i0150 EXP] tot=7.6370 seg(log)=0.7291 seg(bw)=0.0000 vol=1.6441 cent=1.1986 t=5.00 lr=9.00e-04
[E207 i0175 STD] tot=7.5880 seg(log)=0.8845 seg(bw)=0.0000 vol=1.5938 cent=1.1988 t=5.00 lr=9.00e-04
[E207] train tot=7.6163 seg(log)=0.7931 seg(bw)=0.0000 vol=1.6206 cent=1.1991 | val seg=0.9002 meanFGDice=0.5421 | best=0.5470 pat=1/100
[E208 i0000 EXP] tot=7.6317 seg(log)=0.7467 seg(bw)=0.0000 vol=1.6371 cent=1.1989 t=5.00 lr=9.00e-04
[E208 i0025 STD] tot=7.5901 seg(log)=0.9570 seg(bw)=0.0000 vol=1.5940 cent=1.1992 t=5.00 lr=9.00e-04
[E208 i0050 EXP] tot=7.6450 seg(log)=0.6823 seg(bw)=0.0000 vol=1.6520 cent=1.1986 t=5.00 lr=9.00e-04
[E208 i0075 STD] tot=7.5937 seg(log)=0.9225 seg(bw)=0.0000 vol=1.5989 cent=1.1990 t=5.00 lr=9.00e-04
[E208 i0100 EXP] tot=7.6509 seg(log)=0.6589 seg(bw)=0.0000 vol=1.6568 cent=1.1988 t=5.00 lr=9.00e-04
[E208 i0125 STD] tot=7.5722 seg(log)=0.8963 seg(bw)=0.0000 vol=1.5779 cent=1.1989 t=5.00 lr=9.00e-04
[E208 i0150 EXP] tot=7.6403 seg(log)=0.7201 seg(bw)=0.0000 vol=1.6450 cent=1.1991 t=5.00 lr=9.00e-04
[E208 i0175 STD] tot=7.5905 seg(log)=0.8474 seg(bw)=0.0000 vol=1.5943 cent=1.1992 t=5.00 lr=9.00e-04
[E208] train tot=7.6157 seg(log)=0.7911 seg(bw)=0.0000 vol=1.6207 cent=1.1990 | val seg=0.8665 meanFGDice=0.5416 | best=0.5470 pat=2/100
[E209 i0000 EXP] tot=7.6462 seg(log)=0.6808 seg(bw)=0.0000 vol=1.6524 cent=1.1988 t=5.00 lr=9.00e-04
[E209 i0025 STD] tot=7.5679 seg(log)=0.8962 seg(bw)=0.0000 vol=1.5745 cent=1.1987 t=5.00 lr=9.00e-04
[E209 i0050 EXP] tot=7.6517 seg(log)=0.6514 seg(bw)=0.0000 vol=1.6587 cent=1.1986 t=5.00 lr=9.00e-04
[E209 i0075 STD] tot=7.5758 seg(log)=0.9012 seg(bw)=0.0000 vol=1.5795 cent=1.1993 t=5.00 lr=9.00e-04
[E209 i0100 EXP] tot=7.6470 seg(log)=0.6653 seg(bw)=0.0000 vol=1.6516 cent=1.1991 t=5.00 lr=9.00e-04
[E209 i0125 STD] tot=7.5837 seg(log)=0.8698 seg(bw)=0.0000 vol=1.5882 cent=1.1991 t=5.00 lr=9.00e-04
[E209 i0150 EXP] tot=7.6490 seg(log)=0.6594 seg(bw)=0.0000 vol=1.6565 cent=1.1985 t=5.00 lr=9.00e-04
[E209 i0175 STD] tot=7.5865 seg(log)=0.8873 seg(bw)=0.0000 vol=1.5920 cent=1.1989 t=5.00 lr=9.00e-04
[E209] train tot=7.6154 seg(log)=0.7827 seg(bw)=0.0000 vol=1.6206 cent=1.1989 | val seg=0.9024 meanFGDice=0.5419 | best=0.5470 pat=3/100
[E210 i0000 EXP] tot=7.6416 seg(log)=0.6733 seg(bw)=0.0000 vol=1.6487 cent=1.1986 t=5.00 lr=9.00e-04
[E210 i0025 STD] tot=7.5753 seg(log)=0.9205 seg(bw)=0.0000 vol=1.5789 cent=1.1993 t=5.00 lr=9.00e-04
[E210 i0050 EXP] tot=7.6431 seg(log)=0.6787 seg(bw)=0.0000 vol=1.6494 cent=1.1987 t=5.00 lr=9.00e-04
[E210 i0075 STD] tot=7.5753 seg(log)=0.8981 seg(bw)=0.0000 vol=1.5776 cent=1.1995 t=5.00 lr=9.00e-04
[E210 i0100 EXP] tot=7.6476 seg(log)=0.6718 seg(bw)=0.0000 vol=1.6547 cent=1.1986 t=5.00 lr=9.00e-04
[E210 i0125 STD] tot=7.5938 seg(log)=0.8944 seg(bw)=0.0000 vol=1.5982 cent=1.1991 t=5.00 lr=9.00e-04
[E210 i0150 EXP] tot=7.6448 seg(log)=0.6911 seg(bw)=0.0000 vol=1.6509 cent=1.1988 t=5.00 lr=9.00e-04
[E210 i0175 STD] tot=7.5740 seg(log)=0.8638 seg(bw)=0.0000 vol=1.5786 cent=1.1991 t=5.00 lr=9.00e-04
[E210] train tot=7.6153 seg(log)=0.7908 seg(bw)=0.0000 vol=1.6202 cent=1.1990 | val seg=0.8873 meanFGDice=0.5393 | best=0.5470 pat=4/100
[E211 i0000 EXP] tot=7.6555 seg(log)=0.6438 seg(bw)=0.0000 vol=1.6610 cent=1.1989 t=5.00 lr=9.00e-04
[E211 i0025 STD] tot=7.5641 seg(log)=0.9541 seg(bw)=0.0000 vol=1.5657 cent=1.1997 t=5.00 lr=9.00e-04
[E211 i0050 EXP] tot=7.6455 seg(log)=0.6680 seg(bw)=0.0000 vol=1.6508 cent=1.1989 t=5.00 lr=9.00e-04
[E211 i0075 STD] tot=7.6018 seg(log)=0.8745 seg(bw)=0.0000 vol=1.6042 cent=1.1995 t=5.00 lr=9.00e-04
[E211 i0100 EXP] tot=7.6419 seg(log)=0.6945 seg(bw)=0.0000 vol=1.6481 cent=1.1988 t=5.00 lr=9.00e-04
[E211 i0125 STD] tot=7.5749 seg(log)=0.9238 seg(bw)=0.0000 vol=1.5698 cent=1.2010 t=5.00 lr=9.00e-04
[E211 i0150 EXP] tot=7.6382 seg(log)=0.7058 seg(bw)=0.0000 vol=1.6437 cent=1.1989 t=5.00 lr=9.00e-04
[E211 i0175 STD] tot=7.5949 seg(log)=0.8731 seg(bw)=0.0000 vol=1.5986 cent=1.1992 t=5.00 lr=9.00e-04
[E211] train tot=7.6164 seg(log)=0.7763 seg(bw)=0.0000 vol=1.6209 cent=1.1991 | val seg=0.9036 meanFGDice=0.5265 | best=0.5470 pat=5/100
[E212 i0000 EXP] tot=7.6366 seg(log)=0.7317 seg(bw)=0.0000 vol=1.6413 cent=1.1991 t=5.00 lr=9.00e-04
[E212 i0025 STD] tot=7.5878 seg(log)=0.8625 seg(bw)=0.0000 vol=1.5945 cent=1.1986 t=5.00 lr=9.00e-04
[E212 i0050 EXP] tot=7.6501 seg(log)=0.6567 seg(bw)=0.0000 vol=1.6550 cent=1.1990 t=5.00 lr=9.00e-04
[E212 i0075 STD] tot=7.6027 seg(log)=0.8777 seg(bw)=0.0000 vol=1.6077 cent=1.1990 t=5.00 lr=9.00e-04
[E212 i0100 EXP] tot=7.6467 seg(log)=0.6637 seg(bw)=0.0000 vol=1.6521 cent=1.1989 t=5.00 lr=9.00e-04
[E212 i0125 STD] tot=7.5879 seg(log)=0.8885 seg(bw)=0.0000 vol=1.5924 cent=1.1991 t=5.00 lr=9.00e-04
[E212 i0150 EXP] tot=7.6489 seg(log)=0.6579 seg(bw)=0.0000 vol=1.6550 cent=1.1988 t=5.00 lr=9.00e-04
[E212 i0175 STD] tot=7.5913 seg(log)=0.8378 seg(bw)=0.0000 vol=1.5982 cent=1.1986 t=5.00 lr=9.00e-04
[E212] train tot=7.6167 seg(log)=0.7790 seg(bw)=0.0000 vol=1.6211 cent=1.1991 | val seg=0.8888 meanFGDice=0.5327 | best=0.5470 pat=6/100
[E213 i0000 EXP] tot=7.6538 seg(log)=0.6577 seg(bw)=0.0000 vol=1.6551 cent=1.1997 t=5.00 lr=9.00e-04
[E213 i0025 STD] tot=7.5771 seg(log)=0.9180 seg(bw)=0.0000 vol=1.5811 cent=1.1992 t=5.00 lr=9.00e-04
[E213 i0050 EXP] tot=7.6405 seg(log)=0.6938 seg(bw)=0.0000 vol=1.6473 cent=1.1986 t=5.00 lr=9.00e-04
[E213 i0075 STD] tot=7.5903 seg(log)=0.8830 seg(bw)=0.0000 vol=1.5961 cent=1.1988 t=5.00 lr=9.00e-04
[E213 i0100 EXP] tot=7.6491 seg(log)=0.6924 seg(bw)=0.0000 vol=1.6549 cent=1.1988 t=5.00 lr=9.00e-04
[E213 i0125 STD] tot=7.5900 seg(log)=0.8419 seg(bw)=0.0000 vol=1.5912 cent=1.1998 t=5.00 lr=9.00e-04
[E213 i0150 EXP] tot=7.6463 seg(log)=0.6759 seg(bw)=0.0000 vol=1.6490 cent=1.1995 t=5.00 lr=9.00e-04
[E213 i0175 STD] tot=7.5897 seg(log)=0.8750 seg(bw)=0.0000 vol=1.5958 cent=1.1988 t=5.00 lr=9.00e-04
[E213] train tot=7.6167 seg(log)=0.7804 seg(bw)=0.0000 vol=1.6210 cent=1.1991 | val seg=0.8963 meanFGDice=0.5471 | best=0.5471 pat=0/100
[E214 i0000 EXP] tot=7.6448 seg(log)=0.6698 seg(bw)=0.0000 vol=1.6521 cent=1.1985 t=5.00 lr=9.00e-04
[E214 i0025 STD] tot=7.5909 seg(log)=0.9123 seg(bw)=0.0000 vol=1.5910 cent=1.2000 t=5.00 lr=9.00e-04
[E214 i0050 EXP] tot=7.6352 seg(log)=0.7136 seg(bw)=0.0000 vol=1.6414 cent=1.1988 t=5.00 lr=9.00e-04
[E214 i0075 STD] tot=7.5946 seg(log)=0.8517 seg(bw)=0.0000 vol=1.5985 cent=1.1992 t=5.00 lr=9.00e-04
[E214 i0100 EXP] tot=7.6495 seg(log)=0.6268 seg(bw)=0.0000 vol=1.6549 cent=1.1989 t=5.00 lr=9.00e-04
[E214 i0125 STD] tot=7.5916 seg(log)=0.8888 seg(bw)=0.0000 vol=1.5945 cent=1.1994 t=5.00 lr=9.00e-04
[E214 i0150 EXP] tot=7.6505 seg(log)=0.6274 seg(bw)=0.0000 vol=1.6575 cent=1.1986 t=5.00 lr=9.00e-04
[E214 i0175 STD] tot=7.5879 seg(log)=0.8888 seg(bw)=0.0000 vol=1.5943 cent=1.1987 t=5.00 lr=9.00e-04
[E214] train tot=7.6160 seg(log)=0.7768 seg(bw)=0.0000 vol=1.6203 cent=1.1991 | val seg=0.8759 meanFGDice=0.5478 | best=0.5478 pat=0/100
[E215 i0000 EXP] tot=7.6417 seg(log)=0.6989 seg(bw)=0.0000 vol=1.6459 cent=1.1992 t=5.00 lr=9.00e-04
[E215 i0025 STD] tot=7.5968 seg(log)=0.8601 seg(bw)=0.0000 vol=1.5951 cent=1.2003 t=5.00 lr=9.00e-04
[E215 i0050 EXP] tot=7.6309 seg(log)=0.7501 seg(bw)=0.0000 vol=1.6358 cent=1.1990 t=5.00 lr=9.00e-04
[E215 i0075 STD] tot=7.5776 seg(log)=0.9623 seg(bw)=0.0000 vol=1.5800 cent=1.1995 t=5.00 lr=9.00e-04
[E215 i0100 EXP] tot=7.6435 seg(log)=0.6795 seg(bw)=0.0000 vol=1.6484 cent=1.1990 t=5.00 lr=9.00e-04
[E215 i0125 STD] tot=7.5716 seg(log)=0.9051 seg(bw)=0.0000 vol=1.5761 cent=1.1991 t=5.00 lr=9.00e-04
[E215 i0150 EXP] tot=7.6457 seg(log)=0.6713 seg(bw)=0.0000 vol=1.6512 cent=1.1989 t=5.00 lr=9.00e-04
[E215 i0175 STD] tot=7.5967 seg(log)=0.8735 seg(bw)=0.0000 vol=1.6026 cent=1.1988 t=5.00 lr=9.00e-04
[E215] train tot=7.6176 seg(log)=0.7827 seg(bw)=0.0000 vol=1.6207 cent=1.1994 | val seg=0.9238 meanFGDice=0.5321 | best=0.5478 pat=1/100
[E216 i0000 EXP] tot=7.6455 seg(log)=0.6774 seg(bw)=0.0000 vol=1.6511 cent=1.1989 t=5.00 lr=9.00e-04
[E216 i0025 STD] tot=7.5876 seg(log)=0.8836 seg(bw)=0.0000 vol=1.5924 cent=1.1990 t=5.00 lr=9.00e-04
[E216 i0050 EXP] tot=7.6429 seg(log)=0.6820 seg(bw)=0.0000 vol=1.6463 cent=1.1993 t=5.00 lr=9.00e-04
[E216 i0075 STD] tot=7.5833 seg(log)=0.9082 seg(bw)=0.0000 vol=1.5748 cent=1.2017 t=5.00 lr=9.00e-04
[E216 i0100 EXP] tot=7.6511 seg(log)=0.6471 seg(bw)=0.0000 vol=1.6561 cent=1.1990 t=5.00 lr=9.00e-04
[E216 i0125 STD] tot=7.5598 seg(log)=0.9299 seg(bw)=0.0000 vol=1.5651 cent=1.1989 t=5.00 lr=9.00e-04
[E216 i0150 EXP] tot=7.6540 seg(log)=0.7035 seg(bw)=0.0000 vol=1.6486 cent=1.2011 t=5.00 lr=9.00e-04
[E216 i0175 STD] tot=7.5927 seg(log)=0.8710 seg(bw)=0.0000 vol=1.5900 cent=1.2005 t=5.00 lr=9.00e-04
[E216] train tot=7.6167 seg(log)=0.7729 seg(bw)=0.0000 vol=1.6203 cent=1.1993 | val seg=0.8689 meanFGDice=0.5462 | best=0.5478 pat=2/100
[E217 i0000 EXP] tot=7.6501 seg(log)=0.6646 seg(bw)=0.0000 vol=1.6551 cent=1.1990 t=5.00 lr=9.00e-04
[E217 i0025 STD] tot=7.5754 seg(log)=0.8772 seg(bw)=0.0000 vol=1.5729 cent=1.2005 t=5.00 lr=9.00e-04
[E217 i0050 EXP] tot=7.6335 seg(log)=0.7287 seg(bw)=0.0000 vol=1.6390 cent=1.1989 t=5.00 lr=9.00e-04
[E217 i0075 STD] tot=7.6095 seg(log)=0.8146 seg(bw)=0.0000 vol=1.6136 cent=1.1992 t=5.00 lr=9.00e-04
[E217 i0100 EXP] tot=7.6520 seg(log)=0.6139 seg(bw)=0.0000 vol=1.6592 cent=1.1986 t=5.00 lr=9.00e-04
[E217 i0125 STD] tot=7.5844 seg(log)=0.8634 seg(bw)=0.0000 vol=1.5899 cent=1.1989 t=5.00 lr=9.00e-04
[E217 i0150 EXP] tot=7.6376 seg(log)=0.6875 seg(bw)=0.0000 vol=1.6444 cent=1.1986 t=5.00 lr=9.00e-04
[E217 i0175 STD] tot=7.5935 seg(log)=0.8440 seg(bw)=0.0000 vol=1.5997 cent=1.1988 t=5.00 lr=9.00e-04
[E217] train tot=7.6158 seg(log)=0.7623 seg(bw)=0.0000 vol=1.6207 cent=1.1990 | val seg=0.8571 meanFGDice=0.5487 | best=0.5487 pat=0/100
[E218 i0000 EXP] tot=7.6399 seg(log)=0.6666 seg(bw)=0.0000 vol=1.6469 cent=1.1986 t=5.00 lr=9.00e-04
[E218 i0025 STD] tot=7.5536 seg(log)=0.9961 seg(bw)=0.0000 vol=1.5542 cent=1.1999 t=5.00 lr=9.00e-04
[E218 i0050 EXP] tot=7.6563 seg(log)=0.6264 seg(bw)=0.0000 vol=1.6599 cent=1.1993 t=5.00 lr=9.00e-04
[E218 i0075 STD] tot=7.5869 seg(log)=0.8372 seg(bw)=0.0000 vol=1.5900 cent=1.1994 t=5.00 lr=9.00e-04
[E218 i0100 EXP] tot=7.6523 seg(log)=0.6477 seg(bw)=0.0000 vol=1.6563 cent=1.1992 t=5.00 lr=9.00e-04
[E218 i0125 STD] tot=7.5872 seg(log)=0.8771 seg(bw)=0.0000 vol=1.5900 cent=1.1994 t=5.00 lr=9.00e-04
[E218 i0150 EXP] tot=7.6511 seg(log)=0.6405 seg(bw)=0.0000 vol=1.6564 cent=1.1989 t=5.00 lr=9.00e-04
[E218 i0175 STD] tot=7.5922 seg(log)=0.8886 seg(bw)=0.0000 vol=1.5938 cent=1.1997 t=5.00 lr=9.00e-04
[E218] train tot=7.6162 seg(log)=0.7653 seg(bw)=0.0000 vol=1.6206 cent=1.1991 | val seg=0.8771 meanFGDice=0.5443 | best=0.5487 pat=1/100
[E219 i0000 EXP] tot=7.6435 seg(log)=0.6810 seg(bw)=0.0000 vol=1.6496 cent=1.1988 t=5.00 lr=9.00e-04
[E219 i0025 STD] tot=7.5856 seg(log)=0.8877 seg(bw)=0.0000 vol=1.5901 cent=1.1991 t=5.00 lr=9.00e-04
[E219 i0050 EXP] tot=7.6400 seg(log)=0.6754 seg(bw)=0.0000 vol=1.6472 cent=1.1986 t=5.00 lr=9.00e-04
[E219 i0075 STD] tot=7.5732 seg(log)=0.9257 seg(bw)=0.0000 vol=1.5765 cent=1.1993 t=5.00 lr=9.00e-04
[E219 i0100 EXP] tot=7.6323 seg(log)=0.7041 seg(bw)=0.0000 vol=1.6395 cent=1.1986 t=5.00 lr=9.00e-04
[E219 i0125 STD] tot=7.5877 seg(log)=0.8309 seg(bw)=0.0000 vol=1.5942 cent=1.1987 t=5.00 lr=9.00e-04
[E219 i0150 EXP] tot=7.6542 seg(log)=0.6318 seg(bw)=0.0000 vol=1.6601 cent=1.1988 t=5.00 lr=9.00e-04
[E219 i0175 STD] tot=7.6024 seg(log)=0.8432 seg(bw)=0.0000 vol=1.6079 cent=1.1989 t=5.00 lr=9.00e-04
[E219] train tot=7.6156 seg(log)=0.7662 seg(bw)=0.0000 vol=1.6205 cent=1.1990 | val seg=0.9002 meanFGDice=0.5336 | best=0.5487 pat=2/100
[E220 i0000 EXP] tot=7.6462 seg(log)=0.6790 seg(bw)=0.0000 vol=1.6511 cent=1.1990 t=5.00 lr=9.00e-04
[E220 i0025 STD] tot=7.5917 seg(log)=0.8909 seg(bw)=0.0000 vol=1.5960 cent=1.1991 t=5.00 lr=9.00e-04
[E220 i0050 EXP] tot=7.6454 seg(log)=0.6689 seg(bw)=0.0000 vol=1.6515 cent=1.1988 t=5.00 lr=9.00e-04
[E220 i0075 STD] tot=7.6032 seg(log)=0.9212 seg(bw)=0.0000 vol=1.6064 cent=1.1993 t=5.00 lr=9.00e-04
[E220 i0100 EXP] tot=7.6455 seg(log)=0.6543 seg(bw)=0.0000 vol=1.6501 cent=1.1991 t=5.00 lr=9.00e-04
[E220 i0125 STD] tot=7.5829 seg(log)=0.8991 seg(bw)=0.0000 vol=1.5889 cent=1.1988 t=5.00 lr=9.00e-04
[E220 i0150 EXP] tot=7.6488 seg(log)=0.6466 seg(bw)=0.0000 vol=1.6540 cent=1.1990 t=5.00 lr=9.00e-04
[E220 i0175 STD] tot=7.5838 seg(log)=0.8222 seg(bw)=0.0000 vol=1.5900 cent=1.1988 t=5.00 lr=9.00e-04
[E220] train tot=7.6164 seg(log)=0.7679 seg(bw)=0.0000 vol=1.6206 cent=1.1992 | val seg=0.8652 meanFGDice=0.5359 | best=0.5487 pat=3/100
[E221 i0000 EXP] tot=7.6442 seg(log)=0.6525 seg(bw)=0.0000 vol=1.6506 cent=1.1987 t=5.00 lr=9.00e-04
[E221 i0025 STD] tot=7.5978 seg(log)=0.8471 seg(bw)=0.0000 vol=1.6029 cent=1.1990 t=5.00 lr=9.00e-04
[E221 i0050 EXP] tot=7.6544 seg(log)=0.6268 seg(bw)=0.0000 vol=1.6591 cent=1.1991 t=5.00 lr=9.00e-04
[E221 i0075 STD] tot=7.5755 seg(log)=0.8936 seg(bw)=0.0000 vol=1.5804 cent=1.1990 t=5.00 lr=9.00e-04
[E221 i0100 EXP] tot=7.6507 seg(log)=0.6305 seg(bw)=0.0000 vol=1.6574 cent=1.1986 t=5.00 lr=9.00e-04
[E221 i0125 STD] tot=7.5944 seg(log)=0.9020 seg(bw)=0.0000 vol=1.5939 cent=1.2001 t=5.00 lr=9.00e-04
[E221 i0150 EXP] tot=7.6516 seg(log)=0.6545 seg(bw)=0.0000 vol=1.6537 cent=1.1996 t=5.00 lr=9.00e-04
[E221 i0175 STD] tot=7.5860 seg(log)=0.8848 seg(bw)=0.0000 vol=1.5897 cent=1.1992 t=5.00 lr=9.00e-04
[E221] train tot=7.6174 seg(log)=0.7787 seg(bw)=0.0000 vol=1.6208 cent=1.1993 | val seg=0.9083 meanFGDice=0.5464 | best=0.5487 pat=4/100
[E222 i0000 EXP] tot=7.6507 seg(log)=0.7068 seg(bw)=0.0000 vol=1.6544 cent=1.1993 t=5.00 lr=9.00e-04
[E222 i0025 STD] tot=7.5987 seg(log)=0.8339 seg(bw)=0.0000 vol=1.6010 cent=1.1995 t=5.00 lr=9.00e-04
[E222 i0050 EXP] tot=7.6396 seg(log)=0.6922 seg(bw)=0.0000 vol=1.6461 cent=1.1987 t=5.00 lr=9.00e-04
[E222 i0075 STD] tot=7.5937 seg(log)=0.8814 seg(bw)=0.0000 vol=1.5976 cent=1.1992 t=5.00 lr=9.00e-04
[E222 i0100 EXP] tot=7.6566 seg(log)=0.6162 seg(bw)=0.0000 vol=1.6609 cent=1.1991 t=5.00 lr=9.00e-04
[E222 i0125 STD] tot=7.5618 seg(log)=1.0015 seg(bw)=0.0000 vol=1.5592 cent=1.2005 t=5.00 lr=9.00e-04
[E222 i0150 EXP] tot=7.6453 seg(log)=0.6504 seg(bw)=0.0000 vol=1.6518 cent=1.1987 t=5.00 lr=9.00e-04
[E222 i0175 STD] tot=7.5797 seg(log)=0.8266 seg(bw)=0.0000 vol=1.5866 cent=1.1986 t=5.00 lr=9.00e-04
[E222] train tot=7.6171 seg(log)=0.7673 seg(bw)=0.0000 vol=1.6208 cent=1.1993 | val seg=0.8474 meanFGDice=0.5408 | best=0.5487 pat=5/100
[E223 i0000 EXP] tot=7.6414 seg(log)=0.6765 seg(bw)=0.0000 vol=1.6466 cent=1.1990 t=5.00 lr=9.00e-04
[E223 i0025 STD] tot=7.6014 seg(log)=0.8521 seg(bw)=0.0000 vol=1.6046 cent=1.1994 t=5.00 lr=9.00e-04
[E223 i0050 EXP] tot=7.6405 seg(log)=0.6854 seg(bw)=0.0000 vol=1.6470 cent=1.1987 t=5.00 lr=9.00e-04
[E223 i0075 STD] tot=7.5938 seg(log)=0.8756 seg(bw)=0.0000 vol=1.5935 cent=1.2001 t=5.00 lr=9.00e-04
[E223 i0100 EXP] tot=7.6332 seg(log)=0.7524 seg(bw)=0.0000 vol=1.6379 cent=1.1991 t=5.00 lr=9.00e-04
[E223 i0125 STD] tot=7.5900 seg(log)=0.8510 seg(bw)=0.0000 vol=1.5905 cent=1.1999 t=5.00 lr=9.00e-04
[E223 i0150 EXP] tot=7.6410 seg(log)=0.6736 seg(bw)=0.0000 vol=1.6478 cent=1.1986 t=5.00 lr=9.00e-04
[E223 i0175 STD] tot=7.5623 seg(log)=0.8623 seg(bw)=0.0000 vol=1.5689 cent=1.1987 t=5.00 lr=9.00e-04
[E223] train tot=7.6167 seg(log)=0.7700 seg(bw)=0.0000 vol=1.6209 cent=1.1992 | val seg=0.8411 meanFGDice=0.5389 | best=0.5487 pat=6/100
[E224 i0000 EXP] tot=7.6497 seg(log)=0.6637 seg(bw)=0.0000 vol=1.6526 cent=1.1994 t=5.00 lr=9.00e-04
[E224 i0025 STD] tot=7.5763 seg(log)=0.8624 seg(bw)=0.0000 vol=1.5815 cent=1.1990 t=5.00 lr=9.00e-04
[E224 i0050 EXP] tot=7.6522 seg(log)=0.6196 seg(bw)=0.0000 vol=1.6587 cent=1.1987 t=5.00 lr=9.00e-04
[E224 i0075 STD] tot=7.5927 seg(log)=0.8152 seg(bw)=0.0000 vol=1.5944 cent=1.1997 t=5.00 lr=9.00e-04
[E224 i0100 EXP] tot=7.6366 seg(log)=0.7172 seg(bw)=0.0000 vol=1.6410 cent=1.1991 t=5.00 lr=9.00e-04
[E224 i0125 STD] tot=7.5899 seg(log)=0.8493 seg(bw)=0.0000 vol=1.5966 cent=1.1987 t=5.00 lr=9.00e-04
[E224 i0150 EXP] tot=7.6397 seg(log)=0.6884 seg(bw)=0.0000 vol=1.6454 cent=1.1989 t=5.00 lr=9.00e-04
[E224 i0175 STD] tot=7.5818 seg(log)=0.8526 seg(bw)=0.0000 vol=1.5861 cent=1.1991 t=5.00 lr=9.00e-04
[E224] train tot=7.6158 seg(log)=0.7642 seg(bw)=0.0000 vol=1.6202 cent=1.1991 | val seg=0.8472 meanFGDice=0.5430 | best=0.5487 pat=7/100
[E225 i0000 EXP] tot=7.6454 seg(log)=0.6834 seg(bw)=0.0000 vol=1.6508 cent=1.1989 t=5.00 lr=9.00e-04
[E225 i0025 STD] tot=7.5645 seg(log)=0.8962 seg(bw)=0.0000 vol=1.5679 cent=1.1993 t=5.00 lr=9.00e-04
[E225 i0050 EXP] tot=7.6408 seg(log)=0.6807 seg(bw)=0.0000 vol=1.6472 cent=1.1987 t=5.00 lr=9.00e-04
[E225 i0075 STD] tot=7.5783 seg(log)=0.8077 seg(bw)=0.0000 vol=1.5827 cent=1.1991 t=5.00 lr=9.00e-04
[E225 i0100 EXP] tot=7.6398 seg(log)=0.7039 seg(bw)=0.0000 vol=1.6445 cent=1.1991 t=5.00 lr=9.00e-04
[E225 i0125 STD] tot=7.5961 seg(log)=0.8318 seg(bw)=0.0000 vol=1.5982 cent=1.1996 t=5.00 lr=9.00e-04
[E225 i0150 EXP] tot=7.6425 seg(log)=0.6831 seg(bw)=0.0000 vol=1.6481 cent=1.1989 t=5.00 lr=9.00e-04
[E225 i0175 STD] tot=7.5895 seg(log)=0.8383 seg(bw)=0.0000 vol=1.5959 cent=1.1987 t=5.00 lr=9.00e-04
[E225] train tot=7.6156 seg(log)=0.7599 seg(bw)=0.0000 vol=1.6203 cent=1.1990 | val seg=0.8786 meanFGDice=0.5396 | best=0.5487 pat=8/100
[E226 i0000 EXP] tot=7.6404 seg(log)=0.6834 seg(bw)=0.0000 vol=1.6453 cent=1.1990 t=5.00 lr=9.00e-04
[E226 i0025 STD] tot=7.5983 seg(log)=0.8443 seg(bw)=0.0000 vol=1.6051 cent=1.1986 t=5.00 lr=9.00e-04
[E226 i0050 EXP] tot=7.6513 seg(log)=0.6573 seg(bw)=0.0000 vol=1.6559 cent=1.1991 t=5.00 lr=9.00e-04
[E226 i0075 STD] tot=7.5930 seg(log)=0.8767 seg(bw)=0.0000 vol=1.5981 cent=1.1990 t=5.00 lr=9.00e-04
[E226 i0100 EXP] tot=7.6460 seg(log)=0.6640 seg(bw)=0.0000 vol=1.6526 cent=1.1987 t=5.00 lr=9.00e-04
[E226 i0125 STD] tot=7.6092 seg(log)=0.8256 seg(bw)=0.0000 vol=1.6134 cent=1.1992 t=5.00 lr=9.00e-04
[E226 i0150 EXP] tot=7.6453 seg(log)=0.6702 seg(bw)=0.0000 vol=1.6508 cent=1.1989 t=5.00 lr=9.00e-04
[E226 i0175 STD] tot=7.5835 seg(log)=0.8836 seg(bw)=0.0000 vol=1.5848 cent=1.1997 t=5.00 lr=9.00e-04
[E226] train tot=7.6166 seg(log)=0.7697 seg(bw)=0.0000 vol=1.6205 cent=1.1992 | val seg=0.8365 meanFGDice=0.5488 | best=0.5488 pat=0/100
[E227 i0000 EXP] tot=7.6525 seg(log)=0.6497 seg(bw)=0.0000 vol=1.6552 cent=1.1995 t=5.00 lr=9.00e-04
[E227 i0025 STD] tot=7.5883 seg(log)=0.8305 seg(bw)=0.0000 vol=1.5932 cent=1.1990 t=5.00 lr=9.00e-04
[E227 i0050 EXP] tot=7.6472 seg(log)=0.6541 seg(bw)=0.0000 vol=1.6543 cent=1.1986 t=5.00 lr=9.00e-04
[E227 i0075 STD] tot=7.5806 seg(log)=0.8739 seg(bw)=0.0000 vol=1.5847 cent=1.1992 t=5.00 lr=9.00e-04
[E227 i0100 EXP] tot=7.6412 seg(log)=0.6734 seg(bw)=0.0000 vol=1.6477 cent=1.1987 t=5.00 lr=9.00e-04
[E227 i0125 STD] tot=7.5868 seg(log)=0.8833 seg(bw)=0.0000 vol=1.5921 cent=1.1989 t=5.00 lr=9.00e-04
[E227 i0150 EXP] tot=7.6439 seg(log)=0.6776 seg(bw)=0.0000 vol=1.6493 cent=1.1989 t=5.00 lr=9.00e-04
[E227 i0175 STD] tot=7.5967 seg(log)=0.8227 seg(bw)=0.0000 vol=1.6022 cent=1.1989 t=5.00 lr=9.00e-04
[E227] train tot=7.6152 seg(log)=0.7583 seg(bw)=0.0000 vol=1.6203 cent=1.1990 | val seg=0.8503 meanFGDice=0.5463 | best=0.5488 pat=1/100
[E228 i0000 EXP] tot=7.6476 seg(log)=0.6620 seg(bw)=0.0000 vol=1.6536 cent=1.1988 t=5.00 lr=9.00e-04
[E228 i0025 STD] tot=7.5794 seg(log)=0.8358 seg(bw)=0.0000 vol=1.5853 cent=1.1988 t=5.00 lr=9.00e-04
[E228 i0050 EXP] tot=7.6460 seg(log)=0.6734 seg(bw)=0.0000 vol=1.6489 cent=1.1994 t=5.00 lr=9.00e-04
[E228 i0075 STD] tot=7.5766 seg(log)=0.8465 seg(bw)=0.0000 vol=1.5826 cent=1.1988 t=5.00 lr=9.00e-04
[E228 i0100 EXP] tot=7.6454 seg(log)=0.6630 seg(bw)=0.0000 vol=1.6526 cent=1.1986 t=5.00 lr=9.00e-04
[E228 i0125 STD] tot=7.5697 seg(log)=0.8972 seg(bw)=0.0000 vol=1.5741 cent=1.1991 t=5.00 lr=9.00e-04
[E228 i0150 EXP] tot=7.6401 seg(log)=0.7077 seg(bw)=0.0000 vol=1.6459 cent=1.1988 t=5.00 lr=9.00e-04
[E228 i0175 STD] tot=7.5692 seg(log)=0.8841 seg(bw)=0.0000 vol=1.5743 cent=1.1990 t=5.00 lr=9.00e-04
[E228] train tot=7.6156 seg(log)=0.7637 seg(bw)=0.0000 vol=1.6205 cent=1.1990 | val seg=0.8476 meanFGDice=0.5501 | best=0.5501 pat=0/100
[E229 i0000 EXP] tot=7.6417 seg(log)=0.6746 seg(bw)=0.0000 vol=1.6483 cent=1.1987 t=5.00 lr=9.00e-04
[E229 i0025 STD] tot=7.5786 seg(log)=0.8754 seg(bw)=0.0000 vol=1.5801 cent=1.1997 t=5.00 lr=9.00e-04
[E229 i0050 EXP] tot=7.6407 seg(log)=0.7055 seg(bw)=0.0000 vol=1.6451 cent=1.1991 t=5.00 lr=9.00e-04
[E229 i0075 STD] tot=7.5911 seg(log)=0.8346 seg(bw)=0.0000 vol=1.5948 cent=1.1993 t=5.00 lr=9.00e-04
[E229 i0100 EXP] tot=7.6410 seg(log)=0.7079 seg(bw)=0.0000 vol=1.6429 cent=1.1996 t=5.00 lr=9.00e-04
[E229 i0125 STD] tot=7.5994 seg(log)=0.8131 seg(bw)=0.0000 vol=1.6050 cent=1.1989 t=5.00 lr=9.00e-04
[E229 i0150 EXP] tot=7.6473 seg(log)=0.6555 seg(bw)=0.0000 vol=1.6546 cent=1.1985 t=5.00 lr=9.00e-04
[E229 i0175 STD] tot=7.5975 seg(log)=0.8460 seg(bw)=0.0000 vol=1.5996 cent=1.1996 t=5.00 lr=9.00e-04
[E229] train tot=7.6158 seg(log)=0.7652 seg(bw)=0.0000 vol=1.6205 cent=1.1991 | val seg=0.8424 meanFGDice=0.5472 | best=0.5501 pat=1/100
[E230 i0000 EXP] tot=7.6401 seg(log)=0.6863 seg(bw)=0.0000 vol=1.6454 cent=1.1989 t=5.00 lr=9.00e-04
[E230 i0025 STD] tot=7.5951 seg(log)=0.8475 seg(bw)=0.0000 vol=1.6015 cent=1.1987 t=5.00 lr=9.00e-04
[E230 i0050 EXP] tot=7.6473 seg(log)=0.6434 seg(bw)=0.0000 vol=1.6542 cent=1.1986 t=5.00 lr=9.00e-04
[E230 i0075 STD] tot=7.5867 seg(log)=0.8419 seg(bw)=0.0000 vol=1.5912 cent=1.1991 t=5.00 lr=9.00e-04
[E230 i0100 EXP] tot=7.6443 seg(log)=0.6672 seg(bw)=0.0000 vol=1.6505 cent=1.1988 t=5.00 lr=9.00e-04
[E230 i0125 STD] tot=7.5836 seg(log)=0.8287 seg(bw)=0.0000 vol=1.5900 cent=1.1987 t=5.00 lr=9.00e-04
[E230 i0150 EXP] tot=7.6536 seg(log)=0.6261 seg(bw)=0.0000 vol=1.6602 cent=1.1987 t=5.00 lr=9.00e-04
[E230 i0175 STD] tot=7.5951 seg(log)=0.8096 seg(bw)=0.0000 vol=1.6015 cent=1.1987 t=5.00 lr=9.00e-04
[E230] train tot=7.6158 seg(log)=0.7588 seg(bw)=0.0000 vol=1.6208 cent=1.1990 | val seg=0.8754 meanFGDice=0.5431 | best=0.5501 pat=2/100
[E231 i0000 EXP] tot=7.6409 seg(log)=0.6790 seg(bw)=0.0000 vol=1.6479 cent=1.1986 t=5.00 lr=9.00e-04
[E231 i0025 STD] tot=7.5975 seg(log)=0.7792 seg(bw)=0.0000 vol=1.6043 cent=1.1987 t=5.00 lr=9.00e-04
[E231 i0050 EXP] tot=7.6435 seg(log)=0.6734 seg(bw)=0.0000 vol=1.6498 cent=1.1987 t=5.00 lr=9.00e-04
[E231 i0075 STD] tot=7.5970 seg(log)=0.8568 seg(bw)=0.0000 vol=1.6027 cent=1.1989 t=5.00 lr=9.00e-04
[E231 i0100 EXP] tot=7.6473 seg(log)=0.6751 seg(bw)=0.0000 vol=1.6513 cent=1.1992 t=5.00 lr=9.00e-04
[E231 i0125 STD] tot=7.5945 seg(log)=0.8352 seg(bw)=0.0000 vol=1.5982 cent=1.1993 t=5.00 lr=9.00e-04
[E231 i0150 EXP] tot=7.6438 seg(log)=0.6701 seg(bw)=0.0000 vol=1.6493 cent=1.1989 t=5.00 lr=9.00e-04
[E231 i0175 STD] tot=7.6082 seg(log)=0.7907 seg(bw)=0.0000 vol=1.6124 cent=1.1992 t=5.00 lr=9.00e-04
[E231] train tot=7.6154 seg(log)=0.7628 seg(bw)=0.0000 vol=1.6203 cent=1.1990 | val seg=0.8458 meanFGDice=0.5466 | best=0.5501 pat=3/100
[E232 i0000 EXP] tot=7.6543 seg(log)=0.6231 seg(bw)=0.0000 vol=1.6606 cent=1.1987 t=5.00 lr=9.00e-04
[E232 i0025 STD] tot=7.5891 seg(log)=0.8231 seg(bw)=0.0000 vol=1.5949 cent=1.1988 t=5.00 lr=9.00e-04
[E232 i0050 EXP] tot=7.6405 seg(log)=0.6794 seg(bw)=0.0000 vol=1.6462 cent=1.1989 t=5.00 lr=9.00e-04
[E232 i0075 STD] tot=7.5773 seg(log)=0.9002 seg(bw)=0.0000 vol=1.5738 cent=1.2007 t=5.00 lr=9.00e-04
[E232 i0100 EXP] tot=7.6493 seg(log)=0.6536 seg(bw)=0.0000 vol=1.6541 cent=1.1990 t=5.00 lr=9.00e-04
[E232 i0125 STD] tot=7.5827 seg(log)=0.8085 seg(bw)=0.0000 vol=1.5863 cent=1.1993 t=5.00 lr=9.00e-04
[E232 i0150 EXP] tot=7.6520 seg(log)=0.6378 seg(bw)=0.0000 vol=1.6572 cent=1.1990 t=5.00 lr=9.00e-04
[E232 i0175 STD] tot=7.5848 seg(log)=0.8265 seg(bw)=0.0000 vol=1.5916 cent=1.1986 t=5.00 lr=9.00e-04
[E232] train tot=7.6156 seg(log)=0.7546 seg(bw)=0.0000 vol=1.6205 cent=1.1990 | val seg=0.8480 meanFGDice=0.5454 | best=0.5501 pat=4/100
[E233 i0000 EXP] tot=7.6440 seg(log)=0.6531 seg(bw)=0.0000 vol=1.6513 cent=1.1985 t=5.00 lr=9.00e-04
[E233 i0025 STD] tot=7.5857 seg(log)=0.8645 seg(bw)=0.0000 vol=1.5884 cent=1.1995 t=5.00 lr=9.00e-04
[E233 i0050 EXP] tot=7.6489 seg(log)=0.6478 seg(bw)=0.0000 vol=1.6544 cent=1.1989 t=5.00 lr=9.00e-04
[E233 i0075 STD] tot=7.5821 seg(log)=0.8654 seg(bw)=0.0000 vol=1.5885 cent=1.1987 t=5.00 lr=9.00e-04
[E233 i0100 EXP] tot=7.6408 seg(log)=0.6900 seg(bw)=0.0000 vol=1.6455 cent=1.1991 t=5.00 lr=9.00e-04
[E233 i0125 STD] tot=7.5906 seg(log)=0.8639 seg(bw)=0.0000 vol=1.5931 cent=1.1995 t=5.00 lr=9.00e-04
[E233 i0150 EXP] tot=7.6477 seg(log)=0.6560 seg(bw)=0.0000 vol=1.6525 cent=1.1990 t=5.00 lr=9.00e-04
[E233 i0175 STD] tot=7.5932 seg(log)=0.8349 seg(bw)=0.0000 vol=1.6001 cent=1.1986 t=5.00 lr=9.00e-04
[E233] train tot=7.6158 seg(log)=0.7622 seg(bw)=0.0000 vol=1.6208 cent=1.1990 | val seg=0.8536 meanFGDice=0.5510 | best=0.5510 pat=0/100
[E234 i0000 EXP] tot=7.6531 seg(log)=0.6201 seg(bw)=0.0000 vol=1.6574 cent=1.1991 t=5.00 lr=9.00e-04
[E234 i0025 STD] tot=7.5807 seg(log)=0.8311 seg(bw)=0.0000 vol=1.5847 cent=1.1992 t=5.00 lr=9.00e-04
[E234 i0050 EXP] tot=7.6478 seg(log)=0.6447 seg(bw)=0.0000 vol=1.6538 cent=1.1988 t=5.00 lr=9.00e-04
[E234 i0075 STD] tot=7.5661 seg(log)=0.8838 seg(bw)=0.0000 vol=1.5675 cent=1.1997 t=5.00 lr=9.00e-04
[E234 i0100 EXP] tot=7.6498 seg(log)=0.6544 seg(bw)=0.0000 vol=1.6551 cent=1.1989 t=5.00 lr=9.00e-04
[E234 i0125 STD] tot=7.5939 seg(log)=0.7951 seg(bw)=0.0000 vol=1.6004 cent=1.1987 t=5.00 lr=9.00e-04
[E234 i0150 EXP] tot=7.6437 seg(log)=0.6625 seg(bw)=0.0000 vol=1.6501 cent=1.1987 t=5.00 lr=9.00e-04
[E234 i0175 STD] tot=7.5998 seg(log)=0.8150 seg(bw)=0.0000 vol=1.6049 cent=1.1990 t=5.00 lr=9.00e-04
[E234] train tot=7.6166 seg(log)=0.7553 seg(bw)=0.0000 vol=1.6209 cent=1.1992 | val seg=0.8369 meanFGDice=0.5450 | best=0.5510 pat=1/100
[E235 i0000 EXP] tot=7.6292 seg(log)=0.7387 seg(bw)=0.0000 vol=1.6337 cent=1.1991 t=5.00 lr=9.00e-04
[E235 i0025 STD] tot=7.5907 seg(log)=0.8340 seg(bw)=0.0000 vol=1.5959 cent=1.1990 t=5.00 lr=9.00e-04
[E235 i0050 EXP] tot=7.6390 seg(log)=0.6874 seg(bw)=0.0000 vol=1.6449 cent=1.1988 t=5.00 lr=9.00e-04
[E235 i0075 STD] tot=7.5691 seg(log)=0.9064 seg(bw)=0.0000 vol=1.5743 cent=1.1990 t=5.00 lr=9.00e-04
[E235 i0100 EXP] tot=7.6487 seg(log)=0.6659 seg(bw)=0.0000 vol=1.6505 cent=1.1996 t=5.00 lr=9.00e-04
[E235 i0125 STD] tot=7.5929 seg(log)=0.9034 seg(bw)=0.0000 vol=1.5962 cent=1.1993 t=5.00 lr=9.00e-04
[E235 i0150 EXP] tot=7.6644 seg(log)=0.7411 seg(bw)=0.0000 vol=1.6541 cent=1.2021 t=5.00 lr=9.00e-04
[E235 i0175 STD] tot=7.5962 seg(log)=0.8960 seg(bw)=0.0000 vol=1.5980 cent=1.1996 t=5.00 lr=9.00e-04
[E235] train tot=7.6197 seg(log)=0.7894 seg(bw)=0.0000 vol=1.6210 cent=1.1997 | val seg=0.9027 meanFGDice=0.5519 | best=0.5519 pat=0/100
[E236 i0000 EXP] tot=7.6473 seg(log)=0.6674 seg(bw)=0.0000 vol=1.6502 cent=1.1994 t=5.00 lr=9.00e-04
[E236 i0025 STD] tot=7.5928 seg(log)=0.8591 seg(bw)=0.0000 vol=1.5830 cent=1.2020 t=5.00 lr=9.00e-04
[E236 i0050 EXP] tot=7.6458 seg(log)=0.6465 seg(bw)=0.0000 vol=1.6510 cent=1.1990 t=5.00 lr=9.00e-04
[E236 i0075 STD] tot=7.5904 seg(log)=0.8215 seg(bw)=0.0000 vol=1.5939 cent=1.1993 t=5.00 lr=9.00e-04
[E236 i0100 EXP] tot=7.6461 seg(log)=0.6561 seg(bw)=0.0000 vol=1.6512 cent=1.1990 t=5.00 lr=9.00e-04
[E236 i0125 STD] tot=7.5717 seg(log)=0.8610 seg(bw)=0.0000 vol=1.5750 cent=1.1993 t=5.00 lr=9.00e-04
[E236 i0150 EXP] tot=7.6486 seg(log)=0.7123 seg(bw)=0.0000 vol=1.6479 cent=1.2001 t=5.00 lr=9.00e-04
[E236 i0175 STD] tot=7.5968 seg(log)=0.8283 seg(bw)=0.0000 vol=1.6031 cent=1.1987 t=5.00 lr=9.00e-04
[E236] train tot=7.6179 seg(log)=0.7575 seg(bw)=0.0000 vol=1.6202 cent=1.1995 | val seg=0.9049 meanFGDice=0.5453 | best=0.5519 pat=1/100
[E237 i0000 EXP] tot=7.6439 seg(log)=0.6845 seg(bw)=0.0000 vol=1.6505 cent=1.1987 t=5.00 lr=9.00e-04
[E237 i0025 STD] tot=7.5862 seg(log)=0.8293 seg(bw)=0.0000 vol=1.5911 cent=1.1990 t=5.00 lr=9.00e-04
[E237 i0050 EXP] tot=7.6484 seg(log)=0.6646 seg(bw)=0.0000 vol=1.6519 cent=1.1993 t=5.00 lr=9.00e-04
[E237 i0075 STD] tot=7.5946 seg(log)=0.8299 seg(bw)=0.0000 vol=1.5946 cent=1.2000 t=5.00 lr=9.00e-04
[E237 i0100 EXP] tot=7.6339 seg(log)=0.7279 seg(bw)=0.0000 vol=1.6391 cent=1.1989 t=5.00 lr=9.00e-04
[E237 i0125 STD] tot=7.5909 seg(log)=0.8476 seg(bw)=0.0000 vol=1.5960 cent=1.1990 t=5.00 lr=9.00e-04
[E237 i0150 EXP] tot=7.6388 seg(log)=0.7028 seg(bw)=0.0000 vol=1.6424 cent=1.1993 t=5.00 lr=9.00e-04
[E237 i0175 STD] tot=7.5984 seg(log)=0.8259 seg(bw)=0.0000 vol=1.6016 cent=1.1994 t=5.00 lr=9.00e-04
[E237] train tot=7.6168 seg(log)=0.7560 seg(bw)=0.0000 vol=1.6210 cent=1.1992 | val seg=0.8866 meanFGDice=0.5449 | best=0.5519 pat=2/100
[E238 i0000 EXP] tot=7.6342 seg(log)=0.7107 seg(bw)=0.0000 vol=1.6415 cent=1.1985 t=5.00 lr=9.00e-04
[E238 i0025 STD] tot=7.5900 seg(log)=0.7993 seg(bw)=0.0000 vol=1.5946 cent=1.1991 t=5.00 lr=9.00e-04
[E238 i0050 EXP] tot=7.6485 seg(log)=0.6535 seg(bw)=0.0000 vol=1.6544 cent=1.1988 t=5.00 lr=9.00e-04
[E238 i0075 STD] tot=7.5875 seg(log)=0.8605 seg(bw)=0.0000 vol=1.5878 cent=1.1999 t=5.00 lr=9.00e-04
[E238 i0100 EXP] tot=7.6497 seg(log)=0.6674 seg(bw)=0.0000 vol=1.6547 cent=1.1990 t=5.00 lr=9.00e-04
[E238 i0125 STD] tot=7.5908 seg(log)=0.8200 seg(bw)=0.0000 vol=1.5945 cent=1.1993 t=5.00 lr=9.00e-04
[E238 i0150 EXP] tot=7.6476 seg(log)=0.6640 seg(bw)=0.0000 vol=1.6536 cent=1.1988 t=5.00 lr=9.00e-04
[E238 i0175 STD] tot=7.5944 seg(log)=0.8146 seg(bw)=0.0000 vol=1.6013 cent=1.1986 t=5.00 lr=9.00e-04
[E238] train tot=7.6157 seg(log)=0.7596 seg(bw)=0.0000 vol=1.6203 cent=1.1991 | val seg=0.8358 meanFGDice=0.5520 | best=0.5520 pat=0/100
[E239 i0000 EXP] tot=7.6519 seg(log)=0.6408 seg(bw)=0.0000 vol=1.6567 cent=1.1990 t=5.00 lr=9.00e-04
[E239 i0025 STD] tot=7.5765 seg(log)=0.8716 seg(bw)=0.0000 vol=1.5822 cent=1.1989 t=5.00 lr=9.00e-04
[E239 i0050 EXP] tot=7.6452 seg(log)=0.6697 seg(bw)=0.0000 vol=1.6506 cent=1.1989 t=5.00 lr=9.00e-04
[E239 i0075 STD] tot=7.5869 seg(log)=0.8437 seg(bw)=0.0000 vol=1.5915 cent=1.1991 t=5.00 lr=9.00e-04
[E239 i0100 EXP] tot=7.6517 seg(log)=0.6394 seg(bw)=0.0000 vol=1.6584 cent=1.1987 t=5.00 lr=9.00e-04
[E239 i0125 STD] tot=7.5891 seg(log)=0.8411 seg(bw)=0.0000 vol=1.5943 cent=1.1990 t=5.00 lr=9.00e-04
[E239 i0150 EXP] tot=7.6383 seg(log)=0.7048 seg(bw)=0.0000 vol=1.6447 cent=1.1987 t=5.00 lr=9.00e-04
[E239 i0175 STD] tot=7.6046 seg(log)=0.8284 seg(bw)=0.0000 vol=1.6073 cent=1.1995 t=5.00 lr=9.00e-04
[E239] train tot=7.6152 seg(log)=0.7571 seg(bw)=0.0000 vol=1.6203 cent=1.1990 | val seg=0.8446 meanFGDice=0.5487 | best=0.5520 pat=1/100
[E240 i0000 EXP] tot=7.6370 seg(log)=0.7127 seg(bw)=0.0000 vol=1.6421 cent=1.1990 t=5.00 lr=9.00e-04
[E240 i0025 STD] tot=7.5918 seg(log)=0.8542 seg(bw)=0.0000 vol=1.5985 cent=1.1987 t=5.00 lr=9.00e-04
[E240 i0050 EXP] tot=7.6424 seg(log)=0.6817 seg(bw)=0.0000 vol=1.6467 cent=1.1991 t=5.00 lr=9.00e-04
[E240 i0075 STD] tot=7.5853 seg(log)=0.7941 seg(bw)=0.0000 vol=1.5924 cent=1.1986 t=5.00 lr=9.00e-04
[E240 i0100 EXP] tot=7.6461 seg(log)=0.6557 seg(bw)=0.0000 vol=1.6525 cent=1.1987 t=5.00 lr=9.00e-04
[E240 i0125 STD] tot=7.5850 seg(log)=0.8123 seg(bw)=0.0000 vol=1.5909 cent=1.1988 t=5.00 lr=9.00e-04
[E240 i0150 EXP] tot=7.6505 seg(log)=0.6457 seg(bw)=0.0000 vol=1.6558 cent=1.1989 t=5.00 lr=9.00e-04
[E240 i0175 STD] tot=7.6041 seg(log)=0.7468 seg(bw)=0.0000 vol=1.6067 cent=1.1995 t=5.00 lr=9.00e-04
[E240] train tot=7.6153 seg(log)=0.7459 seg(bw)=0.0000 vol=1.6208 cent=1.1989 | val seg=0.8153 meanFGDice=0.5535 | best=0.5535 pat=0/100
[E241 i0000 EXP] tot=7.6471 seg(log)=0.6376 seg(bw)=0.0000 vol=1.6535 cent=1.1987 t=5.00 lr=9.00e-04
[E241 i0025 STD] tot=7.5928 seg(log)=0.8021 seg(bw)=0.0000 vol=1.6002 cent=1.1985 t=5.00 lr=9.00e-04
[E241 i0050 EXP] tot=7.6388 seg(log)=0.6936 seg(bw)=0.0000 vol=1.6451 cent=1.1987 t=5.00 lr=9.00e-04
[E241 i0075 STD] tot=7.5754 seg(log)=0.8757 seg(bw)=0.0000 vol=1.5801 cent=1.1990 t=5.00 lr=9.00e-04
[E241 i0100 EXP] tot=7.6445 seg(log)=0.6519 seg(bw)=0.0000 vol=1.6500 cent=1.1989 t=5.00 lr=9.00e-04
[E241 i0125 STD] tot=7.5765 seg(log)=0.8361 seg(bw)=0.0000 vol=1.5767 cent=1.2000 t=5.00 lr=9.00e-04
[E241 i0150 EXP] tot=7.6447 seg(log)=0.6611 seg(bw)=0.0000 vol=1.6497 cent=1.1990 t=5.00 lr=9.00e-04
[E241 i0175 STD] tot=7.5995 seg(log)=0.8030 seg(bw)=0.0000 vol=1.6040 cent=1.1991 t=5.00 lr=9.00e-04
[E241] train tot=7.6154 seg(log)=0.7462 seg(bw)=0.0000 vol=1.6207 cent=1.1989 | val seg=0.8299 meanFGDice=0.5478 | best=0.5535 pat=1/100
[E242 i0000 EXP] tot=7.6363 seg(log)=0.7062 seg(bw)=0.0000 vol=1.6410 cent=1.1991 t=5.00 lr=9.00e-04
[E242 i0025 STD] tot=7.6081 seg(log)=0.7627 seg(bw)=0.0000 vol=1.6139 cent=1.1988 t=5.00 lr=9.00e-04
[E242 i0050 EXP] tot=7.6381 seg(log)=0.7107 seg(bw)=0.0000 vol=1.6428 cent=1.1991 t=5.00 lr=9.00e-04
[E242 i0075 STD] tot=7.6034 seg(log)=0.8757 seg(bw)=0.0000 vol=1.6040 cent=1.1999 t=5.00 lr=9.00e-04
[E242 i0100 EXP] tot=7.6494 seg(log)=0.6428 seg(bw)=0.0000 vol=1.6545 cent=1.1990 t=5.00 lr=9.00e-04
[E242 i0125 STD] tot=7.5880 seg(log)=0.7775 seg(bw)=0.0000 vol=1.5944 cent=1.1987 t=5.00 lr=9.00e-04
[E242 i0150 EXP] tot=7.6567 seg(log)=0.5927 seg(bw)=0.0000 vol=1.6635 cent=1.1986 t=5.00 lr=9.00e-04
[E242 i0175 STD] tot=7.5568 seg(log)=0.8729 seg(bw)=0.0000 vol=1.5608 cent=1.1992 t=5.00 lr=9.00e-04
[E242] train tot=7.6153 seg(log)=0.7406 seg(bw)=0.0000 vol=1.6207 cent=1.1989 | val seg=0.8139 meanFGDice=0.5522 | best=0.5535 pat=2/100
[E243 i0000 EXP] tot=7.6460 seg(log)=0.6601 seg(bw)=0.0000 vol=1.6526 cent=1.1987 t=5.00 lr=9.00e-04
[E243 i0025 STD] tot=7.5738 seg(log)=0.8408 seg(bw)=0.0000 vol=1.5791 cent=1.1989 t=5.00 lr=9.00e-04
[E243 i0050 EXP] tot=7.6520 seg(log)=0.6507 seg(bw)=0.0000 vol=1.6582 cent=1.1987 t=5.00 lr=9.00e-04
[E243 i0075 STD] tot=7.5952 seg(log)=0.7941 seg(bw)=0.0000 vol=1.6010 cent=1.1988 t=5.00 lr=9.00e-04
[E243 i0100 EXP] tot=7.6437 seg(log)=0.6515 seg(bw)=0.0000 vol=1.6500 cent=1.1988 t=5.00 lr=9.00e-04
[E243 i0125 STD] tot=7.5794 seg(log)=0.8100 seg(bw)=0.0000 vol=1.5861 cent=1.1987 t=5.00 lr=9.00e-04
[E243 i0150 EXP] tot=7.6483 seg(log)=0.6411 seg(bw)=0.0000 vol=1.6527 cent=1.1991 t=5.00 lr=9.00e-04
[E243 i0175 STD] tot=7.5836 seg(log)=0.7970 seg(bw)=0.0000 vol=1.5897 cent=1.1988 t=5.00 lr=9.00e-04
[E243] train tot=7.6151 seg(log)=0.7425 seg(bw)=0.0000 vol=1.6206 cent=1.1989 | val seg=0.8335 meanFGDice=0.5446 | best=0.5535 pat=3/100
[E244 i0000 EXP] tot=7.6485 seg(log)=0.6400 seg(bw)=0.0000 vol=1.6539 cent=1.1989 t=5.00 lr=9.00e-04
[E244 i0025 STD] tot=7.5855 seg(log)=0.8538 seg(bw)=0.0000 vol=1.5920 cent=1.1987 t=5.00 lr=9.00e-04
[E244 i0050 EXP] tot=7.6514 seg(log)=0.6475 seg(bw)=0.0000 vol=1.6562 cent=1.1991 t=5.00 lr=9.00e-04
[E244 i0075 STD] tot=7.5940 seg(log)=0.8473 seg(bw)=0.0000 vol=1.6002 cent=1.1988 t=5.00 lr=9.00e-04
[E244 i0100 EXP] tot=7.6509 seg(log)=0.6494 seg(bw)=0.0000 vol=1.6562 cent=1.1989 t=5.00 lr=9.00e-04
[E244 i0125 STD] tot=7.5837 seg(log)=0.8288 seg(bw)=0.0000 vol=1.5909 cent=1.1986 t=5.00 lr=9.00e-04
[E244 i0150 EXP] tot=7.6440 seg(log)=0.6574 seg(bw)=0.0000 vol=1.6502 cent=1.1988 t=5.00 lr=9.00e-04
[E244 i0175 STD] tot=7.5641 seg(log)=0.8768 seg(bw)=0.0000 vol=1.5706 cent=1.1987 t=5.00 lr=9.00e-04
[E244] train tot=7.6154 seg(log)=0.7538 seg(bw)=0.0000 vol=1.6206 cent=1.1990 | val seg=0.8597 meanFGDice=0.5533 | best=0.5535 pat=4/100
[E245 i0000 EXP] tot=7.6427 seg(log)=0.6617 seg(bw)=0.0000 vol=1.6489 cent=1.1988 t=5.00 lr=9.00e-04
[E245 i0025 STD] tot=7.5688 seg(log)=0.8389 seg(bw)=0.0000 vol=1.5699 cent=1.1998 t=5.00 lr=9.00e-04
[E245 i0050 EXP] tot=7.6402 seg(log)=0.6850 seg(bw)=0.0000 vol=1.6465 cent=1.1987 t=5.00 lr=9.00e-04
[E245 i0075 STD] tot=7.5946 seg(log)=0.8252 seg(bw)=0.0000 vol=1.6006 cent=1.1988 t=5.00 lr=9.00e-04
[E245 i0100 EXP] tot=7.6391 seg(log)=0.6765 seg(bw)=0.0000 vol=1.6458 cent=1.1987 t=5.00 lr=9.00e-04
[E245 i0125 STD] tot=7.5912 seg(log)=0.8293 seg(bw)=0.0000 vol=1.5979 cent=1.1986 t=5.00 lr=9.00e-04
[E245 i0150 EXP] tot=7.6526 seg(log)=0.6340 seg(bw)=0.0000 vol=1.6577 cent=1.1990 t=5.00 lr=9.00e-04
[E245 i0175 STD] tot=7.5888 seg(log)=0.8029 seg(bw)=0.0000 vol=1.5947 cent=1.1988 t=5.00 lr=9.00e-04
[E245] train tot=7.6154 seg(log)=0.7491 seg(bw)=0.0000 vol=1.6205 cent=1.1990 | val seg=0.8094 meanFGDice=0.5560 | best=0.5560 pat=0/100
[E246 i0000 EXP] tot=7.6487 seg(log)=0.6428 seg(bw)=0.0000 vol=1.6540 cent=1.1989 t=5.00 lr=9.00e-04
[E246 i0025 STD] tot=7.5943 seg(log)=0.8128 seg(bw)=0.0000 vol=1.6012 cent=1.1986 t=5.00 lr=9.00e-04
[E246 i0050 EXP] tot=7.6493 seg(log)=0.6632 seg(bw)=0.0000 vol=1.6535 cent=1.1992 t=5.00 lr=9.00e-04
[E246 i0075 STD] tot=7.5932 seg(log)=0.7919 seg(bw)=0.0000 vol=1.5964 cent=1.1994 t=5.00 lr=9.00e-04
[E246 i0100 EXP] tot=7.6503 seg(log)=0.6459 seg(bw)=0.0000 vol=1.6545 cent=1.1992 t=5.00 lr=9.00e-04
[E246 i0125 STD] tot=7.5876 seg(log)=0.8254 seg(bw)=0.0000 vol=1.5926 cent=1.1990 t=5.00 lr=9.00e-04
[E246 i0150 EXP] tot=7.6358 seg(log)=0.7010 seg(bw)=0.0000 vol=1.6413 cent=1.1989 t=5.00 lr=9.00e-04
[E246 i0175 STD] tot=7.5767 seg(log)=0.8127 seg(bw)=0.0000 vol=1.5828 cent=1.1988 t=5.00 lr=9.00e-04
[E246] train tot=7.6155 seg(log)=0.7469 seg(bw)=0.0000 vol=1.6204 cent=1.1990 | val seg=0.8045 meanFGDice=0.5560 | best=0.5560 pat=0/100
[E247 i0000 EXP] tot=7.6452 seg(log)=0.6575 seg(bw)=0.0000 vol=1.6497 cent=1.1991 t=5.00 lr=9.00e-04
[E247 i0025 STD] tot=7.5833 seg(log)=0.7898 seg(bw)=0.0000 vol=1.5889 cent=1.1989 t=5.00 lr=9.00e-04
[E247 i0050 EXP] tot=7.6446 seg(log)=0.6670 seg(bw)=0.0000 vol=1.6512 cent=1.1987 t=5.00 lr=9.00e-04
[E247 i0075 STD] tot=7.5839 seg(log)=0.7965 seg(bw)=0.0000 vol=1.5891 cent=1.1990 t=5.00 lr=9.00e-04
[E247 i0100 EXP] tot=7.6413 seg(log)=0.6697 seg(bw)=0.0000 vol=1.6483 cent=1.1986 t=5.00 lr=9.00e-04
[E247 i0125 STD] tot=7.5885 seg(log)=0.8343 seg(bw)=0.0000 vol=1.5950 cent=1.1987 t=5.00 lr=9.00e-04
[E247 i0150 EXP] tot=7.6422 seg(log)=0.6756 seg(bw)=0.0000 vol=1.6482 cent=1.1988 t=5.00 lr=9.00e-04
[E247 i0175 STD] tot=7.5851 seg(log)=0.8576 seg(bw)=0.0000 vol=1.5875 cent=1.1995 t=5.00 lr=9.00e-04
[E247] train tot=7.6154 seg(log)=0.7403 seg(bw)=0.0000 vol=1.6205 cent=1.1990 | val seg=0.8425 meanFGDice=0.5494 | best=0.5560 pat=1/100
[E248 i0000 EXP] tot=7.6420 seg(log)=0.6707 seg(bw)=0.0000 vol=1.6487 cent=1.1987 t=5.00 lr=9.00e-04
[E248 i0025 STD] tot=7.5771 seg(log)=0.8313 seg(bw)=0.0000 vol=1.5818 cent=1.1991 t=5.00 lr=9.00e-04
[E248 i0050 EXP] tot=7.6459 seg(log)=0.6483 seg(bw)=0.0000 vol=1.6526 cent=1.1986 t=5.00 lr=9.00e-04
[E248 i0075 STD] tot=7.5862 seg(log)=0.8260 seg(bw)=0.0000 vol=1.5886 cent=1.1995 t=5.00 lr=9.00e-04
[E248 i0100 EXP] tot=7.6440 seg(log)=0.6693 seg(bw)=0.0000 vol=1.6503 cent=1.1987 t=5.00 lr=9.00e-04
[E248 i0125 STD] tot=7.6005 seg(log)=0.8143 seg(bw)=0.0000 vol=1.6075 cent=1.1986 t=5.00 lr=9.00e-04
[E248 i0150 EXP] tot=7.6440 seg(log)=0.6786 seg(bw)=0.0000 vol=1.6496 cent=1.1989 t=5.00 lr=9.00e-04
[E248 i0175 STD] tot=7.5901 seg(log)=0.8463 seg(bw)=0.0000 vol=1.5862 cent=1.2008 t=5.00 lr=9.00e-04
[E248] train tot=7.6159 seg(log)=0.7449 seg(bw)=0.0000 vol=1.6208 cent=1.1990 | val seg=0.7967 meanFGDice=0.5614 | best=0.5614 pat=0/100
[E249 i0000 EXP] tot=7.6434 seg(log)=0.6594 seg(bw)=0.0000 vol=1.6498 cent=1.1987 t=5.00 lr=9.00e-04
[E249 i0025 STD] tot=7.5920 seg(log)=0.8625 seg(bw)=0.0000 vol=1.5907 cent=1.2003 t=5.00 lr=9.00e-04
[E249 i0050 EXP] tot=7.6471 seg(log)=0.6676 seg(bw)=0.0000 vol=1.6511 cent=1.1992 t=5.00 lr=9.00e-04
[E249 i0075 STD] tot=7.5785 seg(log)=0.8208 seg(bw)=0.0000 vol=1.5831 cent=1.1991 t=5.00 lr=9.00e-04
[E249 i0100 EXP] tot=7.6551 seg(log)=0.6396 seg(bw)=0.0000 vol=1.6564 cent=1.1997 t=5.00 lr=9.00e-04
[E249 i0125 STD] tot=7.5859 seg(log)=0.8647 seg(bw)=0.0000 vol=1.5891 cent=1.1994 t=5.00 lr=9.00e-04
[E249 i0150 EXP] tot=7.6459 seg(log)=0.6647 seg(bw)=0.0000 vol=1.6519 cent=1.1988 t=5.00 lr=9.00e-04
[E249 i0175 STD] tot=7.5779 seg(log)=0.8406 seg(bw)=0.0000 vol=1.5824 cent=1.1991 t=5.00 lr=9.00e-04
[E249] train tot=7.6167 seg(log)=0.7493 seg(bw)=0.0000 vol=1.6202 cent=1.1993 | val seg=0.8027 meanFGDice=0.5532 | best=0.5614 pat=1/100
[E250 i0000 EXP] tot=7.6572 seg(log)=0.6411 seg(bw)=0.0000 vol=1.6566 cent=1.2001 t=5.00 lr=9.00e-04
[E250 i0025 STD] tot=7.5776 seg(log)=0.8372 seg(bw)=0.0000 vol=1.5844 cent=1.1986 t=5.00 lr=9.00e-04
[E250 i0050 EXP] tot=7.6555 seg(log)=0.6337 seg(bw)=0.0000 vol=1.6612 cent=1.1989 t=5.00 lr=9.00e-04
[E250 i0075 STD] tot=7.5817 seg(log)=0.8549 seg(bw)=0.0000 vol=1.5800 cent=1.2004 t=5.00 lr=9.00e-04
[E250 i0100 EXP] tot=7.6477 seg(log)=0.6549 seg(bw)=0.0000 vol=1.6511 cent=1.1993 t=5.00 lr=9.00e-04
[E250 i0125 STD] tot=7.5709 seg(log)=0.8780 seg(bw)=0.0000 vol=1.5691 cent=1.2004 t=5.00 lr=9.00e-04
[E250 i0150 EXP] tot=7.6441 seg(log)=0.6711 seg(bw)=0.0000 vol=1.6499 cent=1.1988 t=5.00 lr=9.00e-04
[E250 i0175 STD] tot=7.6004 seg(log)=0.8029 seg(bw)=0.0000 vol=1.6061 cent=1.1989 t=5.00 lr=9.00e-04
[E250] train tot=7.6170 seg(log)=0.7478 seg(bw)=0.0000 vol=1.6205 cent=1.1993 | val seg=0.8483 meanFGDice=0.5456 | best=0.5614 pat=2/100
[E251 i0000 EXP] tot=7.6524 seg(log)=0.6899 seg(bw)=0.0000 vol=1.6535 cent=1.1998 t=5.00 lr=9.00e-04
[E251 i0025 STD] tot=7.5921 seg(log)=0.9200 seg(bw)=0.0000 vol=1.5858 cent=1.2013 t=5.00 lr=9.00e-04
[E251 i0050 EXP] tot=7.6622 seg(log)=0.6312 seg(bw)=0.0000 vol=1.6598 cent=1.2005 t=5.00 lr=9.00e-04
[E251 i0075 STD] tot=7.5918 seg(log)=0.8397 seg(bw)=0.0000 vol=1.5923 cent=1.1999 t=5.00 lr=9.00e-04
[E251 i0100 EXP] tot=7.6457 seg(log)=0.6670 seg(bw)=0.0000 vol=1.6499 cent=1.1992 t=5.00 lr=9.00e-04
[E251 i0125 STD] tot=7.5636 seg(log)=0.8715 seg(bw)=0.0000 vol=1.5619 cent=1.2003 t=5.00 lr=9.00e-04
[E251 i0150 EXP] tot=7.6445 seg(log)=0.6572 seg(bw)=0.0000 vol=1.6500 cent=1.1989 t=5.00 lr=9.00e-04
[E251 i0175 STD] tot=7.5729 seg(log)=0.8014 seg(bw)=0.0000 vol=1.5768 cent=1.1992 t=5.00 lr=9.00e-04
[E251] train tot=7.6195 seg(log)=0.7407 seg(bw)=0.0000 vol=1.6203 cent=1.1998 | val seg=0.7917 meanFGDice=0.5562 | best=0.5614 pat=3/100
[E252 i0000 EXP] tot=7.6503 seg(log)=0.6779 seg(bw)=0.0000 vol=1.6487 cent=1.2003 t=5.00 lr=9.00e-04
[E252 i0025 STD] tot=7.5625 seg(log)=0.8155 seg(bw)=0.0000 vol=1.5667 cent=1.1992 t=5.00 lr=9.00e-04
[E252 i0050 EXP] tot=7.6410 seg(log)=0.7070 seg(bw)=0.0000 vol=1.6451 cent=1.1992 t=5.00 lr=9.00e-04
[E252 i0075 STD] tot=7.6032 seg(log)=0.7434 seg(bw)=0.0000 vol=1.6083 cent=1.1990 t=5.00 lr=9.00e-04
[E252 i0100 EXP] tot=7.6530 seg(log)=0.6225 seg(bw)=0.0000 vol=1.6576 cent=1.1991 t=5.00 lr=9.00e-04
[E252 i0125 STD] tot=7.5926 seg(log)=0.7737 seg(bw)=0.0000 vol=1.5948 cent=1.1996 t=5.00 lr=9.00e-04
[E252 i0150 EXP] tot=7.6483 seg(log)=0.6376 seg(bw)=0.0000 vol=1.6524 cent=1.1992 t=5.00 lr=9.00e-04
[E252 i0175 STD] tot=7.6038 seg(log)=0.7555 seg(bw)=0.0000 vol=1.6090 cent=1.1990 t=5.00 lr=9.00e-04
[E252] train tot=7.6163 seg(log)=0.7224 seg(bw)=0.0000 vol=1.6207 cent=1.1991 | val seg=0.8247 meanFGDice=0.5545 | best=0.5614 pat=4/100
[E253 i0000 EXP] tot=7.6497 seg(log)=0.6242 seg(bw)=0.0000 vol=1.6560 cent=1.1988 t=5.00 lr=9.00e-04
[E253 i0025 STD] tot=7.5759 seg(log)=0.7842 seg(bw)=0.0000 vol=1.5805 cent=1.1991 t=5.00 lr=9.00e-04
[E253 i0050 EXP] tot=7.6431 seg(log)=0.6576 seg(bw)=0.0000 vol=1.6503 cent=1.1985 t=5.00 lr=9.00e-04
[E253 i0075 STD] tot=7.5862 seg(log)=0.8382 seg(bw)=0.0000 vol=1.5932 cent=1.1986 t=5.00 lr=9.00e-04
[E253 i0100 EXP] tot=7.6549 seg(log)=0.6136 seg(bw)=0.0000 vol=1.6604 cent=1.1989 t=5.00 lr=9.00e-04
[E253 i0125 STD] tot=7.5622 seg(log)=0.8323 seg(bw)=0.0000 vol=1.5671 cent=1.1990 t=5.00 lr=9.00e-04
[E253 i0150 EXP] tot=7.6439 seg(log)=0.6548 seg(bw)=0.0000 vol=1.6500 cent=1.1988 t=5.00 lr=9.00e-04
[E253 i0175 STD] tot=7.5867 seg(log)=0.7665 seg(bw)=0.0000 vol=1.5930 cent=1.1987 t=5.00 lr=9.00e-04
[E253] train tot=7.6157 seg(log)=0.7306 seg(bw)=0.0000 vol=1.6207 cent=1.1990 | val seg=0.7862 meanFGDice=0.5576 | best=0.5614 pat=5/100
[E254 i0000 EXP] tot=7.6449 seg(log)=0.6450 seg(bw)=0.0000 vol=1.6518 cent=1.1986 t=5.00 lr=9.00e-04
[E254 i0025 STD] tot=7.5963 seg(log)=0.7671 seg(bw)=0.0000 vol=1.6005 cent=1.1992 t=5.00 lr=9.00e-04
[E254 i0050 EXP] tot=7.6438 seg(log)=0.6638 seg(bw)=0.0000 vol=1.6491 cent=1.1989 t=5.00 lr=9.00e-04
[E254 i0075 STD] tot=7.6003 seg(log)=0.7620 seg(bw)=0.0000 vol=1.6043 cent=1.1992 t=5.00 lr=9.00e-04
[E254 i0100 EXP] tot=7.6449 seg(log)=0.6635 seg(bw)=0.0000 vol=1.6502 cent=1.1989 t=5.00 lr=9.00e-04
[E254 i0125 STD] tot=7.5678 seg(log)=0.8597 seg(bw)=0.0000 vol=1.5749 cent=1.1986 t=5.00 lr=9.00e-04
[E254 i0150 EXP] tot=7.6458 seg(log)=0.6623 seg(bw)=0.0000 vol=1.6497 cent=1.1992 t=5.00 lr=9.00e-04
[E254 i0175 STD] tot=7.6019 seg(log)=0.7804 seg(bw)=0.0000 vol=1.6025 cent=1.1999 t=5.00 lr=9.00e-04
[E254] train tot=7.6155 seg(log)=0.7278 seg(bw)=0.0000 vol=1.6206 cent=1.1990 | val seg=0.8264 meanFGDice=0.5540 | best=0.5614 pat=6/100
[E255 i0000 EXP] tot=7.6483 seg(log)=0.6426 seg(bw)=0.0000 vol=1.6524 cent=1.1992 t=5.00 lr=9.00e-04
[E255 i0025 STD] tot=7.5794 seg(log)=0.8720 seg(bw)=0.0000 vol=1.5783 cent=1.2002 t=5.00 lr=9.00e-04
[E255 i0050 EXP] tot=7.6402 seg(log)=0.6771 seg(bw)=0.0000 vol=1.6457 cent=1.1989 t=5.00 lr=9.00e-04
[E255 i0075 STD] tot=7.5712 seg(log)=0.8625 seg(bw)=0.0000 vol=1.5729 cent=1.1996 t=5.00 lr=9.00e-04
[E255 i0100 EXP] tot=7.6531 seg(log)=0.6166 seg(bw)=0.0000 vol=1.6595 cent=1.1987 t=5.00 lr=9.00e-04
[E255 i0125 STD] tot=7.5522 seg(log)=1.0117 seg(bw)=0.0000 vol=1.5570 cent=1.1990 t=5.00 lr=9.00e-04
[E255 i0150 EXP] tot=7.6476 seg(log)=0.6416 seg(bw)=0.0000 vol=1.6547 cent=1.1986 t=5.00 lr=9.00e-04
[E255 i0175 STD] tot=7.5906 seg(log)=0.7312 seg(bw)=0.0000 vol=1.5962 cent=1.1989 t=5.00 lr=9.00e-04
[E255] train tot=7.6152 seg(log)=0.7394 seg(bw)=0.0000 vol=1.6204 cent=1.1990 | val seg=0.7558 meanFGDice=0.5643 | best=0.5643 pat=0/100
[E256 i0000 EXP] tot=7.6472 seg(log)=0.6392 seg(bw)=0.0000 vol=1.6522 cent=1.1990 t=5.00 lr=9.00e-04
[E256 i0025 STD] tot=7.5914 seg(log)=0.7741 seg(bw)=0.0000 vol=1.5981 cent=1.1987 t=5.00 lr=9.00e-04
[E256 i0050 EXP] tot=7.6441 seg(log)=0.6631 seg(bw)=0.0000 vol=1.6509 cent=1.1986 t=5.00 lr=9.00e-04
[E256 i0075 STD] tot=7.5929 seg(log)=0.7699 seg(bw)=0.0000 vol=1.5968 cent=1.1992 t=5.00 lr=9.00e-04
[E256 i0100 EXP] tot=7.6439 seg(log)=0.6572 seg(bw)=0.0000 vol=1.6517 cent=1.1984 t=5.00 lr=9.00e-04
[E256 i0125 STD] tot=7.5821 seg(log)=0.7752 seg(bw)=0.0000 vol=1.5871 cent=1.1990 t=5.00 lr=9.00e-04
[E256 i0150 EXP] tot=7.6579 seg(log)=0.6150 seg(bw)=0.0000 vol=1.6615 cent=1.1993 t=5.00 lr=9.00e-04
[E256 i0175 STD] tot=7.5829 seg(log)=0.8170 seg(bw)=0.0000 vol=1.5855 cent=1.1995 t=5.00 lr=9.00e-04
[E256] train tot=7.6156 seg(log)=0.7311 seg(bw)=0.0000 vol=1.6209 cent=1.1989 | val seg=0.8279 meanFGDice=0.5527 | best=0.5643 pat=1/100
[E257 i0000 EXP] tot=7.6350 seg(log)=0.7112 seg(bw)=0.0000 vol=1.6414 cent=1.1987 t=5.00 lr=9.00e-04
[E257 i0025 STD] tot=7.5824 seg(log)=0.8092 seg(bw)=0.0000 vol=1.5896 cent=1.1986 t=5.00 lr=9.00e-04
[E257 i0050 EXP] tot=7.6438 seg(log)=0.6629 seg(bw)=0.0000 vol=1.6505 cent=1.1987 t=5.00 lr=9.00e-04
[E257 i0075 STD] tot=7.5896 seg(log)=0.7972 seg(bw)=0.0000 vol=1.5951 cent=1.1989 t=5.00 lr=9.00e-04
[E257 i0100 EXP] tot=7.6282 seg(log)=0.7499 seg(bw)=0.0000 vol=1.6339 cent=1.1989 t=5.00 lr=9.00e-04
[E257 i0125 STD] tot=7.5773 seg(log)=0.8267 seg(bw)=0.0000 vol=1.5829 cent=1.1989 t=5.00 lr=9.00e-04
[E257 i0150 EXP] tot=7.6512 seg(log)=0.6408 seg(bw)=0.0000 vol=1.6557 cent=1.1991 t=5.00 lr=9.00e-04
[E257 i0175 STD] tot=7.5939 seg(log)=0.8390 seg(bw)=0.0000 vol=1.5970 cent=1.1994 t=5.00 lr=9.00e-04
[E257] train tot=7.6151 seg(log)=0.7408 seg(bw)=0.0000 vol=1.6204 cent=1.1989 | val seg=0.8202 meanFGDice=0.5523 | best=0.5643 pat=2/100
[E258 i0000 EXP] tot=7.6398 seg(log)=0.6849 seg(bw)=0.0000 vol=1.6472 cent=1.1985 t=5.00 lr=9.00e-04
[E258 i0025 STD] tot=7.5977 seg(log)=0.7572 seg(bw)=0.0000 vol=1.6007 cent=1.1994 t=5.00 lr=9.00e-04
[E258 i0050 EXP] tot=7.6385 seg(log)=0.6794 seg(bw)=0.0000 vol=1.6457 cent=1.1986 t=5.00 lr=9.00e-04
[E258 i0075 STD] tot=7.6017 seg(log)=0.7556 seg(bw)=0.0000 vol=1.6069 cent=1.1989 t=5.00 lr=9.00e-04
[E258 i0100 EXP] tot=7.6494 seg(log)=0.6315 seg(bw)=0.0000 vol=1.6548 cent=1.1989 t=5.00 lr=9.00e-04
[E258 i0125 STD] tot=7.5855 seg(log)=0.7706 seg(bw)=0.0000 vol=1.5918 cent=1.1987 t=5.00 lr=9.00e-04
[E258 i0150 EXP] tot=7.6480 seg(log)=0.6664 seg(bw)=0.0000 vol=1.6522 cent=1.1992 t=5.00 lr=9.00e-04
[E258 i0175 STD] tot=7.5799 seg(log)=0.8216 seg(bw)=0.0000 vol=1.5847 cent=1.1990 t=5.00 lr=9.00e-04
[E258] train tot=7.6155 seg(log)=0.7279 seg(bw)=0.0000 vol=1.6206 cent=1.1990 | val seg=0.8130 meanFGDice=0.5458 | best=0.5643 pat=3/100
[E259 i0000 EXP] tot=7.6466 seg(log)=0.6646 seg(bw)=0.0000 vol=1.6530 cent=1.1987 t=5.00 lr=9.00e-04
[E259 i0025 STD] tot=7.6093 seg(log)=0.7739 seg(bw)=0.0000 vol=1.6063 cent=1.2006 t=5.00 lr=9.00e-04
[E259 i0050 EXP] tot=7.6438 seg(log)=0.6602 seg(bw)=0.0000 vol=1.6493 cent=1.1989 t=5.00 lr=9.00e-04
[E259 i0075 STD] tot=7.6082 seg(log)=0.7496 seg(bw)=0.0000 vol=1.6124 cent=1.1992 t=5.00 lr=9.00e-04
[E259 i0100 EXP] tot=7.6540 seg(log)=0.6247 seg(bw)=0.0000 vol=1.6608 cent=1.1986 t=5.00 lr=9.00e-04
[E259 i0125 STD] tot=7.5865 seg(log)=0.7935 seg(bw)=0.0000 vol=1.5932 cent=1.1987 t=5.00 lr=9.00e-04
[E259 i0150 EXP] tot=7.6453 seg(log)=0.6748 seg(bw)=0.0000 vol=1.6469 cent=1.1997 t=5.00 lr=9.00e-04
[E259 i0175 STD] tot=7.5631 seg(log)=0.8862 seg(bw)=0.0000 vol=1.5691 cent=1.1988 t=5.00 lr=9.00e-04
[E259] train tot=7.6162 seg(log)=0.7376 seg(bw)=0.0000 vol=1.6206 cent=1.1991 | val seg=0.8139 meanFGDice=0.5486 | best=0.5643 pat=4/100
[E260 i0000 EXP] tot=7.6487 seg(log)=0.6565 seg(bw)=0.0000 vol=1.6520 cent=1.1993 t=5.00 lr=9.00e-04
[E260 i0025 STD] tot=7.5998 seg(log)=0.7817 seg(bw)=0.0000 vol=1.6044 cent=1.1991 t=5.00 lr=9.00e-04
[E260 i0050 EXP] tot=7.6504 seg(log)=0.6520 seg(bw)=0.0000 vol=1.6569 cent=1.1987 t=5.00 lr=9.00e-04
[E260 i0075 STD] tot=7.6078 seg(log)=0.7393 seg(bw)=0.0000 vol=1.6128 cent=1.1990 t=5.00 lr=9.00e-04
[E260 i0100 EXP] tot=7.6383 seg(log)=0.7091 seg(bw)=0.0000 vol=1.6414 cent=1.1994 t=5.00 lr=9.00e-04
[E260 i0125 STD] tot=7.5912 seg(log)=0.7912 seg(bw)=0.0000 vol=1.5983 cent=1.1986 t=5.00 lr=9.00e-04
[E260 i0150 EXP] tot=7.6498 seg(log)=0.6673 seg(bw)=0.0000 vol=1.6517 cent=1.1996 t=5.00 lr=9.00e-04
[E260 i0175 STD] tot=7.6061 seg(log)=0.7834 seg(bw)=0.0000 vol=1.6124 cent=1.1987 t=5.00 lr=9.00e-04
[E260] train tot=7.6152 seg(log)=0.7469 seg(bw)=0.0000 vol=1.6205 cent=1.1989 | val seg=0.7822 meanFGDice=0.5557 | best=0.5643 pat=5/100
[E261 i0000 EXP] tot=7.6449 seg(log)=0.6685 seg(bw)=0.0000 vol=1.6507 cent=1.1988 t=5.00 lr=9.00e-04
[E261 i0025 STD] tot=7.5928 seg(log)=0.7773 seg(bw)=0.0000 vol=1.5983 cent=1.1989 t=5.00 lr=9.00e-04
[E261 i0050 EXP] tot=7.6417 seg(log)=0.6738 seg(bw)=0.0000 vol=1.6458 cent=1.1992 t=5.00 lr=9.00e-04
[E261 i0075 STD] tot=7.5969 seg(log)=0.7849 seg(bw)=0.0000 vol=1.6032 cent=1.1987 t=5.00 lr=9.00e-04
[E261 i0100 EXP] tot=7.6433 seg(log)=0.6995 seg(bw)=0.0000 vol=1.6482 cent=1.1990 t=5.00 lr=9.00e-04
[E261 i0125 STD] tot=7.5704 seg(log)=0.8084 seg(bw)=0.0000 vol=1.5757 cent=1.1989 t=5.00 lr=9.00e-04
[E261 i0150 EXP] tot=7.6414 seg(log)=0.7032 seg(bw)=0.0000 vol=1.6436 cent=1.1996 t=5.00 lr=9.00e-04
[E261 i0175 STD] tot=7.6003 seg(log)=0.7917 seg(bw)=0.0000 vol=1.6049 cent=1.1991 t=5.00 lr=9.00e-04
[E261] train tot=7.6156 seg(log)=0.7393 seg(bw)=0.0000 vol=1.6204 cent=1.1990 | val seg=0.8404 meanFGDice=0.5449 | best=0.5643 pat=6/100
[E262 i0000 EXP] tot=7.6418 seg(log)=0.6790 seg(bw)=0.0000 vol=1.6487 cent=1.1986 t=5.00 lr=9.00e-04
[E262 i0025 STD] tot=7.5998 seg(log)=0.8008 seg(bw)=0.0000 vol=1.6046 cent=1.1990 t=5.00 lr=9.00e-04
[E262 i0050 EXP] tot=7.6459 seg(log)=0.6735 seg(bw)=0.0000 vol=1.6526 cent=1.1987 t=5.00 lr=9.00e-04
[E262 i0075 STD] tot=7.5911 seg(log)=0.7909 seg(bw)=0.0000 vol=1.5967 cent=1.1989 t=5.00 lr=9.00e-04
[E262 i0100 EXP] tot=7.6437 seg(log)=0.6585 seg(bw)=0.0000 vol=1.6502 cent=1.1987 t=5.00 lr=9.00e-04
[E262 i0125 STD] tot=7.6049 seg(log)=0.7388 seg(bw)=0.0000 vol=1.6103 cent=1.1989 t=5.00 lr=9.00e-04
[E262 i0150 EXP] tot=7.6512 seg(log)=0.6350 seg(bw)=0.0000 vol=1.6559 cent=1.1991 t=5.00 lr=9.00e-04
[E262 i0175 STD] tot=7.5898 seg(log)=0.8204 seg(bw)=0.0000 vol=1.5949 cent=1.1990 t=5.00 lr=9.00e-04
[E262] train tot=7.6157 seg(log)=0.7421 seg(bw)=0.0000 vol=1.6210 cent=1.1989 | val seg=0.8287 meanFGDice=0.5472 | best=0.5643 pat=7/100
[E263 i0000 EXP] tot=7.6306 seg(log)=0.7592 seg(bw)=0.0000 vol=1.6356 cent=1.1990 t=5.00 lr=9.00e-04
[E263 i0025 STD] tot=7.5941 seg(log)=0.8075 seg(bw)=0.0000 vol=1.5988 cent=1.1991 t=5.00 lr=9.00e-04
[E263 i0050 EXP] tot=7.6421 seg(log)=0.6653 seg(bw)=0.0000 vol=1.6483 cent=1.1987 t=5.00 lr=9.00e-04
[E263 i0075 STD] tot=7.5740 seg(log)=0.7871 seg(bw)=0.0000 vol=1.5787 cent=1.1991 t=5.00 lr=9.00e-04
[E263 i0100 EXP] tot=7.6450 seg(log)=0.6788 seg(bw)=0.0000 vol=1.6504 cent=1.1989 t=5.00 lr=9.00e-04
[E263 i0125 STD] tot=7.5940 seg(log)=0.7762 seg(bw)=0.0000 vol=1.6002 cent=1.1988 t=5.00 lr=9.00e-04
[E263 i0150 EXP] tot=7.6492 seg(log)=0.6494 seg(bw)=0.0000 vol=1.6538 cent=1.1991 t=5.00 lr=9.00e-04
[E263 i0175 STD] tot=7.5790 seg(log)=0.8012 seg(bw)=0.0000 vol=1.5853 cent=1.1987 t=5.00 lr=9.00e-04
[E263] train tot=7.6152 seg(log)=0.7414 seg(bw)=0.0000 vol=1.6204 cent=1.1990 | val seg=0.7905 meanFGDice=0.5512 | best=0.5643 pat=8/100
[E264 i0000 EXP] tot=7.6489 seg(log)=0.6537 seg(bw)=0.0000 vol=1.6553 cent=1.1987 t=5.00 lr=9.00e-04
[E264 i0025 STD] tot=7.6068 seg(log)=0.7903 seg(bw)=0.0000 vol=1.6119 cent=1.1990 t=5.00 lr=9.00e-04
[E264 i0050 EXP] tot=7.6474 seg(log)=0.6635 seg(bw)=0.0000 vol=1.6544 cent=1.1986 t=5.00 lr=9.00e-04
[E264 i0075 STD] tot=7.5771 seg(log)=0.8237 seg(bw)=0.0000 vol=1.5834 cent=1.1987 t=5.00 lr=9.00e-04
[E264 i0100 EXP] tot=7.6466 seg(log)=0.7357 seg(bw)=0.0000 vol=1.6425 cent=1.2008 t=5.00 lr=9.00e-04
[E264 i0125 STD] tot=7.5898 seg(log)=0.7927 seg(bw)=0.0000 vol=1.5959 cent=1.1988 t=5.00 lr=9.00e-04
[E264 i0150 EXP] tot=7.6336 seg(log)=0.7244 seg(bw)=0.0000 vol=1.6405 cent=1.1986 t=5.00 lr=9.00e-04
[E264 i0175 STD] tot=7.5929 seg(log)=0.8108 seg(bw)=0.0000 vol=1.5976 cent=1.1991 t=5.00 lr=9.00e-04
[E264] train tot=7.6159 seg(log)=0.7368 seg(bw)=0.0000 vol=1.6209 cent=1.1990 | val seg=0.8391 meanFGDice=0.5487 | best=0.5643 pat=9/100
[E265 i0000 EXP] tot=7.6366 seg(log)=0.7426 seg(bw)=0.0000 vol=1.6422 cent=1.1989 t=5.00 lr=9.00e-04
[E265 i0025 STD] tot=7.5830 seg(log)=0.8215 seg(bw)=0.0000 vol=1.5790 cent=1.2008 t=5.00 lr=9.00e-04
[E265 i0050 EXP] tot=7.6471 seg(log)=0.7094 seg(bw)=0.0000 vol=1.6470 cent=1.2000 t=5.00 lr=9.00e-04
[E265 i0075 STD] tot=7.5942 seg(log)=0.7398 seg(bw)=0.0000 vol=1.5983 cent=1.1992 t=5.00 lr=9.00e-04
[E265 i0100 EXP] tot=7.6461 seg(log)=0.6699 seg(bw)=0.0000 vol=1.6511 cent=1.1990 t=5.00 lr=9.00e-04
[E265 i0125 STD] tot=7.6023 seg(log)=0.7349 seg(bw)=0.0000 vol=1.6080 cent=1.1989 t=5.00 lr=9.00e-04
[E265 i0150 EXP] tot=7.6456 seg(log)=0.6608 seg(bw)=0.0000 vol=1.6516 cent=1.1988 t=5.00 lr=9.00e-04
[E265 i0175 STD] tot=7.5928 seg(log)=0.8340 seg(bw)=0.0000 vol=1.5899 cent=1.2006 t=5.00 lr=9.00e-04
[E265] train tot=7.6183 seg(log)=0.7445 seg(bw)=0.0000 vol=1.6203 cent=1.1996 | val seg=0.8175 meanFGDice=0.5531 | best=0.5643 pat=10/100
[E266 i0000 EXP] tot=7.6505 seg(log)=0.6374 seg(bw)=0.0000 vol=1.6555 cent=1.1990 t=5.00 lr=9.00e-04
[E266 i0025 STD] tot=7.5698 seg(log)=0.8291 seg(bw)=0.0000 vol=1.5726 cent=1.1994 t=5.00 lr=9.00e-04
[E266 i0050 EXP] tot=7.6412 seg(log)=0.6984 seg(bw)=0.0000 vol=1.6434 cent=1.1996 t=5.00 lr=9.00e-04
[E266 i0075 STD] tot=7.5815 seg(log)=0.8410 seg(bw)=0.0000 vol=1.5852 cent=1.1993 t=5.00 lr=9.00e-04
[E266 i0100 EXP] tot=7.6398 seg(log)=0.7151 seg(bw)=0.0000 vol=1.6449 cent=1.1990 t=5.00 lr=9.00e-04
[E266 i0125 STD] tot=7.5840 seg(log)=0.7860 seg(bw)=0.0000 vol=1.5905 cent=1.1987 t=5.00 lr=9.00e-04
[E266 i0150 EXP] tot=7.6462 seg(log)=0.6566 seg(bw)=0.0000 vol=1.6504 cent=1.1992 t=5.00 lr=9.00e-04
[E266 i0175 STD] tot=7.5849 seg(log)=0.8150 seg(bw)=0.0000 vol=1.5876 cent=1.1995 t=5.00 lr=9.00e-04
[E266] train tot=7.6171 seg(log)=0.7397 seg(bw)=0.0000 vol=1.6203 cent=1.1994 | val seg=0.7878 meanFGDice=0.5471 | best=0.5643 pat=11/100
[E267 i0000 EXP] tot=7.6525 seg(log)=0.6320 seg(bw)=0.0000 vol=1.6593 cent=1.1986 t=5.00 lr=9.00e-04
[E267 i0025 STD] tot=7.5986 seg(log)=0.7192 seg(bw)=0.0000 vol=1.6041 cent=1.1989 t=5.00 lr=9.00e-04
[E267 i0050 EXP] tot=7.6440 seg(log)=0.6861 seg(bw)=0.0000 vol=1.6485 cent=1.1991 t=5.00 lr=9.00e-04
[E267 i0075 STD] tot=7.5554 seg(log)=0.8581 seg(bw)=0.0000 vol=1.5606 cent=1.1990 t=5.00 lr=9.00e-04
[E267 i0100 EXP] tot=7.6453 seg(log)=0.6769 seg(bw)=0.0000 vol=1.6483 cent=1.1994 t=5.00 lr=9.00e-04
[E267 i0125 STD] tot=7.5581 seg(log)=0.8564 seg(bw)=0.0000 vol=1.5641 cent=1.1988 t=5.00 lr=9.00e-04
[E267 i0150 EXP] tot=7.6443 seg(log)=0.6738 seg(bw)=0.0000 vol=1.6499 cent=1.1989 t=5.00 lr=9.00e-04
[E267 i0175 STD] tot=7.5815 seg(log)=0.8255 seg(bw)=0.0000 vol=1.5878 cent=1.1987 t=5.00 lr=9.00e-04
[E267] train tot=7.6159 seg(log)=0.7266 seg(bw)=0.0000 vol=1.6206 cent=1.1991 | val seg=0.8418 meanFGDice=0.5384 | best=0.5643 pat=12/100
[E268 i0000 EXP] tot=7.6334 seg(log)=0.7238 seg(bw)=0.0000 vol=1.6389 cent=1.1989 t=5.00 lr=9.00e-04
[E268 i0025 STD] tot=7.5911 seg(log)=0.7484 seg(bw)=0.0000 vol=1.5969 cent=1.1988 t=5.00 lr=9.00e-04
[E268 i0050 EXP] tot=7.6541 seg(log)=0.6593 seg(bw)=0.0000 vol=1.6504 cent=1.2007 t=5.00 lr=9.00e-04
[E268 i0075 STD] tot=7.5675 seg(log)=0.8027 seg(bw)=0.0000 vol=1.5749 cent=1.1985 t=5.00 lr=9.00e-04
[E268 i0100 EXP] tot=7.6383 seg(log)=0.7022 seg(bw)=0.0000 vol=1.6438 cent=1.1989 t=5.00 lr=9.00e-04
[E268 i0125 STD] tot=7.6092 seg(log)=0.7543 seg(bw)=0.0000 vol=1.6157 cent=1.1987 t=5.00 lr=9.00e-04
[E268 i0150 EXP] tot=7.6398 seg(log)=0.6896 seg(bw)=0.0000 vol=1.6475 cent=1.1985 t=5.00 lr=9.00e-04
[E268 i0175 STD] tot=7.5752 seg(log)=0.8399 seg(bw)=0.0000 vol=1.5798 cent=1.1991 t=5.00 lr=9.00e-04
[E268] train tot=7.6156 seg(log)=0.7302 seg(bw)=0.0000 vol=1.6208 cent=1.1990 | val seg=0.8125 meanFGDice=0.5545 | best=0.5643 pat=13/100
[E269 i0000 EXP] tot=7.6458 seg(log)=0.6822 seg(bw)=0.0000 vol=1.6500 cent=1.1992 t=5.00 lr=9.00e-04
[E269 i0025 STD] tot=7.5646 seg(log)=0.9392 seg(bw)=0.0000 vol=1.5663 cent=1.1996 t=5.00 lr=9.00e-04
[E269 i0050 EXP] tot=7.6488 seg(log)=0.6572 seg(bw)=0.0000 vol=1.6550 cent=1.1987 t=5.00 lr=9.00e-04
[E269 i0075 STD] tot=7.5721 seg(log)=0.8120 seg(bw)=0.0000 vol=1.5780 cent=1.1988 t=5.00 lr=9.00e-04
[E269 i0100 EXP] tot=7.6484 seg(log)=0.6611 seg(bw)=0.0000 vol=1.6547 cent=1.1987 t=5.00 lr=9.00e-04
[E269 i0125 STD] tot=7.5954 seg(log)=0.7445 seg(bw)=0.0000 vol=1.6014 cent=1.1988 t=5.00 lr=9.00e-04
[E269 i0150 EXP] tot=7.6369 seg(log)=0.7643 seg(bw)=0.0000 vol=1.6375 cent=1.1999 t=5.00 lr=9.00e-04
[E269 i0175 STD] tot=7.5804 seg(log)=0.7917 seg(bw)=0.0000 vol=1.5879 cent=1.1985 t=5.00 lr=9.00e-04
[E269] train tot=7.6156 seg(log)=0.7361 seg(bw)=0.0000 vol=1.6206 cent=1.1990 | val seg=0.7713 meanFGDice=0.5639 | best=0.5643 pat=14/100
[E270 i0000 EXP] tot=7.6434 seg(log)=0.6636 seg(bw)=0.0000 vol=1.6506 cent=1.1986 t=5.00 lr=9.00e-04
[E270 i0025 STD] tot=7.6039 seg(log)=0.7372 seg(bw)=0.0000 vol=1.6106 cent=1.1987 t=5.00 lr=9.00e-04
[E270 i0050 EXP] tot=7.6446 seg(log)=0.6753 seg(bw)=0.0000 vol=1.6510 cent=1.1987 t=5.00 lr=9.00e-04
[E270 i0075 STD] tot=7.5710 seg(log)=0.8092 seg(bw)=0.0000 vol=1.5772 cent=1.1988 t=5.00 lr=9.00e-04
[E270 i0100 EXP] tot=7.6441 seg(log)=0.6667 seg(bw)=0.0000 vol=1.6504 cent=1.1987 t=5.00 lr=9.00e-04
[E270 i0125 STD] tot=7.5803 seg(log)=0.7827 seg(bw)=0.0000 vol=1.5858 cent=1.1989 t=5.00 lr=9.00e-04
[E270 i0150 EXP] tot=7.6539 seg(log)=0.6280 seg(bw)=0.0000 vol=1.6583 cent=1.1991 t=5.00 lr=9.00e-04
[E270 i0175 STD] tot=7.5751 seg(log)=0.8513 seg(bw)=0.0000 vol=1.5799 cent=1.1990 t=5.00 lr=9.00e-04
[E270] train tot=7.6151 seg(log)=0.7345 seg(bw)=0.0000 vol=1.6205 cent=1.1989 | val seg=0.7963 meanFGDice=0.5602 | best=0.5643 pat=15/100
[E271 i0000 EXP] tot=7.6439 seg(log)=0.6619 seg(bw)=0.0000 vol=1.6499 cent=1.1988 t=5.00 lr=9.00e-04
[E271 i0025 STD] tot=7.5804 seg(log)=0.8090 seg(bw)=0.0000 vol=1.5845 cent=1.1992 t=5.00 lr=9.00e-04
[E271 i0050 EXP] tot=7.6455 seg(log)=0.6636 seg(bw)=0.0000 vol=1.6524 cent=1.1986 t=5.00 lr=9.00e-04
[E271 i0075 STD] tot=7.5600 seg(log)=0.8087 seg(bw)=0.0000 vol=1.5661 cent=1.1988 t=5.00 lr=9.00e-04
[E271 i0100 EXP] tot=7.6401 seg(log)=0.6812 seg(bw)=0.0000 vol=1.6459 cent=1.1988 t=5.00 lr=9.00e-04
[E271 i0125 STD] tot=7.5730 seg(log)=0.8313 seg(bw)=0.0000 vol=1.5747 cent=1.1997 t=5.00 lr=9.00e-04
[E271 i0150 EXP] tot=7.6573 seg(log)=0.6783 seg(bw)=0.0000 vol=1.6569 cent=1.2001 t=5.00 lr=9.00e-04
[E271 i0175 STD] tot=7.5958 seg(log)=0.7766 seg(bw)=0.0000 vol=1.5986 cent=1.1994 t=5.00 lr=9.00e-04
[E271] train tot=7.6169 seg(log)=0.7449 seg(bw)=0.0000 vol=1.6208 cent=1.1992 | val seg=0.7899 meanFGDice=0.5575 | best=0.5643 pat=16/100
[E272 i0000 EXP] tot=7.6539 seg(log)=0.6867 seg(bw)=0.0000 vol=1.6552 cent=1.1997 t=5.00 lr=9.00e-04
[E272 i0025 STD] tot=7.5780 seg(log)=0.8148 seg(bw)=0.0000 vol=1.5805 cent=1.1995 t=5.00 lr=9.00e-04
[E272 i0050 EXP] tot=7.6515 seg(log)=0.6528 seg(bw)=0.0000 vol=1.6561 cent=1.1991 t=5.00 lr=9.00e-04
[E272 i0075 STD] tot=7.6057 seg(log)=0.7403 seg(bw)=0.0000 vol=1.6062 cent=1.1999 t=5.00 lr=9.00e-04
[E272 i0100 EXP] tot=7.6406 seg(log)=0.7289 seg(bw)=0.0000 vol=1.6454 cent=1.1991 t=5.00 lr=9.00e-04
[E272 i0125 STD] tot=7.5847 seg(log)=0.8122 seg(bw)=0.0000 vol=1.5890 cent=1.1991 t=5.00 lr=9.00e-04
[E272 i0150 EXP] tot=7.6479 seg(log)=0.6770 seg(bw)=0.0000 vol=1.6527 cent=1.1990 t=5.00 lr=9.00e-04
[E272 i0175 STD] tot=7.6011 seg(log)=0.7829 seg(bw)=0.0000 vol=1.6001 cent=1.2002 t=5.00 lr=9.00e-04
[E272] train tot=7.6172 seg(log)=0.7434 seg(bw)=0.0000 vol=1.6205 cent=1.1993 | val seg=0.7948 meanFGDice=0.5583 | best=0.5643 pat=17/100
[E273 i0000 EXP] tot=7.6519 seg(log)=0.6549 seg(bw)=0.0000 vol=1.6546 cent=1.1995 t=5.00 lr=9.00e-04
[E273 i0025 STD] tot=7.5626 seg(log)=0.8799 seg(bw)=0.0000 vol=1.5654 cent=1.1994 t=5.00 lr=9.00e-04
[E273 i0050 EXP] tot=7.6436 seg(log)=0.6799 seg(bw)=0.0000 vol=1.6484 cent=1.1990 t=5.00 lr=9.00e-04
[E273 i0075 STD] tot=7.5890 seg(log)=0.7828 seg(bw)=0.0000 vol=1.5923 cent=1.1993 t=5.00 lr=9.00e-04
[E273 i0100 EXP] tot=7.6564 seg(log)=0.6186 seg(bw)=0.0000 vol=1.6615 cent=1.1990 t=5.00 lr=9.00e-04
[E273 i0125 STD] tot=7.6007 seg(log)=0.7828 seg(bw)=0.0000 vol=1.6021 cent=1.1997 t=5.00 lr=9.00e-04
[E273 i0150 EXP] tot=7.6471 seg(log)=0.6740 seg(bw)=0.0000 vol=1.6517 cent=1.1991 t=5.00 lr=9.00e-04
[E273 i0175 STD] tot=7.6017 seg(log)=0.7444 seg(bw)=0.0000 vol=1.6053 cent=1.1993 t=5.00 lr=9.00e-04
[E273] train tot=7.6161 seg(log)=0.7361 seg(bw)=0.0000 vol=1.6205 cent=1.1991 | val seg=0.7793 meanFGDice=0.5558 | best=0.5643 pat=18/100
[E274 i0000 EXP] tot=7.6488 seg(log)=0.6461 seg(bw)=0.0000 vol=1.6557 cent=1.1986 t=5.00 lr=9.00e-04
[E274 i0025 STD] tot=7.5746 seg(log)=0.7956 seg(bw)=0.0000 vol=1.5784 cent=1.1993 t=5.00 lr=9.00e-04
[E274 i0050 EXP] tot=7.6431 seg(log)=0.6756 seg(bw)=0.0000 vol=1.6492 cent=1.1988 t=5.00 lr=9.00e-04
[E274 i0075 STD] tot=7.5839 seg(log)=0.8134 seg(bw)=0.0000 vol=1.5883 cent=1.1991 t=5.00 lr=9.00e-04
[E274 i0100 EXP] tot=7.6439 seg(log)=0.6772 seg(bw)=0.0000 vol=1.6505 cent=1.1987 t=5.00 lr=9.00e-04
[E274 i0125 STD] tot=7.5903 seg(log)=0.7694 seg(bw)=0.0000 vol=1.5932 cent=1.1994 t=5.00 lr=9.00e-04
[E274 i0150 EXP] tot=7.6447 seg(log)=0.6844 seg(bw)=0.0000 vol=1.6495 cent=1.1990 t=5.00 lr=9.00e-04
[E274 i0175 STD] tot=7.5999 seg(log)=0.7517 seg(bw)=0.0000 vol=1.6064 cent=1.1987 t=5.00 lr=9.00e-04
[E274] train tot=7.6156 seg(log)=0.7317 seg(bw)=0.0000 vol=1.6206 cent=1.1990 | val seg=0.7854 meanFGDice=0.5588 | best=0.5643 pat=19/100
[E275 i0000 EXP] tot=7.6476 seg(log)=0.6482 seg(bw)=0.0000 vol=1.6542 cent=1.1987 t=5.00 lr=9.00e-04
[E275 i0025 STD] tot=7.5924 seg(log)=0.7613 seg(bw)=0.0000 vol=1.5973 cent=1.1990 t=5.00 lr=9.00e-04
[E275 i0050 EXP] tot=7.6459 seg(log)=0.6544 seg(bw)=0.0000 vol=1.6522 cent=1.1987 t=5.00 lr=9.00e-04
[E275 i0075 STD] tot=7.5833 seg(log)=0.8077 seg(bw)=0.0000 vol=1.5876 cent=1.1991 t=5.00 lr=9.00e-04
[E275 i0100 EXP] tot=7.6411 seg(log)=0.6770 seg(bw)=0.0000 vol=1.6479 cent=1.1986 t=5.00 lr=9.00e-04
[E275 i0125 STD] tot=7.5956 seg(log)=0.7738 seg(bw)=0.0000 vol=1.6002 cent=1.1991 t=5.00 lr=9.00e-04
[E275 i0150 EXP] tot=7.6422 seg(log)=0.6742 seg(bw)=0.0000 vol=1.6488 cent=1.1987 t=5.00 lr=9.00e-04
[E275 i0175 STD] tot=7.5870 seg(log)=0.7593 seg(bw)=0.0000 vol=1.5938 cent=1.1986 t=5.00 lr=9.00e-04
[E275] train tot=7.6154 seg(log)=0.7361 seg(bw)=0.0000 vol=1.6204 cent=1.1990 | val seg=0.8047 meanFGDice=0.5555 | best=0.5643 pat=20/100
[E276 i0000 EXP] tot=7.6426 seg(log)=0.6631 seg(bw)=0.0000 vol=1.6490 cent=1.1987 t=5.00 lr=9.00e-04
[E276 i0025 STD] tot=7.5925 seg(log)=0.7928 seg(bw)=0.0000 vol=1.5961 cent=1.1993 t=5.00 lr=9.00e-04
[E276 i0050 EXP] tot=7.6507 seg(log)=0.6313 seg(bw)=0.0000 vol=1.6580 cent=1.1985 t=5.00 lr=9.00e-04
[E276 i0075 STD] tot=7.5827 seg(log)=0.8151 seg(bw)=0.0000 vol=1.5890 cent=1.1987 t=5.00 lr=9.00e-04
[E276 i0100 EXP] tot=7.6503 seg(log)=0.6456 seg(bw)=0.0000 vol=1.6560 cent=1.1989 t=5.00 lr=9.00e-04
[E276 i0125 STD] tot=7.5962 seg(log)=0.7764 seg(bw)=0.0000 vol=1.6016 cent=1.1989 t=5.00 lr=9.00e-04
[E276 i0150 EXP] tot=7.6411 seg(log)=0.6803 seg(bw)=0.0000 vol=1.6482 cent=1.1986 t=5.00 lr=9.00e-04
[E276 i0175 STD] tot=7.5764 seg(log)=0.8434 seg(bw)=0.0000 vol=1.5820 cent=1.1989 t=5.00 lr=9.00e-04
[E276] train tot=7.6150 seg(log)=0.7328 seg(bw)=0.0000 vol=1.6207 cent=1.1989 | val seg=0.8031 meanFGDice=0.5479 | best=0.5643 pat=21/100
[E277 i0000 EXP] tot=7.6376 seg(log)=0.6981 seg(bw)=0.0000 vol=1.6442 cent=1.1987 t=5.00 lr=9.00e-04
[E277 i0025 STD] tot=7.5951 seg(log)=0.8054 seg(bw)=0.0000 vol=1.5998 cent=1.1991 t=5.00 lr=9.00e-04
[E277 i0050 EXP] tot=7.6463 seg(log)=0.6435 seg(bw)=0.0000 vol=1.6538 cent=1.1985 t=5.00 lr=9.00e-04
[E277 i0075 STD] tot=7.5875 seg(log)=0.7673 seg(bw)=0.0000 vol=1.5925 cent=1.1990 t=5.00 lr=9.00e-04
[E277 i0100 EXP] tot=7.6448 seg(log)=0.6510 seg(bw)=0.0000 vol=1.6510 cent=1.1988 t=5.00 lr=9.00e-04
[E277 i0125 STD] tot=7.5918 seg(log)=0.7909 seg(bw)=0.0000 vol=1.5958 cent=1.1992 t=5.00 lr=9.00e-04
[E277 i0150 EXP] tot=7.6364 seg(log)=0.7359 seg(bw)=0.0000 vol=1.6421 cent=1.1989 t=5.00 lr=9.00e-04
[E277 i0175 STD] tot=7.5802 seg(log)=0.8291 seg(bw)=0.0000 vol=1.5835 cent=1.1993 t=5.00 lr=9.00e-04
[E277] train tot=7.6152 seg(log)=0.7366 seg(bw)=0.0000 vol=1.6206 cent=1.1989 | val seg=0.7761 meanFGDice=0.5593 | best=0.5643 pat=22/100
[E278 i0000 EXP] tot=7.6447 seg(log)=0.6594 seg(bw)=0.0000 vol=1.6511 cent=1.1987 t=5.00 lr=9.00e-04
[E278 i0025 STD] tot=7.5817 seg(log)=0.7993 seg(bw)=0.0000 vol=1.5873 cent=1.1989 t=5.00 lr=9.00e-04
[E278 i0050 EXP] tot=7.6369 seg(log)=0.7160 seg(bw)=0.0000 vol=1.6409 cent=1.1992 t=5.00 lr=9.00e-04
[E278 i0075 STD] tot=7.6019 seg(log)=0.7381 seg(bw)=0.0000 vol=1.6048 cent=1.1994 t=5.00 lr=9.00e-04
[E278 i0100 EXP] tot=7.6328 seg(log)=0.6996 seg(bw)=0.0000 vol=1.6394 cent=1.1987 t=5.00 lr=9.00e-04
[E278 i0125 STD] tot=7.5998 seg(log)=0.8054 seg(bw)=0.0000 vol=1.6041 cent=1.1991 t=5.00 lr=9.00e-04
[E278 i0150 EXP] tot=7.6414 seg(log)=0.6929 seg(bw)=0.0000 vol=1.6465 cent=1.1990 t=5.00 lr=9.00e-04
[E278 i0175 STD] tot=7.5985 seg(log)=0.8054 seg(bw)=0.0000 vol=1.6029 cent=1.1991 t=5.00 lr=9.00e-04
[E278] train tot=7.6155 seg(log)=0.7338 seg(bw)=0.0000 vol=1.6207 cent=1.1990 | val seg=0.8113 meanFGDice=0.5591 | best=0.5643 pat=23/100
[E279 i0000 EXP] tot=7.6465 seg(log)=0.6508 seg(bw)=0.0000 vol=1.6534 cent=1.1986 t=5.00 lr=9.00e-04
[E279 i0025 STD] tot=7.6087 seg(log)=0.7550 seg(bw)=0.0000 vol=1.6143 cent=1.1989 t=5.00 lr=9.00e-04
[E279 i0050 EXP] tot=7.6530 seg(log)=0.6448 seg(bw)=0.0000 vol=1.6588 cent=1.1988 t=5.00 lr=9.00e-04
[E279 i0075 STD] tot=7.5855 seg(log)=0.8016 seg(bw)=0.0000 vol=1.5919 cent=1.1987 t=5.00 lr=9.00e-04
[E279 i0100 EXP] tot=7.6446 seg(log)=0.6696 seg(bw)=0.0000 vol=1.6505 cent=1.1988 t=5.00 lr=9.00e-04
[E279 i0125 STD] tot=7.5863 seg(log)=0.7730 seg(bw)=0.0000 vol=1.5914 cent=1.1990 t=5.00 lr=9.00e-04
[E279 i0150 EXP] tot=7.6466 seg(log)=0.6552 seg(bw)=0.0000 vol=1.6521 cent=1.1989 t=5.00 lr=9.00e-04
[E279 i0175 STD] tot=7.5724 seg(log)=0.8049 seg(bw)=0.0000 vol=1.5781 cent=1.1988 t=5.00 lr=9.00e-04
[E279] train tot=7.6150 seg(log)=0.7387 seg(bw)=0.0000 vol=1.6204 cent=1.1989 | val seg=0.7635 meanFGDice=0.5622 | best=0.5643 pat=24/100
[E280 i0000 EXP] tot=7.6307 seg(log)=0.7319 seg(bw)=0.0000 vol=1.6378 cent=1.1986 t=5.00 lr=9.00e-04
[E280 i0025 STD] tot=7.5894 seg(log)=0.7664 seg(bw)=0.0000 vol=1.5961 cent=1.1987 t=5.00 lr=9.00e-04
[E280 i0050 EXP] tot=7.6467 seg(log)=0.6642 seg(bw)=0.0000 vol=1.6537 cent=1.1986 t=5.00 lr=9.00e-04
[E280 i0075 STD] tot=7.6066 seg(log)=0.7665 seg(bw)=0.0000 vol=1.6116 cent=1.1990 t=5.00 lr=9.00e-04
[E280 i0100 EXP] tot=7.6384 seg(log)=0.7084 seg(bw)=0.0000 vol=1.6438 cent=1.1989 t=5.00 lr=9.00e-04
[E280 i0125 STD] tot=7.5766 seg(log)=0.8377 seg(bw)=0.0000 vol=1.5797 cent=1.1994 t=5.00 lr=9.00e-04
[E280 i0150 EXP] tot=7.6460 seg(log)=0.6482 seg(bw)=0.0000 vol=1.6536 cent=1.1985 t=5.00 lr=9.00e-04
[E280 i0175 STD] tot=7.5808 seg(log)=0.8042 seg(bw)=0.0000 vol=1.5885 cent=1.1985 t=5.00 lr=9.00e-04
[E280] train tot=7.6148 seg(log)=0.7388 seg(bw)=0.0000 vol=1.6204 cent=1.1989 | val seg=0.8023 meanFGDice=0.5590 | best=0.5643 pat=25/100
[E281 i0000 EXP] tot=7.6485 seg(log)=0.6378 seg(bw)=0.0000 vol=1.6558 cent=1.1986 t=5.00 lr=9.00e-04
[E281 i0025 STD] tot=7.5948 seg(log)=0.7656 seg(bw)=0.0000 vol=1.6005 cent=1.1988 t=5.00 lr=9.00e-04
[E281 i0050 EXP] tot=7.6426 seg(log)=0.6734 seg(bw)=0.0000 vol=1.6469 cent=1.1991 t=5.00 lr=9.00e-04
[E281 i0075 STD] tot=7.5977 seg(log)=0.7922 seg(bw)=0.0000 vol=1.6035 cent=1.1989 t=5.00 lr=9.00e-04
[E281 i0100 EXP] tot=7.6426 seg(log)=0.6563 seg(bw)=0.0000 vol=1.6494 cent=1.1986 t=5.00 lr=9.00e-04
[E281 i0125 STD] tot=7.5741 seg(log)=0.8674 seg(bw)=0.0000 vol=1.5802 cent=1.1988 t=5.00 lr=9.00e-04
[E281 i0150 EXP] tot=7.6388 seg(log)=0.6836 seg(bw)=0.0000 vol=1.6442 cent=1.1989 t=5.00 lr=9.00e-04
[E281 i0175 STD] tot=7.5965 seg(log)=0.7726 seg(bw)=0.0000 vol=1.6013 cent=1.1990 t=5.00 lr=9.00e-04
[E281] train tot=7.6157 seg(log)=0.7352 seg(bw)=0.0000 vol=1.6206 cent=1.1990 | val seg=0.7763 meanFGDice=0.5607 | best=0.5643 pat=26/100
[E282 i0000 EXP] tot=7.6502 seg(log)=0.6316 seg(bw)=0.0000 vol=1.6568 cent=1.1987 t=5.00 lr=9.00e-04
[E282 i0025 STD] tot=7.6110 seg(log)=0.7724 seg(bw)=0.0000 vol=1.6148 cent=1.1992 t=5.00 lr=9.00e-04
[E282 i0050 EXP] tot=7.6462 seg(log)=0.6531 seg(bw)=0.0000 vol=1.6517 cent=1.1989 t=5.00 lr=9.00e-04
[E282 i0075 STD] tot=7.5894 seg(log)=0.7706 seg(bw)=0.0000 vol=1.5957 cent=1.1988 t=5.00 lr=9.00e-04
[E282 i0100 EXP] tot=7.6440 seg(log)=0.6687 seg(bw)=0.0000 vol=1.6509 cent=1.1986 t=5.00 lr=9.00e-04
[E282 i0125 STD] tot=7.5901 seg(log)=0.8045 seg(bw)=0.0000 vol=1.5954 cent=1.1989 t=5.00 lr=9.00e-04
[E282 i0150 EXP] tot=7.6403 seg(log)=0.7069 seg(bw)=0.0000 vol=1.6437 cent=1.1993 t=5.00 lr=9.00e-04
[E282 i0175 STD] tot=7.5879 seg(log)=0.7700 seg(bw)=0.0000 vol=1.5935 cent=1.1989 t=5.00 lr=9.00e-04
[E282] train tot=7.6152 seg(log)=0.7255 seg(bw)=0.0000 vol=1.6204 cent=1.1990 | val seg=0.7765 meanFGDice=0.5557 | best=0.5643 pat=27/100
[E283 i0000 EXP] tot=7.6388 seg(log)=0.6805 seg(bw)=0.0000 vol=1.6455 cent=1.1987 t=5.00 lr=9.00e-04
[E283 i0025 STD] tot=7.5856 seg(log)=0.7778 seg(bw)=0.0000 vol=1.5916 cent=1.1988 t=5.00 lr=9.00e-04
[E283 i0050 EXP] tot=7.6426 seg(log)=0.6813 seg(bw)=0.0000 vol=1.6472 cent=1.1991 t=5.00 lr=9.00e-04
[E283 i0075 STD] tot=7.5849 seg(log)=0.7945 seg(bw)=0.0000 vol=1.5914 cent=1.1987 t=5.00 lr=9.00e-04
[E283 i0100 EXP] tot=7.6498 seg(log)=0.6530 seg(bw)=0.0000 vol=1.6546 cent=1.1990 t=5.00 lr=9.00e-04
[E283 i0125 STD] tot=7.6012 seg(log)=0.7743 seg(bw)=0.0000 vol=1.6068 cent=1.1989 t=5.00 lr=9.00e-04
[E283 i0150 EXP] tot=7.6484 seg(log)=0.6614 seg(bw)=0.0000 vol=1.6516 cent=1.1994 t=5.00 lr=9.00e-04
[E283 i0175 STD] tot=7.5969 seg(log)=0.7485 seg(bw)=0.0000 vol=1.6036 cent=1.1987 t=5.00 lr=9.00e-04
[E283] train tot=7.6155 seg(log)=0.7345 seg(bw)=0.0000 vol=1.6208 cent=1.1989 | val seg=0.7700 meanFGDice=0.5596 | best=0.5643 pat=28/100
[E284 i0000 EXP] tot=7.6476 seg(log)=0.6402 seg(bw)=0.0000 vol=1.6544 cent=1.1986 t=5.00 lr=9.00e-04
[E284 i0025 STD] tot=7.6033 seg(log)=0.7441 seg(bw)=0.0000 vol=1.6097 cent=1.1987 t=5.00 lr=9.00e-04
[E284 i0050 EXP] tot=7.6510 seg(log)=0.6514 seg(bw)=0.0000 vol=1.6548 cent=1.1992 t=5.00 lr=9.00e-04
[E284 i0075 STD] tot=7.5898 seg(log)=0.7997 seg(bw)=0.0000 vol=1.5942 cent=1.1991 t=5.00 lr=9.00e-04
[E284 i0100 EXP] tot=7.6421 seg(log)=0.6969 seg(bw)=0.0000 vol=1.6484 cent=1.1987 t=5.00 lr=9.00e-04
[E284 i0125 STD] tot=7.5830 seg(log)=0.7662 seg(bw)=0.0000 vol=1.5891 cent=1.1988 t=5.00 lr=9.00e-04
[E284 i0150 EXP] tot=7.6347 seg(log)=0.7437 seg(bw)=0.0000 vol=1.6376 cent=1.1994 t=5.00 lr=9.00e-04
[E284 i0175 STD] tot=7.5960 seg(log)=0.7649 seg(bw)=0.0000 vol=1.6007 cent=1.1991 t=5.00 lr=9.00e-04
[E284] train tot=7.6148 seg(log)=0.7389 seg(bw)=0.0000 vol=1.6203 cent=1.1989 | val seg=0.7681 meanFGDice=0.5660 | best=0.5660 pat=0/100
[E285 i0000 EXP] tot=7.6375 seg(log)=0.7038 seg(bw)=0.0000 vol=1.6426 cent=1.1990 t=5.00 lr=9.00e-04
[E285 i0025 STD] tot=7.5842 seg(log)=0.7875 seg(bw)=0.0000 vol=1.5895 cent=1.1989 t=5.00 lr=9.00e-04
[E285 i0050 EXP] tot=7.6388 seg(log)=0.6893 seg(bw)=0.0000 vol=1.6447 cent=1.1988 t=5.00 lr=9.00e-04
[E285 i0075 STD] tot=7.5938 seg(log)=0.7706 seg(bw)=0.0000 vol=1.6003 cent=1.1987 t=5.00 lr=9.00e-04
[E285 i0100 EXP] tot=7.6443 seg(log)=0.6630 seg(bw)=0.0000 vol=1.6505 cent=1.1987 t=5.00 lr=9.00e-04
[E285 i0125 STD] tot=7.6028 seg(log)=0.7327 seg(bw)=0.0000 vol=1.6067 cent=1.1992 t=5.00 lr=9.00e-04
[E285 i0150 EXP] tot=7.6482 seg(log)=0.6306 seg(bw)=0.0000 vol=1.6548 cent=1.1987 t=5.00 lr=9.00e-04
[E285 i0175 STD] tot=7.5758 seg(log)=0.8140 seg(bw)=0.0000 vol=1.5809 cent=1.1990 t=5.00 lr=9.00e-04
[E285] train tot=7.6159 seg(log)=0.7230 seg(bw)=0.0000 vol=1.6209 cent=1.1990 | val seg=0.7636 meanFGDice=0.5590 | best=0.5660 pat=1/100
[E286 i0000 EXP] tot=7.6576 seg(log)=0.6621 seg(bw)=0.0000 vol=1.6530 cent=1.2009 t=5.00 lr=9.00e-04
[E286 i0025 STD] tot=7.5792 seg(log)=0.7231 seg(bw)=0.0000 vol=1.5852 cent=1.1988 t=5.00 lr=9.00e-04
[E286 i0050 EXP] tot=7.6508 seg(log)=0.6490 seg(bw)=0.0000 vol=1.6550 cent=1.1992 t=5.00 lr=9.00e-04
[E286 i0075 STD] tot=7.6101 seg(log)=0.7471 seg(bw)=0.0000 vol=1.6085 cent=1.2003 t=5.00 lr=9.00e-04
[E286 i0100 EXP] tot=7.6460 seg(log)=0.6980 seg(bw)=0.0000 vol=1.6478 cent=1.1996 t=5.00 lr=9.00e-04
[E286 i0125 STD] tot=7.6078 seg(log)=0.7515 seg(bw)=0.0000 vol=1.6117 cent=1.1992 t=5.00 lr=9.00e-04
[E286 i0150 EXP] tot=7.6503 seg(log)=0.6234 seg(bw)=0.0000 vol=1.6557 cent=1.1989 t=5.00 lr=9.00e-04
[E286 i0175 STD] tot=7.5682 seg(log)=0.7971 seg(bw)=0.0000 vol=1.5727 cent=1.1991 t=5.00 lr=9.00e-04
[E286] train tot=7.6180 seg(log)=0.7182 seg(bw)=0.0000 vol=1.6206 cent=1.1995 | val seg=0.7343 meanFGDice=0.5508 | best=0.5660 pat=2/100
[E287 i0000 EXP] tot=7.6467 seg(log)=0.6583 seg(bw)=0.0000 vol=1.6524 cent=1.1989 t=5.00 lr=9.00e-04
[E287 i0025 STD] tot=7.5747 seg(log)=0.8269 seg(bw)=0.0000 vol=1.5743 cent=1.2001 t=5.00 lr=9.00e-04
[E287 i0050 EXP] tot=7.6481 seg(log)=0.6296 seg(bw)=0.0000 vol=1.6530 cent=1.1990 t=5.00 lr=9.00e-04
[E287 i0075 STD] tot=7.5818 seg(log)=0.8367 seg(bw)=0.0000 vol=1.5814 cent=1.2001 t=5.00 lr=9.00e-04
[E287 i0100 EXP] tot=7.6451 seg(log)=0.6559 seg(bw)=0.0000 vol=1.6500 cent=1.1990 t=5.00 lr=9.00e-04
[E287 i0125 STD] tot=7.5942 seg(log)=0.7188 seg(bw)=0.0000 vol=1.5992 cent=1.1990 t=5.00 lr=9.00e-04
[E287 i0150 EXP] tot=7.6494 seg(log)=0.6365 seg(bw)=0.0000 vol=1.6544 cent=1.1990 t=5.00 lr=9.00e-04
[E287 i0175 STD] tot=7.5559 seg(log)=0.8613 seg(bw)=0.0000 vol=1.5557 cent=1.2000 t=5.00 lr=9.00e-04
[E287] train tot=7.6162 seg(log)=0.7068 seg(bw)=0.0000 vol=1.6206 cent=1.1991 | val seg=0.7861 meanFGDice=0.5535 | best=0.5660 pat=3/100
[E288 i0000 EXP] tot=7.6429 seg(log)=0.6642 seg(bw)=0.0000 vol=1.6471 cent=1.1992 t=5.00 lr=9.00e-04
[E288 i0025 STD] tot=7.5961 seg(log)=0.7638 seg(bw)=0.0000 vol=1.6029 cent=1.1986 t=5.00 lr=9.00e-04
[E288 i0050 EXP] tot=7.6490 seg(log)=0.7952 seg(bw)=0.0000 vol=1.6428 cent=1.2012 t=5.00 lr=9.00e-04
[E288 i0075 STD] tot=7.5974 seg(log)=0.7889 seg(bw)=0.0000 vol=1.5996 cent=1.1996 t=5.00 lr=9.00e-04
[E288 i0100 EXP] tot=7.6500 seg(log)=0.7209 seg(bw)=0.0000 vol=1.6494 cent=1.2001 t=5.00 lr=9.00e-04
[E288 i0125 STD] tot=7.6047 seg(log)=0.7208 seg(bw)=0.0000 vol=1.6035 cent=1.2002 t=5.00 lr=9.00e-04
[E288 i0150 EXP] tot=7.6375 seg(log)=0.7483 seg(bw)=0.0000 vol=1.6426 cent=1.1990 t=5.00 lr=9.00e-04
[E288 i0175 STD] tot=7.5676 seg(log)=0.8436 seg(bw)=0.0000 vol=1.5683 cent=1.1999 t=5.00 lr=9.00e-04
[E288] train tot=7.6200 seg(log)=0.7417 seg(bw)=0.0000 vol=1.6208 cent=1.1998 | val seg=0.7987 meanFGDice=0.5524 | best=0.5660 pat=4/100
[E289 i0000 EXP] tot=7.6459 seg(log)=0.6860 seg(bw)=0.0000 vol=1.6513 cent=1.1989 t=5.00 lr=9.00e-04
[E289 i0025 STD] tot=7.6075 seg(log)=0.7552 seg(bw)=0.0000 vol=1.6044 cent=1.2006 t=5.00 lr=9.00e-04
[E289 i0050 EXP] tot=7.6437 seg(log)=0.6779 seg(bw)=0.0000 vol=1.6495 cent=1.1988 t=5.00 lr=9.00e-04
[E289 i0075 STD] tot=7.6082 seg(log)=0.7841 seg(bw)=0.0000 vol=1.6115 cent=1.1993 t=5.00 lr=9.00e-04
[E289 i0100 EXP] tot=7.6423 seg(log)=0.6929 seg(bw)=0.0000 vol=1.6460 cent=1.1993 t=5.00 lr=9.00e-04
[E289 i0125 STD] tot=7.5885 seg(log)=0.7689 seg(bw)=0.0000 vol=1.5914 cent=1.1994 t=5.00 lr=9.00e-04
[E289 i0150 EXP] tot=7.6417 seg(log)=0.6853 seg(bw)=0.0000 vol=1.6461 cent=1.1991 t=5.00 lr=9.00e-04
[E289 i0175 STD] tot=7.5776 seg(log)=0.8015 seg(bw)=0.0000 vol=1.5792 cent=1.1997 t=5.00 lr=9.00e-04
[E289] train tot=7.6174 seg(log)=0.7286 seg(bw)=0.0000 vol=1.6206 cent=1.1994 | val seg=0.7797 meanFGDice=0.5663 | best=0.5663 pat=0/100
[E290 i0000 EXP] tot=7.6458 seg(log)=0.6824 seg(bw)=0.0000 vol=1.6494 cent=1.1993 t=5.00 lr=9.00e-04
[E290 i0025 STD] tot=7.5865 seg(log)=0.8045 seg(bw)=0.0000 vol=1.5831 cent=1.2007 t=5.00 lr=9.00e-04
[E290 i0050 EXP] tot=7.6442 seg(log)=0.6893 seg(bw)=0.0000 vol=1.6482 cent=1.1992 t=5.00 lr=9.00e-04
[E290 i0075 STD] tot=7.6033 seg(log)=0.7587 seg(bw)=0.0000 vol=1.6073 cent=1.1992 t=5.00 lr=9.00e-04
[E290 i0100 EXP] tot=7.6494 seg(log)=0.6579 seg(bw)=0.0000 vol=1.6535 cent=1.1992 t=5.00 lr=9.00e-04
[E290 i0125 STD] tot=7.5834 seg(log)=0.7867 seg(bw)=0.0000 vol=1.5888 cent=1.1989 t=5.00 lr=9.00e-04
[E290 i0150 EXP] tot=7.6498 seg(log)=0.6353 seg(bw)=0.0000 vol=1.6563 cent=1.1987 t=5.00 lr=9.00e-04
[E290 i0175 STD] tot=7.5794 seg(log)=0.7714 seg(bw)=0.0000 vol=1.5869 cent=1.1985 t=5.00 lr=9.00e-04
[E290] train tot=7.6161 seg(log)=0.7221 seg(bw)=0.0000 vol=1.6207 cent=1.1991 | val seg=0.7909 meanFGDice=0.5558 | best=0.5663 pat=1/100
[E291 i0000 EXP] tot=7.6513 seg(log)=0.6596 seg(bw)=0.0000 vol=1.6550 cent=1.1993 t=5.00 lr=9.00e-04
[E291 i0025 STD] tot=7.5733 seg(log)=0.7637 seg(bw)=0.0000 vol=1.5798 cent=1.1987 t=5.00 lr=9.00e-04
[E291 i0050 EXP] tot=7.6497 seg(log)=0.6479 seg(bw)=0.0000 vol=1.6560 cent=1.1987 t=5.00 lr=9.00e-04
[E291 i0075 STD] tot=7.5766 seg(log)=0.8126 seg(bw)=0.0000 vol=1.5784 cent=1.1997 t=5.00 lr=9.00e-04
[E291 i0100 EXP] tot=7.6424 seg(log)=0.6758 seg(bw)=0.0000 vol=1.6492 cent=1.1986 t=5.00 lr=9.00e-04
[E291 i0125 STD] tot=7.5828 seg(log)=0.8108 seg(bw)=0.0000 vol=1.5840 cent=1.1998 t=5.00 lr=9.00e-04
[E291 i0150 EXP] tot=7.6495 seg(log)=0.6819 seg(bw)=0.0000 vol=1.6508 cent=1.1998 t=5.00 lr=9.00e-04
[E291 i0175 STD] tot=7.5855 seg(log)=0.7710 seg(bw)=0.0000 vol=1.5921 cent=1.1987 t=5.00 lr=9.00e-04
[E291] train tot=7.6151 seg(log)=0.7240 seg(bw)=0.0000 vol=1.6205 cent=1.1989 | val seg=0.7749 meanFGDice=0.5543 | best=0.5663 pat=2/100
[E292 i0000 EXP] tot=7.6417 seg(log)=0.6886 seg(bw)=0.0000 vol=1.6487 cent=1.1986 t=5.00 lr=9.00e-04
[E292 i0025 STD] tot=7.5929 seg(log)=0.7417 seg(bw)=0.0000 vol=1.5973 cent=1.1991 t=5.00 lr=9.00e-04
[E292 i0050 EXP] tot=7.6456 seg(log)=0.6662 seg(bw)=0.0000 vol=1.6519 cent=1.1987 t=5.00 lr=9.00e-04
[E292 i0075 STD] tot=7.5761 seg(log)=0.8371 seg(bw)=0.0000 vol=1.5822 cent=1.1988 t=5.00 lr=9.00e-04
[E292 i0100 EXP] tot=7.6456 seg(log)=0.6771 seg(bw)=0.0000 vol=1.6510 cent=1.1989 t=5.00 lr=9.00e-04
[E292 i0125 STD] tot=7.5937 seg(log)=0.7831 seg(bw)=0.0000 vol=1.5972 cent=1.1993 t=5.00 lr=9.00e-04
[E292 i0150 EXP] tot=7.6426 seg(log)=0.6879 seg(bw)=0.0000 vol=1.6455 cent=1.1994 t=5.00 lr=9.00e-04
[E292 i0175 STD] tot=7.5593 seg(log)=0.8550 seg(bw)=0.0000 vol=1.5639 cent=1.1991 t=5.00 lr=9.00e-04
[E292] train tot=7.6145 seg(log)=0.7279 seg(bw)=0.0000 vol=1.6202 cent=1.1989 | val seg=0.7742 meanFGDice=0.5589 | best=0.5663 pat=3/100
[E293 i0000 EXP] tot=7.6490 seg(log)=0.6341 seg(bw)=0.0000 vol=1.6565 cent=1.1985 t=5.00 lr=9.00e-04
[E293 i0025 STD] tot=7.5846 seg(log)=0.7866 seg(bw)=0.0000 vol=1.5897 cent=1.1990 t=5.00 lr=9.00e-04
[E293 i0050 EXP] tot=7.6450 seg(log)=0.6536 seg(bw)=0.0000 vol=1.6520 cent=1.1986 t=5.00 lr=9.00e-04
[E293 i0075 STD] tot=7.5699 seg(log)=0.8015 seg(bw)=0.0000 vol=1.5762 cent=1.1987 t=5.00 lr=9.00e-04
[E293 i0100 EXP] tot=7.6458 seg(log)=0.6627 seg(bw)=0.0000 vol=1.6528 cent=1.1986 t=5.00 lr=9.00e-04
[E293 i0125 STD] tot=7.5943 seg(log)=0.7424 seg(bw)=0.0000 vol=1.5995 cent=1.1990 t=5.00 lr=9.00e-04
[E293 i0150 EXP] tot=7.6442 seg(log)=0.6563 seg(bw)=0.0000 vol=1.6509 cent=1.1987 t=5.00 lr=9.00e-04
[E293 i0175 STD] tot=7.5857 seg(log)=0.7441 seg(bw)=0.0000 vol=1.5935 cent=1.1984 t=5.00 lr=9.00e-04
[E293] train tot=7.6146 seg(log)=0.7225 seg(bw)=0.0000 vol=1.6205 cent=1.1988 | val seg=0.7925 meanFGDice=0.5575 | best=0.5663 pat=4/100
[E294 i0000 EXP] tot=7.6418 seg(log)=0.6837 seg(bw)=0.0000 vol=1.6474 cent=1.1989 t=5.00 lr=9.00e-04
[E294 i0025 STD] tot=7.6031 seg(log)=0.7538 seg(bw)=0.0000 vol=1.6081 cent=1.1990 t=5.00 lr=9.00e-04
[E294 i0050 EXP] tot=7.6460 seg(log)=0.6720 seg(bw)=0.0000 vol=1.6529 cent=1.1986 t=5.00 lr=9.00e-04
[E294 i0075 STD] tot=7.5782 seg(log)=0.8193 seg(bw)=0.0000 vol=1.5830 cent=1.1990 t=5.00 lr=9.00e-04
[E294 i0100 EXP] tot=7.6441 seg(log)=0.6596 seg(bw)=0.0000 vol=1.6515 cent=1.1985 t=5.00 lr=9.00e-04
[E294 i0125 STD] tot=7.5971 seg(log)=0.7675 seg(bw)=0.0000 vol=1.6036 cent=1.1987 t=5.00 lr=9.00e-04
[E294 i0150 EXP] tot=7.6517 seg(log)=0.6268 seg(bw)=0.0000 vol=1.6580 cent=1.1987 t=5.00 lr=9.00e-04
[E294 i0175 STD] tot=7.6086 seg(log)=0.7445 seg(bw)=0.0000 vol=1.6135 cent=1.1990 t=5.00 lr=9.00e-04
[E294] train tot=7.6150 seg(log)=0.7267 seg(bw)=0.0000 vol=1.6213 cent=1.1987 | val seg=0.7811 meanFGDice=0.5615 | best=0.5663 pat=5/100
[E295 i0000 EXP] tot=7.6497 seg(log)=0.6602 seg(bw)=0.0000 vol=1.6550 cent=1.1989 t=5.00 lr=9.00e-04
[E295 i0025 STD] tot=7.5887 seg(log)=0.8000 seg(bw)=0.0000 vol=1.5940 cent=1.1989 t=5.00 lr=9.00e-04
[E295 i0050 EXP] tot=7.6368 seg(log)=0.7426 seg(bw)=0.0000 vol=1.6403 cent=1.1993 t=5.00 lr=9.00e-04
[E295 i0075 STD] tot=7.5788 seg(log)=0.7955 seg(bw)=0.0000 vol=1.5854 cent=1.1987 t=5.00 lr=9.00e-04
[E295 i0100 EXP] tot=7.6390 seg(log)=0.6900 seg(bw)=0.0000 vol=1.6439 cent=1.1990 t=5.00 lr=9.00e-04
[E295 i0125 STD] tot=7.6067 seg(log)=0.7274 seg(bw)=0.0000 vol=1.6131 cent=1.1987 t=5.00 lr=9.00e-04
[E295 i0150 EXP] tot=7.6390 seg(log)=0.6897 seg(bw)=0.0000 vol=1.6447 cent=1.1989 t=5.00 lr=9.00e-04
[E295 i0175 STD] tot=7.5731 seg(log)=0.8078 seg(bw)=0.0000 vol=1.5801 cent=1.1986 t=5.00 lr=9.00e-04
[E295] train tot=7.6145 seg(log)=0.7227 seg(bw)=0.0000 vol=1.6204 cent=1.1988 | val seg=0.7476 meanFGDice=0.5675 | best=0.5675 pat=0/100
[E296 i0000 EXP] tot=7.6411 seg(log)=0.6710 seg(bw)=0.0000 vol=1.6485 cent=1.1985 t=5.00 lr=9.00e-04
[E296 i0025 STD] tot=7.5940 seg(log)=0.7344 seg(bw)=0.0000 vol=1.6003 cent=1.1987 t=5.00 lr=9.00e-04
[E296 i0050 EXP] tot=7.6483 seg(log)=0.6691 seg(bw)=0.0000 vol=1.6540 cent=1.1989 t=5.00 lr=9.00e-04
[E296 i0075 STD] tot=7.5788 seg(log)=0.7455 seg(bw)=0.0000 vol=1.5846 cent=1.1989 t=5.00 lr=9.00e-04
[E296 i0100 EXP] tot=7.6450 seg(log)=0.6629 seg(bw)=0.0000 vol=1.6512 cent=1.1988 t=5.00 lr=9.00e-04
[E296 i0125 STD] tot=7.6132 seg(log)=0.7613 seg(bw)=0.0000 vol=1.6188 cent=1.1989 t=5.00 lr=9.00e-04
[E296 i0150 EXP] tot=7.6453 seg(log)=0.6573 seg(bw)=0.0000 vol=1.6509 cent=1.1989 t=5.00 lr=9.00e-04
[E296 i0175 STD] tot=7.5764 seg(log)=0.7999 seg(bw)=0.0000 vol=1.5832 cent=1.1986 t=5.00 lr=9.00e-04
[E296] train tot=7.6152 seg(log)=0.7232 seg(bw)=0.0000 vol=1.6208 cent=1.1989 | val seg=0.7882 meanFGDice=0.5681 | best=0.5681 pat=0/100
[E297 i0000 EXP] tot=7.6434 seg(log)=0.6529 seg(bw)=0.0000 vol=1.6508 cent=1.1985 t=5.00 lr=9.00e-04
[E297 i0025 STD] tot=7.6122 seg(log)=0.7237 seg(bw)=0.0000 vol=1.6175 cent=1.1989 t=5.00 lr=9.00e-04
[E297 i0050 EXP] tot=7.6415 seg(log)=0.6744 seg(bw)=0.0000 vol=1.6485 cent=1.1986 t=5.00 lr=9.00e-04
[E297 i0075 STD] tot=7.5739 seg(log)=0.7752 seg(bw)=0.0000 vol=1.5790 cent=1.1990 t=5.00 lr=9.00e-04
[E297 i0100 EXP] tot=7.6459 seg(log)=0.6631 seg(bw)=0.0000 vol=1.6525 cent=1.1987 t=5.00 lr=9.00e-04
[E297 i0125 STD] tot=7.5831 seg(log)=0.7662 seg(bw)=0.0000 vol=1.5876 cent=1.1991 t=5.00 lr=9.00e-04
[E297 i0150 EXP] tot=7.6434 seg(log)=0.6746 seg(bw)=0.0000 vol=1.6490 cent=1.1989 t=5.00 lr=9.00e-04
[E297 i0175 STD] tot=7.5843 seg(log)=0.7417 seg(bw)=0.0000 vol=1.5882 cent=1.1992 t=5.00 lr=9.00e-04
[E297] train tot=7.6152 seg(log)=0.7186 seg(bw)=0.0000 vol=1.6205 cent=1.1989 | val seg=0.7260 meanFGDice=0.5668 | best=0.5681 pat=1/100
[E298 i0000 EXP] tot=7.6498 seg(log)=0.6250 seg(bw)=0.0000 vol=1.6554 cent=1.1989 t=5.00 lr=9.00e-04
[E298 i0025 STD] tot=7.5912 seg(log)=0.7435 seg(bw)=0.0000 vol=1.5952 cent=1.1992 t=5.00 lr=9.00e-04
[E298 i0050 EXP] tot=7.6471 seg(log)=0.6795 seg(bw)=0.0000 vol=1.6500 cent=1.1994 t=5.00 lr=9.00e-04
[E298 i0075 STD] tot=7.5931 seg(log)=0.7955 seg(bw)=0.0000 vol=1.5975 cent=1.1991 t=5.00 lr=9.00e-04
[E298 i0100 EXP] tot=7.6526 seg(log)=0.6174 seg(bw)=0.0000 vol=1.6576 cent=1.1990 t=5.00 lr=9.00e-04
[E298 i0125 STD] tot=7.6014 seg(log)=0.7090 seg(bw)=0.0000 vol=1.6047 cent=1.1993 t=5.00 lr=9.00e-04
[E298 i0150 EXP] tot=7.6442 seg(log)=0.6764 seg(bw)=0.0000 vol=1.6502 cent=1.1988 t=5.00 lr=9.00e-04
[E298 i0175 STD] tot=7.5933 seg(log)=0.7712 seg(bw)=0.0000 vol=1.5959 cent=1.1995 t=5.00 lr=9.00e-04
[E298] train tot=7.6162 seg(log)=0.7175 seg(bw)=0.0000 vol=1.6207 cent=1.1991 | val seg=0.7685 meanFGDice=0.5688 | best=0.5688 pat=0/100
[E299 i0000 EXP] tot=7.6368 seg(log)=0.7091 seg(bw)=0.0000 vol=1.6431 cent=1.1987 t=5.00 lr=9.00e-04
[E299 i0025 STD] tot=7.5781 seg(log)=0.7648 seg(bw)=0.0000 vol=1.5849 cent=1.1986 t=5.00 lr=9.00e-04
[E299 i0050 EXP] tot=7.6457 seg(log)=0.6581 seg(bw)=0.0000 vol=1.6518 cent=1.1988 t=5.00 lr=9.00e-04
[E299 i0075 STD] tot=7.5882 seg(log)=0.7846 seg(bw)=0.0000 vol=1.5940 cent=1.1989 t=5.00 lr=9.00e-04
[E299 i0100 EXP] tot=7.6366 seg(log)=0.7227 seg(bw)=0.0000 vol=1.6414 cent=1.1990 t=5.00 lr=9.00e-04
[E299 i0125 STD] tot=7.5953 seg(log)=0.7763 seg(bw)=0.0000 vol=1.5996 cent=1.1991 t=5.00 lr=9.00e-04
[E299 i0150 EXP] tot=7.6518 seg(log)=0.6401 seg(bw)=0.0000 vol=1.6566 cent=1.1990 t=5.00 lr=9.00e-04
[E299 i0175 STD] tot=7.5703 seg(log)=0.8358 seg(bw)=0.0000 vol=1.5747 cent=1.1991 t=5.00 lr=9.00e-04
[E299] train tot=7.6164 seg(log)=0.7297 seg(bw)=0.0000 vol=1.6210 cent=1.1991 | val seg=0.7667 meanFGDice=0.5669 | best=0.5688 pat=1/100
[E300 i0000 EXP] tot=7.6536 seg(log)=0.6450 seg(bw)=0.0000 vol=1.6584 cent=1.1990 t=5.00 lr=9.00e-04
[E300 i0025 STD] tot=7.5710 seg(log)=0.8206 seg(bw)=0.0000 vol=1.5748 cent=1.1992 t=5.00 lr=9.00e-04
[E300 i0050 EXP] tot=7.6459 seg(log)=0.6681 seg(bw)=0.0000 vol=1.6501 cent=1.1992 t=5.00 lr=9.00e-04
[E300 i0075 STD] tot=7.5879 seg(log)=0.7878 seg(bw)=0.0000 vol=1.5924 cent=1.1991 t=5.00 lr=9.00e-04
[E300 i0100 EXP] tot=7.6456 seg(log)=0.6631 seg(bw)=0.0000 vol=1.6525 cent=1.1986 t=5.00 lr=9.00e-04
[E300 i0125 STD] tot=7.5687 seg(log)=0.8751 seg(bw)=0.0000 vol=1.5701 cent=1.1997 t=5.00 lr=9.00e-04
[E300 i0150 EXP] tot=7.6521 seg(log)=0.6325 seg(bw)=0.0000 vol=1.6581 cent=1.1988 t=5.00 lr=9.00e-04
[E300 i0175 STD] tot=7.5833 seg(log)=0.7879 seg(bw)=0.0000 vol=1.5885 cent=1.1990 t=5.00 lr=9.00e-04
[E300] train tot=7.6157 seg(log)=0.7285 seg(bw)=0.0000 vol=1.6207 cent=1.1990 | val seg=0.7647 meanFGDice=0.5690 | best=0.5690 pat=0/100
[E301 i0000 EXP] tot=7.6434 seg(log)=0.7006 seg(bw)=0.0000 vol=1.6492 cent=1.1988 t=5.00 lr=9.00e-04
[E301 i0025 STD] tot=7.6007 seg(log)=0.7268 seg(bw)=0.0000 vol=1.6054 cent=1.1991 t=5.00 lr=9.00e-04
[E301 i0050 EXP] tot=7.6426 seg(log)=0.6785 seg(bw)=0.0000 vol=1.6480 cent=1.1989 t=5.00 lr=9.00e-04
[E301 i0075 STD] tot=7.5681 seg(log)=0.7951 seg(bw)=0.0000 vol=1.5745 cent=1.1987 t=5.00 lr=9.00e-04
[E301 i0100 EXP] tot=7.6533 seg(log)=0.6263 seg(bw)=0.0000 vol=1.6579 cent=1.1991 t=5.00 lr=9.00e-04
[E301 i0125 STD] tot=7.6026 seg(log)=0.7513 seg(bw)=0.0000 vol=1.6080 cent=1.1989 t=5.00 lr=9.00e-04
[E301 i0150 EXP] tot=7.6435 seg(log)=0.6605 seg(bw)=0.0000 vol=1.6503 cent=1.1986 t=5.00 lr=9.00e-04
[E301 i0175 STD] tot=7.5957 seg(log)=0.7613 seg(bw)=0.0000 vol=1.6002 cent=1.1991 t=5.00 lr=9.00e-04
[E301] train tot=7.6158 seg(log)=0.7256 seg(bw)=0.0000 vol=1.6205 cent=1.1991 | val seg=0.8094 meanFGDice=0.5548 | best=0.5690 pat=1/100
[E302 i0000 EXP] tot=7.6504 seg(log)=0.6557 seg(bw)=0.0000 vol=1.6561 cent=1.1989 t=5.00 lr=9.00e-04
[E302 i0025 STD] tot=7.5755 seg(log)=0.8181 seg(bw)=0.0000 vol=1.5798 cent=1.1991 t=5.00 lr=9.00e-04
[E302 i0050 EXP] tot=7.6393 seg(log)=0.6784 seg(bw)=0.0000 vol=1.6453 cent=1.1988 t=5.00 lr=9.00e-04
[E302 i0075 STD] tot=7.5906 seg(log)=0.7630 seg(bw)=0.0000 vol=1.5964 cent=1.1988 t=5.00 lr=9.00e-04
[E302 i0100 EXP] tot=7.6488 seg(log)=0.6406 seg(bw)=0.0000 vol=1.6530 cent=1.1991 t=5.00 lr=9.00e-04
[E302 i0125 STD] tot=7.5656 seg(log)=0.7610 seg(bw)=0.0000 vol=1.5692 cent=1.1993 t=5.00 lr=9.00e-04
[E302 i0150 EXP] tot=7.6389 seg(log)=0.6985 seg(bw)=0.0000 vol=1.6426 cent=1.1993 t=5.00 lr=9.00e-04
[E302 i0175 STD] tot=7.5947 seg(log)=0.7785 seg(bw)=0.0000 vol=1.5995 cent=1.1990 t=5.00 lr=9.00e-04
[E302] train tot=7.6156 seg(log)=0.7216 seg(bw)=0.0000 vol=1.6204 cent=1.1990 | val seg=0.7809 meanFGDice=0.5590 | best=0.5690 pat=2/100
[E303 i0000 EXP] tot=7.6363 seg(log)=0.6973 seg(bw)=0.0000 vol=1.6422 cent=1.1988 t=5.00 lr=9.00e-04
[E303 i0025 STD] tot=7.5753 seg(log)=0.8293 seg(bw)=0.0000 vol=1.5767 cent=1.1997 t=5.00 lr=9.00e-04
[E303 i0050 EXP] tot=7.6530 seg(log)=0.6369 seg(bw)=0.0000 vol=1.6578 cent=1.1991 t=5.00 lr=9.00e-04
[E303 i0075 STD] tot=7.5784 seg(log)=0.7920 seg(bw)=0.0000 vol=1.5819 cent=1.1993 t=5.00 lr=9.00e-04
[E303 i0100 EXP] tot=7.6358 seg(log)=0.6901 seg(bw)=0.0000 vol=1.6433 cent=1.1985 t=5.00 lr=9.00e-04
[E303 i0125 STD] tot=7.6005 seg(log)=0.7896 seg(bw)=0.0000 vol=1.6018 cent=1.1997 t=5.00 lr=9.00e-04
[E303 i0150 EXP] tot=7.6368 seg(log)=0.7140 seg(bw)=0.0000 vol=1.6415 cent=1.1991 t=5.00 lr=9.00e-04
[E303 i0175 STD] tot=7.5851 seg(log)=0.7810 seg(bw)=0.0000 vol=1.5912 cent=1.1988 t=5.00 lr=9.00e-04
[E303] train tot=7.6153 seg(log)=0.7230 seg(bw)=0.0000 vol=1.6203 cent=1.1990 | val seg=0.7631 meanFGDice=0.5652 | best=0.5690 pat=3/100
[E304 i0000 EXP] tot=7.6502 seg(log)=0.6710 seg(bw)=0.0000 vol=1.6515 cent=1.1997 t=5.00 lr=9.00e-04
[E304 i0025 STD] tot=7.5867 seg(log)=0.7789 seg(bw)=0.0000 vol=1.5928 cent=1.1988 t=5.00 lr=9.00e-04
[E304 i0050 EXP] tot=7.6398 seg(log)=0.7085 seg(bw)=0.0000 vol=1.6462 cent=1.1987 t=5.00 lr=9.00e-04
[E304 i0075 STD] tot=7.5759 seg(log)=0.8280 seg(bw)=0.0000 vol=1.5826 cent=1.1987 t=5.00 lr=9.00e-04
[E304 i0100 EXP] tot=7.6477 seg(log)=0.6670 seg(bw)=0.0000 vol=1.6539 cent=1.1988 t=5.00 lr=9.00e-04
[E304 i0125 STD] tot=7.5708 seg(log)=0.7933 seg(bw)=0.0000 vol=1.5771 cent=1.1987 t=5.00 lr=9.00e-04
[E304 i0150 EXP] tot=7.6508 seg(log)=0.6425 seg(bw)=0.0000 vol=1.6554 cent=1.1991 t=5.00 lr=9.00e-04
[E304 i0175 STD] tot=7.5962 seg(log)=0.7486 seg(bw)=0.0000 vol=1.6034 cent=1.1986 t=5.00 lr=9.00e-04
[E304] train tot=7.6151 seg(log)=0.7238 seg(bw)=0.0000 vol=1.6204 cent=1.1989 | val seg=0.7856 meanFGDice=0.5584 | best=0.5690 pat=4/100
[E305 i0000 EXP] tot=7.6309 seg(log)=0.7219 seg(bw)=0.0000 vol=1.6374 cent=1.1987 t=5.00 lr=9.00e-04
[E305 i0025 STD] tot=7.5875 seg(log)=0.7677 seg(bw)=0.0000 vol=1.5936 cent=1.1988 t=5.00 lr=9.00e-04
[E305 i0050 EXP] tot=7.6503 seg(log)=0.6451 seg(bw)=0.0000 vol=1.6568 cent=1.1987 t=5.00 lr=9.00e-04
[E305 i0075 STD] tot=7.6079 seg(log)=0.6943 seg(bw)=0.0000 vol=1.6134 cent=1.1989 t=5.00 lr=9.00e-04
[E305 i0100 EXP] tot=7.6465 seg(log)=0.6615 seg(bw)=0.0000 vol=1.6490 cent=1.1995 t=5.00 lr=9.00e-04
[E305 i0125 STD] tot=7.5934 seg(log)=0.7601 seg(bw)=0.0000 vol=1.5976 cent=1.1992 t=5.00 lr=9.00e-04
[E305 i0150 EXP] tot=7.6602 seg(log)=0.6411 seg(bw)=0.0000 vol=1.6576 cent=1.2005 t=5.00 lr=9.00e-04
[E305 i0175 STD] tot=7.5785 seg(log)=0.7540 seg(bw)=0.0000 vol=1.5820 cent=1.1993 t=5.00 lr=9.00e-04
[E305] train tot=7.6168 seg(log)=0.7193 seg(bw)=0.0000 vol=1.6208 cent=1.1992 | val seg=0.8120 meanFGDice=0.5505 | best=0.5690 pat=5/100
[E306 i0000 EXP] tot=7.6480 seg(log)=0.6623 seg(bw)=0.0000 vol=1.6522 cent=1.1992 t=5.00 lr=9.00e-04
[E306 i0025 STD] tot=7.5897 seg(log)=0.7225 seg(bw)=0.0000 vol=1.5950 cent=1.1989 t=5.00 lr=9.00e-04
[E306 i0050 EXP] tot=7.6547 seg(log)=0.6829 seg(bw)=0.0000 vol=1.6521 cent=1.2005 t=5.00 lr=9.00e-04
[E306 i0075 STD] tot=7.5863 seg(log)=0.7829 seg(bw)=0.0000 vol=1.5902 cent=1.1992 t=5.00 lr=9.00e-04
[E306 i0100 EXP] tot=7.6560 seg(log)=0.6652 seg(bw)=0.0000 vol=1.6546 cent=1.2003 t=5.00 lr=9.00e-04
[E306 i0125 STD] tot=7.6217 seg(log)=1.3568 seg(bw)=0.0000 vol=1.6004 cent=1.2043 t=5.00 lr=9.00e-04
[E306 i0150 EXP] tot=7.6518 seg(log)=0.6155 seg(bw)=0.0000 vol=1.6559 cent=1.1992 t=5.00 lr=9.00e-04
[E306 i0175 STD] tot=7.5882 seg(log)=0.7071 seg(bw)=0.0000 vol=1.5928 cent=1.1991 t=5.00 lr=9.00e-04
[E306] train tot=7.6207 seg(log)=0.7380 seg(bw)=0.0000 vol=1.6208 cent=1.2000 | val seg=0.7363 meanFGDice=0.5586 | best=0.5690 pat=6/100
[E307 i0000 EXP] tot=7.6392 seg(log)=0.6790 seg(bw)=0.0000 vol=1.6450 cent=1.1988 t=5.00 lr=9.00e-04
[E307 i0025 STD] tot=7.5725 seg(log)=0.7951 seg(bw)=0.0000 vol=1.5761 cent=1.1993 t=5.00 lr=9.00e-04
[E307 i0050 EXP] tot=7.6501 seg(log)=0.6015 seg(bw)=0.0000 vol=1.6561 cent=1.1988 t=5.00 lr=9.00e-04
[E307 i0075 STD] tot=7.6013 seg(log)=0.7591 seg(bw)=0.0000 vol=1.5975 cent=1.2008 t=5.00 lr=9.00e-04
[E307 i0100 EXP] tot=7.6454 seg(log)=0.6431 seg(bw)=0.0000 vol=1.6510 cent=1.1989 t=5.00 lr=9.00e-04
[E307 i0125 STD] tot=7.5893 seg(log)=0.7492 seg(bw)=0.0000 vol=1.5919 cent=1.1995 t=5.00 lr=9.00e-04
[E307 i0150 EXP] tot=7.6456 seg(log)=0.6567 seg(bw)=0.0000 vol=1.6501 cent=1.1991 t=5.00 lr=9.00e-04
[E307 i0175 STD] tot=7.6034 seg(log)=0.7265 seg(bw)=0.0000 vol=1.6054 cent=1.1996 t=5.00 lr=9.00e-04
[E307] train tot=7.6180 seg(log)=0.6943 seg(bw)=0.0000 vol=1.6205 cent=1.1995 | val seg=0.7553 meanFGDice=0.5629 | best=0.5690 pat=7/100
[E308 i0000 EXP] tot=7.6540 seg(log)=0.6121 seg(bw)=0.0000 vol=1.6586 cent=1.1991 t=5.00 lr=9.00e-04
[E308 i0025 STD] tot=7.5726 seg(log)=0.7631 seg(bw)=0.0000 vol=1.5766 cent=1.1992 t=5.00 lr=9.00e-04
[E308 i0050 EXP] tot=7.6466 seg(log)=0.6598 seg(bw)=0.0000 vol=1.6504 cent=1.1992 t=5.00 lr=9.00e-04
[E308 i0075 STD] tot=7.6034 seg(log)=0.7516 seg(bw)=0.0000 vol=1.6078 cent=1.1991 t=5.00 lr=9.00e-04
[E308 i0100 EXP] tot=7.6519 seg(log)=0.6200 seg(bw)=0.0000 vol=1.6571 cent=1.1990 t=5.00 lr=9.00e-04
[E308 i0125 STD] tot=7.5940 seg(log)=0.7683 seg(bw)=0.0000 vol=1.5999 cent=1.1988 t=5.00 lr=9.00e-04
[E308 i0150 EXP] tot=7.6480 seg(log)=0.6362 seg(bw)=0.0000 vol=1.6532 cent=1.1990 t=5.00 lr=9.00e-04
[E308 i0175 STD] tot=7.5867 seg(log)=0.7760 seg(bw)=0.0000 vol=1.5918 cent=1.1990 t=5.00 lr=9.00e-04
[E308] train tot=7.6150 seg(log)=0.7094 seg(bw)=0.0000 vol=1.6199 cent=1.1990 | val seg=0.7925 meanFGDice=0.5625 | best=0.5690 pat=8/100
[E309 i0000 EXP] tot=7.6469 seg(log)=0.6479 seg(bw)=0.0000 vol=1.6531 cent=1.1988 t=5.00 lr=9.00e-04
[E309 i0025 STD] tot=7.5811 seg(log)=0.7481 seg(bw)=0.0000 vol=1.5878 cent=1.1987 t=5.00 lr=9.00e-04
[E309 i0050 EXP] tot=7.6443 seg(log)=0.6600 seg(bw)=0.0000 vol=1.6490 cent=1.1991 t=5.00 lr=9.00e-04
[E309 i0075 STD] tot=7.5749 seg(log)=0.8243 seg(bw)=0.0000 vol=1.5801 cent=1.1990 t=5.00 lr=9.00e-04
[E309 i0100 EXP] tot=7.6411 seg(log)=0.6992 seg(bw)=0.0000 vol=1.6463 cent=1.1990 t=5.00 lr=9.00e-04
[E309 i0125 STD] tot=7.5724 seg(log)=0.8183 seg(bw)=0.0000 vol=1.5746 cent=1.1996 t=5.00 lr=9.00e-04
[E309 i0150 EXP] tot=7.6443 seg(log)=0.6936 seg(bw)=0.0000 vol=1.6468 cent=1.1995 t=5.00 lr=9.00e-04
[E309 i0175 STD] tot=7.6041 seg(log)=0.7963 seg(bw)=0.0000 vol=1.6102 cent=1.1988 t=5.00 lr=9.00e-04
[E309] train tot=7.6147 seg(log)=0.7166 seg(bw)=0.0000 vol=1.6202 cent=1.1989 | val seg=0.8149 meanFGDice=0.5552 | best=0.5690 pat=9/100
[E310 i0000 EXP] tot=7.6453 seg(log)=0.6444 seg(bw)=0.0000 vol=1.6513 cent=1.1988 t=5.00 lr=9.00e-04
[E310 i0025 STD] tot=7.6024 seg(log)=0.7562 seg(bw)=0.0000 vol=1.6061 cent=1.1993 t=5.00 lr=9.00e-04
[E310 i0050 EXP] tot=7.6481 seg(log)=0.6434 seg(bw)=0.0000 vol=1.6517 cent=1.1993 t=5.00 lr=9.00e-04
[E310 i0075 STD] tot=7.5687 seg(log)=0.7879 seg(bw)=0.0000 vol=1.5760 cent=1.1985 t=5.00 lr=9.00e-04
[E310 i0100 EXP] tot=7.6450 seg(log)=0.6497 seg(bw)=0.0000 vol=1.6515 cent=1.1987 t=5.00 lr=9.00e-04
[E310 i0125 STD] tot=7.5684 seg(log)=0.7898 seg(bw)=0.0000 vol=1.5714 cent=1.1994 t=5.00 lr=9.00e-04
[E310 i0150 EXP] tot=7.6398 seg(log)=0.7016 seg(bw)=0.0000 vol=1.6442 cent=1.1991 t=5.00 lr=9.00e-04
[E310 i0175 STD] tot=7.5879 seg(log)=0.7621 seg(bw)=0.0000 vol=1.5935 cent=1.1989 t=5.00 lr=9.00e-04
[E310] train tot=7.6145 seg(log)=0.7147 seg(bw)=0.0000 vol=1.6203 cent=1.1988 | val seg=0.7945 meanFGDice=0.5507 | best=0.5690 pat=10/100
[E311 i0000 EXP] tot=7.6501 seg(log)=0.6562 seg(bw)=0.0000 vol=1.6525 cent=1.1995 t=5.00 lr=9.00e-04
[E311 i0025 STD] tot=7.5791 seg(log)=0.7594 seg(bw)=0.0000 vol=1.5857 cent=1.1987 t=5.00 lr=9.00e-04
[E311 i0050 EXP] tot=7.6423 seg(log)=0.6970 seg(bw)=0.0000 vol=1.6475 cent=1.1989 t=5.00 lr=9.00e-04
[E311 i0075 STD] tot=7.5882 seg(log)=0.7644 seg(bw)=0.0000 vol=1.5948 cent=1.1987 t=5.00 lr=9.00e-04
[E311 i0100 EXP] tot=7.6453 seg(log)=0.6499 seg(bw)=0.0000 vol=1.6518 cent=1.1987 t=5.00 lr=9.00e-04
[E311 i0125 STD] tot=7.6018 seg(log)=0.7163 seg(bw)=0.0000 vol=1.6084 cent=1.1987 t=5.00 lr=9.00e-04
[E311 i0150 EXP] tot=7.6474 seg(log)=0.6411 seg(bw)=0.0000 vol=1.6545 cent=1.1986 t=5.00 lr=9.00e-04
[E311 i0175 STD] tot=7.5967 seg(log)=0.7277 seg(bw)=0.0000 vol=1.6031 cent=1.1987 t=5.00 lr=9.00e-04
[E311] train tot=7.6147 seg(log)=0.7160 seg(bw)=0.0000 vol=1.6206 cent=1.1988 | val seg=0.7628 meanFGDice=0.5606 | best=0.5690 pat=11/100
[E312 i0000 EXP] tot=7.6441 seg(log)=0.6388 seg(bw)=0.0000 vol=1.6514 cent=1.1985 t=5.00 lr=9.00e-04
[E312 i0025 STD] tot=7.5837 seg(log)=0.7435 seg(bw)=0.0000 vol=1.5883 cent=1.1991 t=5.00 lr=9.00e-04
[E312 i0050 EXP] tot=7.6445 seg(log)=0.6544 seg(bw)=0.0000 vol=1.6503 cent=1.1988 t=5.00 lr=9.00e-04
[E312 i0075 STD] tot=7.5773 seg(log)=0.7450 seg(bw)=0.0000 vol=1.5833 cent=1.1988 t=5.00 lr=9.00e-04
[E312 i0100 EXP] tot=7.6445 seg(log)=0.6558 seg(bw)=0.0000 vol=1.6510 cent=1.1987 t=5.00 lr=9.00e-04
[E312 i0125 STD] tot=7.5651 seg(log)=0.7845 seg(bw)=0.0000 vol=1.5710 cent=1.1988 t=5.00 lr=9.00e-04
[E312 i0150 EXP] tot=7.6318 seg(log)=0.7617 seg(bw)=0.0000 vol=1.6366 cent=1.1990 t=5.00 lr=9.00e-04
[E312 i0175 STD] tot=7.5907 seg(log)=0.7685 seg(bw)=0.0000 vol=1.5953 cent=1.1991 t=5.00 lr=9.00e-04
[E312] train tot=7.6143 seg(log)=0.7129 seg(bw)=0.0000 vol=1.6205 cent=1.1988 | val seg=0.7885 meanFGDice=0.5540 | best=0.5690 pat=12/100
[E313 i0000 EXP] tot=7.6424 seg(log)=0.6533 seg(bw)=0.0000 vol=1.6500 cent=1.1985 t=5.00 lr=9.00e-04
[E313 i0025 STD] tot=7.5924 seg(log)=0.7373 seg(bw)=0.0000 vol=1.5995 cent=1.1986 t=5.00 lr=9.00e-04
[E313 i0050 EXP] tot=7.6427 seg(log)=0.6424 seg(bw)=0.0000 vol=1.6484 cent=1.1988 t=5.00 lr=9.00e-04
[E313 i0075 STD] tot=7.5842 seg(log)=0.7590 seg(bw)=0.0000 vol=1.5913 cent=1.1986 t=5.00 lr=9.00e-04
[E313 i0100 EXP] tot=7.6434 seg(log)=0.6506 seg(bw)=0.0000 vol=1.6501 cent=1.1987 t=5.00 lr=9.00e-04
[E313 i0125 STD] tot=7.5854 seg(log)=0.7613 seg(bw)=0.0000 vol=1.5923 cent=1.1986 t=5.00 lr=9.00e-04
[E313 i0150 EXP] tot=7.6436 seg(log)=0.6537 seg(bw)=0.0000 vol=1.6492 cent=1.1989 t=5.00 lr=9.00e-04
[E313 i0175 STD] tot=7.6045 seg(log)=0.7252 seg(bw)=0.0000 vol=1.6110 cent=1.1987 t=5.00 lr=9.00e-04
[E313] train tot=7.6148 seg(log)=0.7061 seg(bw)=0.0000 vol=1.6207 cent=1.1988 | val seg=0.7603 meanFGDice=0.5581 | best=0.5690 pat=13/100
[E314 i0000 EXP] tot=7.6426 seg(log)=0.6484 seg(bw)=0.0000 vol=1.6494 cent=1.1987 t=5.00 lr=9.00e-04
[E314 i0025 STD] tot=7.5712 seg(log)=0.7718 seg(bw)=0.0000 vol=1.5750 cent=1.1992 t=5.00 lr=9.00e-04
[E314 i0050 EXP] tot=7.6398 seg(log)=0.6949 seg(bw)=0.0000 vol=1.6471 cent=1.1985 t=5.00 lr=9.00e-04
[E314 i0075 STD] tot=7.5801 seg(log)=0.7841 seg(bw)=0.0000 vol=1.5864 cent=1.1987 t=5.00 lr=9.00e-04
[E314 i0100 EXP] tot=7.6434 seg(log)=0.6748 seg(bw)=0.0000 vol=1.6486 cent=1.1990 t=5.00 lr=9.00e-04
[E314 i0125 STD] tot=7.5755 seg(log)=0.7488 seg(bw)=0.0000 vol=1.5818 cent=1.1987 t=5.00 lr=9.00e-04
[E314 i0150 EXP] tot=7.6364 seg(log)=0.7125 seg(bw)=0.0000 vol=1.6423 cent=1.1988 t=5.00 lr=9.00e-04
[E314 i0175 STD] tot=7.5904 seg(log)=0.7541 seg(bw)=0.0000 vol=1.5949 cent=1.1991 t=5.00 lr=9.00e-04
[E314] train tot=7.6150 seg(log)=0.7113 seg(bw)=0.0000 vol=1.6209 cent=1.1988 | val seg=0.7634 meanFGDice=0.5601 | best=0.5690 pat=14/100
[E315 i0000 EXP] tot=7.6446 seg(log)=0.6651 seg(bw)=0.0000 vol=1.6484 cent=1.1992 t=5.00 lr=9.00e-04
[E315 i0025 STD] tot=7.5856 seg(log)=0.7687 seg(bw)=0.0000 vol=1.5913 cent=1.1989 t=5.00 lr=9.00e-04
[E315 i0050 EXP] tot=7.6517 seg(log)=0.6206 seg(bw)=0.0000 vol=1.6579 cent=1.1988 t=5.00 lr=9.00e-04
[E315 i0075 STD] tot=7.5889 seg(log)=0.7974 seg(bw)=0.0000 vol=1.5926 cent=1.1993 t=5.00 lr=9.00e-04
[E315 i0100 EXP] tot=7.6419 seg(log)=0.6799 seg(bw)=0.0000 vol=1.6470 cent=1.1990 t=5.00 lr=9.00e-04
[E315 i0125 STD] tot=7.6072 seg(log)=0.7341 seg(bw)=0.0000 vol=1.6129 cent=1.1989 t=5.00 lr=9.00e-04
[E315 i0150 EXP] tot=7.6466 seg(log)=0.6493 seg(bw)=0.0000 vol=1.6522 cent=1.1989 t=5.00 lr=9.00e-04
[E315 i0175 STD] tot=7.5702 seg(log)=0.7817 seg(bw)=0.0000 vol=1.5762 cent=1.1988 t=5.00 lr=9.00e-04
[E315] train tot=7.6151 seg(log)=0.7184 seg(bw)=0.0000 vol=1.6202 cent=1.1990 | val seg=0.7568 meanFGDice=0.5546 | best=0.5690 pat=15/100
[E316 i0000 EXP] tot=7.6386 seg(log)=0.7021 seg(bw)=0.0000 vol=1.6433 cent=1.1991 t=5.00 lr=9.00e-04
[E316 i0025 STD] tot=7.5845 seg(log)=0.7436 seg(bw)=0.0000 vol=1.5899 cent=1.1989 t=5.00 lr=9.00e-04
[E316 i0050 EXP] tot=7.6421 seg(log)=0.6591 seg(bw)=0.0000 vol=1.6491 cent=1.1986 t=5.00 lr=9.00e-04
[E316 i0075 STD] tot=7.5976 seg(log)=0.7096 seg(bw)=0.0000 vol=1.6032 cent=1.1989 t=5.00 lr=9.00e-04
[E316 i0100 EXP] tot=7.6478 seg(log)=0.6321 seg(bw)=0.0000 vol=1.6552 cent=1.1985 t=5.00 lr=9.00e-04
[E316 i0125 STD] tot=7.5907 seg(log)=0.7733 seg(bw)=0.0000 vol=1.5958 cent=1.1990 t=5.00 lr=9.00e-04
[E316 i0150 EXP] tot=7.6379 seg(log)=0.6877 seg(bw)=0.0000 vol=1.6437 cent=1.1988 t=5.00 lr=9.00e-04
[E316 i0175 STD] tot=7.6003 seg(log)=0.6886 seg(bw)=0.0000 vol=1.6066 cent=1.1987 t=5.00 lr=9.00e-04
[E316] train tot=7.6158 seg(log)=0.7084 seg(bw)=0.0000 vol=1.6204 cent=1.1991 | val seg=0.7529 meanFGDice=0.5609 | best=0.5690 pat=16/100
[E317 i0000 EXP] tot=7.6382 seg(log)=0.6881 seg(bw)=0.0000 vol=1.6433 cent=1.1990 t=5.00 lr=9.00e-04
[E317 i0025 STD] tot=7.5818 seg(log)=0.7577 seg(bw)=0.0000 vol=1.5831 cent=1.1997 t=5.00 lr=9.00e-04
[E317 i0050 EXP] tot=7.6389 seg(log)=0.6699 seg(bw)=0.0000 vol=1.6456 cent=1.1987 t=5.00 lr=9.00e-04
[E317 i0075 STD] tot=7.5615 seg(log)=0.7802 seg(bw)=0.0000 vol=1.5661 cent=1.1991 t=5.00 lr=9.00e-04
[E317 i0100 EXP] tot=7.6428 seg(log)=0.6770 seg(bw)=0.0000 vol=1.6486 cent=1.1989 t=5.00 lr=9.00e-04
[E317 i0125 STD] tot=7.5956 seg(log)=0.7433 seg(bw)=0.0000 vol=1.6013 cent=1.1989 t=5.00 lr=9.00e-04
[E317 i0150 EXP] tot=7.6511 seg(log)=0.6203 seg(bw)=0.0000 vol=1.6578 cent=1.1987 t=5.00 lr=9.00e-04
[E317 i0175 STD] tot=7.5775 seg(log)=0.7670 seg(bw)=0.0000 vol=1.5806 cent=1.1994 t=5.00 lr=9.00e-04
[E317] train tot=7.6162 seg(log)=0.7111 seg(bw)=0.0000 vol=1.6211 cent=1.1990 | val seg=0.7634 meanFGDice=0.5607 | best=0.5690 pat=17/100
[E318 i0000 EXP] tot=7.6508 seg(log)=0.6231 seg(bw)=0.0000 vol=1.6567 cent=1.1988 t=5.00 lr=9.00e-04
[E318 i0025 STD] tot=7.5844 seg(log)=0.7593 seg(bw)=0.0000 vol=1.5914 cent=1.1986 t=5.00 lr=9.00e-04
[E318 i0050 EXP] tot=7.6466 seg(log)=0.6445 seg(bw)=0.0000 vol=1.6537 cent=1.1986 t=5.00 lr=9.00e-04
[E318 i0075 STD] tot=7.5970 seg(log)=0.7147 seg(bw)=0.0000 vol=1.6005 cent=1.1993 t=5.00 lr=9.00e-04
[E318 i0100 EXP] tot=7.6417 seg(log)=0.6805 seg(bw)=0.0000 vol=1.6464 cent=1.1991 t=5.00 lr=9.00e-04
[E318 i0125 STD] tot=7.5786 seg(log)=0.7222 seg(bw)=0.0000 vol=1.5831 cent=1.1991 t=5.00 lr=9.00e-04
[E318 i0150 EXP] tot=7.6400 seg(log)=0.6609 seg(bw)=0.0000 vol=1.6466 cent=1.1987 t=5.00 lr=9.00e-04
[E318 i0175 STD] tot=7.5969 seg(log)=0.7203 seg(bw)=0.0000 vol=1.6036 cent=1.1987 t=5.00 lr=9.00e-04
[E318] train tot=7.6156 seg(log)=0.7058 seg(bw)=0.0000 vol=1.6205 cent=1.1990 | val seg=1.2581 meanFGDice=0.5276 | best=0.5690 pat=18/100
[E319 i0000 EXP] tot=7.6491 seg(log)=0.6623 seg(bw)=0.0000 vol=1.6537 cent=1.1991 t=5.00 lr=9.00e-04
[E319 i0025 STD] tot=7.5775 seg(log)=0.7812 seg(bw)=0.0000 vol=1.5805 cent=1.1994 t=5.00 lr=9.00e-04
[E319 i0050 EXP] tot=7.6505 seg(log)=0.6511 seg(bw)=0.0000 vol=1.6543 cent=1.1992 t=5.00 lr=9.00e-04
[E319 i0075 STD] tot=7.5896 seg(log)=0.7506 seg(bw)=0.0000 vol=1.5942 cent=1.1991 t=5.00 lr=9.00e-04
[E319 i0100 EXP] tot=7.6388 seg(log)=0.7381 seg(bw)=0.0000 vol=1.6432 cent=1.1991 t=5.00 lr=9.00e-04
[E319 i0125 STD] tot=7.6133 seg(log)=0.6935 seg(bw)=0.0000 vol=1.6176 cent=1.1991 t=5.00 lr=9.00e-04
[E319 i0150 EXP] tot=7.6475 seg(log)=0.6570 seg(bw)=0.0000 vol=1.6544 cent=1.1986 t=5.00 lr=9.00e-04
[E319 i0175 STD] tot=7.5863 seg(log)=0.7316 seg(bw)=0.0000 vol=1.5920 cent=1.1989 t=5.00 lr=9.00e-04
[E319] train tot=7.6164 seg(log)=0.7190 seg(bw)=0.0000 vol=1.6205 cent=1.1992 | val seg=0.7416 meanFGDice=0.5652 | best=0.5690 pat=19/100
[E320 i0000 EXP] tot=7.6316 seg(log)=0.7720 seg(bw)=0.0000 vol=1.6373 cent=1.1989 t=5.00 lr=9.00e-04
[E320 i0025 STD] tot=7.5758 seg(log)=0.7570 seg(bw)=0.0000 vol=1.5807 cent=1.1990 t=5.00 lr=9.00e-04
[E320 i0050 EXP] tot=7.6430 seg(log)=0.6805 seg(bw)=0.0000 vol=1.6487 cent=1.1989 t=5.00 lr=9.00e-04
[E320 i0075 STD] tot=7.5814 seg(log)=0.7656 seg(bw)=0.0000 vol=1.5874 cent=1.1988 t=5.00 lr=9.00e-04
[E320 i0100 EXP] tot=7.6468 seg(log)=0.6552 seg(bw)=0.0000 vol=1.6523 cent=1.1989 t=5.00 lr=9.00e-04
[E320 i0125 STD] tot=7.5845 seg(log)=0.7630 seg(bw)=0.0000 vol=1.5902 cent=1.1989 t=5.00 lr=9.00e-04
[E320 i0150 EXP] tot=7.6424 seg(log)=0.6640 seg(bw)=0.0000 vol=1.6497 cent=1.1986 t=5.00 lr=9.00e-04
[E320 i0175 STD] tot=7.5816 seg(log)=0.7849 seg(bw)=0.0000 vol=1.5856 cent=1.1992 t=5.00 lr=9.00e-04
[E320] train tot=7.6152 seg(log)=0.7115 seg(bw)=0.0000 vol=1.6205 cent=1.1990 | val seg=0.7889 meanFGDice=0.5569 | best=0.5690 pat=20/100
[E321 i0000 EXP] tot=7.6533 seg(log)=0.6292 seg(bw)=0.0000 vol=1.6584 cent=1.1990 t=5.00 lr=9.00e-04
[E321 i0025 STD] tot=7.5638 seg(log)=0.8309 seg(bw)=0.0000 vol=1.5689 cent=1.1990 t=5.00 lr=9.00e-04
[E321 i0050 EXP] tot=7.6528 seg(log)=0.6284 seg(bw)=0.0000 vol=1.6595 cent=1.1987 t=5.00 lr=9.00e-04
[E321 i0075 STD] tot=7.5857 seg(log)=0.7502 seg(bw)=0.0000 vol=1.5931 cent=1.1985 t=5.00 lr=9.00e-04
[E321 i0100 EXP] tot=7.6472 seg(log)=0.6481 seg(bw)=0.0000 vol=1.6532 cent=1.1988 t=5.00 lr=9.00e-04
[E321 i0125 STD] tot=7.5868 seg(log)=0.7586 seg(bw)=0.0000 vol=1.5936 cent=1.1987 t=5.00 lr=9.00e-04
[E321 i0150 EXP] tot=7.6342 seg(log)=0.7215 seg(bw)=0.0000 vol=1.6399 cent=1.1989 t=5.00 lr=9.00e-04
[E321 i0175 STD] tot=7.5820 seg(log)=0.7785 seg(bw)=0.0000 vol=1.5876 cent=1.1989 t=5.00 lr=9.00e-04
[E321] train tot=7.6149 seg(log)=0.7127 seg(bw)=0.0000 vol=1.6204 cent=1.1989 | val seg=0.7605 meanFGDice=0.5593 | best=0.5690 pat=21/100
[E322 i0000 EXP] tot=7.6442 seg(log)=0.6768 seg(bw)=0.0000 vol=1.6506 cent=1.1987 t=5.00 lr=9.00e-04
[E322 i0025 STD] tot=7.5704 seg(log)=0.8143 seg(bw)=0.0000 vol=1.5758 cent=1.1989 t=5.00 lr=9.00e-04
[E322 i0050 EXP] tot=7.6456 seg(log)=0.6770 seg(bw)=0.0000 vol=1.6506 cent=1.1990 t=5.00 lr=9.00e-04
[E322 i0075 STD] tot=7.5858 seg(log)=0.7702 seg(bw)=0.0000 vol=1.5898 cent=1.1992 t=5.00 lr=9.00e-04
[E322 i0100 EXP] tot=7.6530 seg(log)=0.6194 seg(bw)=0.0000 vol=1.6596 cent=1.1987 t=5.00 lr=9.00e-04
[E322 i0125 STD] tot=7.5925 seg(log)=0.7500 seg(bw)=0.0000 vol=1.5992 cent=1.1987 t=5.00 lr=9.00e-04
[E322 i0150 EXP] tot=7.6445 seg(log)=0.6671 seg(bw)=0.0000 vol=1.6516 cent=1.1986 t=5.00 lr=9.00e-04
[E322 i0175 STD] tot=7.5927 seg(log)=0.7060 seg(bw)=0.0000 vol=1.5987 cent=1.1988 t=5.00 lr=9.00e-04
[E322] train tot=7.6153 seg(log)=0.7137 seg(bw)=0.0000 vol=1.6207 cent=1.1989 | val seg=0.7202 meanFGDice=0.5592 | best=0.5690 pat=22/100
[E323 i0000 EXP] tot=7.6452 seg(log)=0.6600 seg(bw)=0.0000 vol=1.6525 cent=1.1985 t=5.00 lr=9.00e-04
[E323 i0025 STD] tot=7.5695 seg(log)=0.7799 seg(bw)=0.0000 vol=1.5755 cent=1.1988 t=5.00 lr=9.00e-04
[E323 i0050 EXP] tot=7.6465 seg(log)=0.6487 seg(bw)=0.0000 vol=1.6537 cent=1.1986 t=5.00 lr=9.00e-04
[E323 i0075 STD] tot=7.6020 seg(log)=0.7302 seg(bw)=0.0000 vol=1.6041 cent=1.1996 t=5.00 lr=9.00e-04
[E323 i0100 EXP] tot=7.6485 seg(log)=0.6422 seg(bw)=0.0000 vol=1.6558 cent=1.1985 t=5.00 lr=9.00e-04
[E323 i0125 STD] tot=7.5907 seg(log)=0.7243 seg(bw)=0.0000 vol=1.5956 cent=1.1990 t=5.00 lr=9.00e-04
[E323 i0150 EXP] tot=7.6465 seg(log)=0.6574 seg(bw)=0.0000 vol=1.6527 cent=1.1988 t=5.00 lr=9.00e-04
[E323 i0175 STD] tot=7.5670 seg(log)=0.7750 seg(bw)=0.0000 vol=1.5711 cent=1.1992 t=5.00 lr=9.00e-04
[E323] train tot=7.6154 seg(log)=0.7072 seg(bw)=0.0000 vol=1.6209 cent=1.1989 | val seg=0.7409 meanFGDice=0.5615 | best=0.5690 pat=23/100
[E324 i0000 EXP] tot=7.6484 seg(log)=0.6422 seg(bw)=0.0000 vol=1.6539 cent=1.1989 t=5.00 lr=9.00e-04
[E324 i0025 STD] tot=7.5792 seg(log)=0.7813 seg(bw)=0.0000 vol=1.5851 cent=1.1988 t=5.00 lr=9.00e-04
[E324 i0050 EXP] tot=7.6496 seg(log)=0.6428 seg(bw)=0.0000 vol=1.6554 cent=1.1988 t=5.00 lr=9.00e-04
[E324 i0075 STD] tot=7.5975 seg(log)=0.7341 seg(bw)=0.0000 vol=1.6029 cent=1.1989 t=5.00 lr=9.00e-04
[E324 i0100 EXP] tot=7.6377 seg(log)=0.6927 seg(bw)=0.0000 vol=1.6445 cent=1.1986 t=5.00 lr=9.00e-04
[E324 i0125 STD] tot=7.5870 seg(log)=0.7515 seg(bw)=0.0000 vol=1.5945 cent=1.1985 t=5.00 lr=9.00e-04
[E324 i0150 EXP] tot=7.6442 seg(log)=0.6738 seg(bw)=0.0000 vol=1.6513 cent=1.1986 t=5.00 lr=9.00e-04
[E324 i0175 STD] tot=7.5890 seg(log)=0.7737 seg(bw)=0.0000 vol=1.5915 cent=1.1995 t=5.00 lr=9.00e-04
[E324] train tot=7.6150 seg(log)=0.7144 seg(bw)=0.0000 vol=1.6206 cent=1.1989 | val seg=0.7350 meanFGDice=0.5684 | best=0.5690 pat=24/100
[E325 i0000 EXP] tot=7.6355 seg(log)=0.6997 seg(bw)=0.0000 vol=1.6411 cent=1.1989 t=5.00 lr=9.00e-04
[E325 i0025 STD] tot=7.5698 seg(log)=0.7859 seg(bw)=0.0000 vol=1.5761 cent=1.1987 t=5.00 lr=9.00e-04
[E325 i0050 EXP] tot=7.6492 seg(log)=0.6395 seg(bw)=0.0000 vol=1.6545 cent=1.1989 t=5.00 lr=9.00e-04
[E325 i0075 STD] tot=7.5776 seg(log)=0.7938 seg(bw)=0.0000 vol=1.5792 cent=1.1997 t=5.00 lr=9.00e-04
[E325 i0100 EXP] tot=7.6442 seg(log)=0.6649 seg(bw)=0.0000 vol=1.6512 cent=1.1986 t=5.00 lr=9.00e-04
[E325 i0125 STD] tot=7.5853 seg(log)=0.7709 seg(bw)=0.0000 vol=1.5922 cent=1.1986 t=5.00 lr=9.00e-04
[E325 i0150 EXP] tot=7.6488 seg(log)=0.6470 seg(bw)=0.0000 vol=1.6540 cent=1.1990 t=5.00 lr=9.00e-04
[E325 i0175 STD] tot=7.5660 seg(log)=0.8173 seg(bw)=0.0000 vol=1.5662 cent=1.1999 t=5.00 lr=9.00e-04
[E325] train tot=7.6151 seg(log)=0.7121 seg(bw)=0.0000 vol=1.6204 cent=1.1989 | val seg=0.7388 meanFGDice=0.5621 | best=0.5690 pat=25/100
[E326 i0000 EXP] tot=7.6394 seg(log)=0.6692 seg(bw)=0.0000 vol=1.6448 cent=1.1989 t=5.00 lr=9.00e-04
[E326 i0025 STD] tot=7.6052 seg(log)=0.7063 seg(bw)=0.0000 vol=1.6118 cent=1.1987 t=5.00 lr=9.00e-04
[E326 i0050 EXP] tot=7.6438 seg(log)=0.6666 seg(bw)=0.0000 vol=1.6484 cent=1.1991 t=5.00 lr=9.00e-04
[E326 i0075 STD] tot=7.5885 seg(log)=0.7605 seg(bw)=0.0000 vol=1.5925 cent=1.1992 t=5.00 lr=9.00e-04
[E326 i0100 EXP] tot=7.6513 seg(log)=0.6285 seg(bw)=0.0000 vol=1.6582 cent=1.1986 t=5.00 lr=9.00e-04
[E326 i0125 STD] tot=7.5861 seg(log)=0.7535 seg(bw)=0.0000 vol=1.5913 cent=1.1990 t=5.00 lr=9.00e-04
[E326 i0150 EXP] tot=7.6531 seg(log)=0.6085 seg(bw)=0.0000 vol=1.6591 cent=1.1988 t=5.00 lr=9.00e-04
[E326 i0175 STD] tot=7.6005 seg(log)=0.7012 seg(bw)=0.0000 vol=1.6035 cent=1.1994 t=5.00 lr=9.00e-04
[E326] train tot=7.6162 seg(log)=0.7126 seg(bw)=0.0000 vol=1.6209 cent=1.1990 | val seg=0.7300 meanFGDice=0.5657 | best=0.5690 pat=26/100
[E327 i0000 EXP] tot=7.6494 seg(log)=0.6429 seg(bw)=0.0000 vol=1.6550 cent=1.1989 t=5.00 lr=9.00e-04
[E327 i0025 STD] tot=7.5886 seg(log)=0.7587 seg(bw)=0.0000 vol=1.5930 cent=1.1991 t=5.00 lr=9.00e-04
[E327 i0050 EXP] tot=7.6520 seg(log)=0.6269 seg(bw)=0.0000 vol=1.6587 cent=1.1987 t=5.00 lr=9.00e-04
[E327 i0075 STD] tot=7.6084 seg(log)=0.7137 seg(bw)=0.0000 vol=1.6150 cent=1.1987 t=5.00 lr=9.00e-04
[E327 i0100 EXP] tot=7.6432 seg(log)=0.6975 seg(bw)=0.0000 vol=1.6482 cent=1.1990 t=5.00 lr=9.00e-04
[E327 i0125 STD] tot=7.5890 seg(log)=0.7059 seg(bw)=0.0000 vol=1.5957 cent=1.1987 t=5.00 lr=9.00e-04
[E327 i0150 EXP] tot=7.6376 seg(log)=0.7256 seg(bw)=0.0000 vol=1.6436 cent=1.1988 t=5.00 lr=9.00e-04
[E327 i0175 STD] tot=7.5778 seg(log)=0.7633 seg(bw)=0.0000 vol=1.5829 cent=1.1990 t=5.00 lr=9.00e-04
[E327] train tot=7.6154 seg(log)=0.7155 seg(bw)=0.0000 vol=1.6204 cent=1.1990 | val seg=0.7616 meanFGDice=0.5562 | best=0.5690 pat=27/100
[E328 i0000 EXP] tot=7.6413 seg(log)=0.7751 seg(bw)=0.0000 vol=1.6365 cent=1.2010 t=5.00 lr=9.00e-04
[E328 i0025 STD] tot=7.5978 seg(log)=0.7430 seg(bw)=0.0000 vol=1.6009 cent=1.1994 t=5.00 lr=9.00e-04
[E328 i0050 EXP] tot=7.6371 seg(log)=0.6843 seg(bw)=0.0000 vol=1.6436 cent=1.1987 t=5.00 lr=9.00e-04
[E328 i0075 STD] tot=7.5887 seg(log)=0.7501 seg(bw)=0.0000 vol=1.5954 cent=1.1987 t=5.00 lr=9.00e-04
[E328 i0100 EXP] tot=7.6509 seg(log)=0.6280 seg(bw)=0.0000 vol=1.6569 cent=1.1988 t=5.00 lr=9.00e-04
[E328 i0125 STD] tot=7.6055 seg(log)=0.7488 seg(bw)=0.0000 vol=1.6071 cent=1.1997 t=5.00 lr=9.00e-04
[E328 i0150 EXP] tot=7.6479 seg(log)=0.6672 seg(bw)=0.0000 vol=1.6520 cent=1.1992 t=5.00 lr=9.00e-04
[E328 i0175 STD] tot=7.5903 seg(log)=0.8181 seg(bw)=0.0000 vol=1.5909 cent=1.1999 t=5.00 lr=9.00e-04
[E328] train tot=7.6171 seg(log)=0.7214 seg(bw)=0.0000 vol=1.6208 cent=1.1993 | val seg=0.7718 meanFGDice=0.5474 | best=0.5690 pat=28/100
[E329 i0000 EXP] tot=7.6513 seg(log)=0.7186 seg(bw)=0.0000 vol=1.6515 cent=1.2000 t=5.00 lr=9.00e-04
[E329 i0025 STD] tot=7.6121 seg(log)=0.7567 seg(bw)=0.0000 vol=1.6081 cent=1.2008 t=5.00 lr=9.00e-04
[E329 i0050 EXP] tot=7.6535 seg(log)=0.6587 seg(bw)=0.0000 vol=1.6543 cent=1.1998 t=5.00 lr=9.00e-04
[E329 i0075 STD] tot=7.5964 seg(log)=0.7684 seg(bw)=0.0000 vol=1.6029 cent=1.1987 t=5.00 lr=9.00e-04
[E329 i0100 EXP] tot=7.6507 seg(log)=0.6449 seg(bw)=0.0000 vol=1.6565 cent=1.1988 t=5.00 lr=9.00e-04
[E329 i0125 STD] tot=7.5583 seg(log)=0.8093 seg(bw)=0.0000 vol=1.5642 cent=1.1988 t=5.00 lr=9.00e-04
[E329 i0150 EXP] tot=7.6399 seg(log)=0.6886 seg(bw)=0.0000 vol=1.6440 cent=1.1992 t=5.00 lr=9.00e-04
[E329 i0175 STD] tot=7.5742 seg(log)=0.7692 seg(bw)=0.0000 vol=1.5788 cent=1.1991 t=5.00 lr=9.00e-04
[E329] train tot=7.6168 seg(log)=0.7274 seg(bw)=0.0000 vol=1.6207 cent=1.1992 | val seg=0.7809 meanFGDice=0.5543 | best=0.5690 pat=29/100
[E330 i0000 EXP] tot=7.6470 seg(log)=0.6531 seg(bw)=0.0000 vol=1.6535 cent=1.1987 t=5.00 lr=9.00e-04
[E330 i0025 STD] tot=7.5966 seg(log)=0.7401 seg(bw)=0.0000 vol=1.6035 cent=1.1986 t=5.00 lr=9.00e-04
[E330 i0050 EXP] tot=7.6417 seg(log)=0.6953 seg(bw)=0.0000 vol=1.6469 cent=1.1990 t=5.00 lr=9.00e-04
[E330 i0075 STD] tot=7.6088 seg(log)=0.7457 seg(bw)=0.0000 vol=1.6110 cent=1.1996 t=5.00 lr=9.00e-04
[E330 i0100 EXP] tot=7.6445 seg(log)=0.6859 seg(bw)=0.0000 vol=1.6496 cent=1.1990 t=5.00 lr=9.00e-04
[E330 i0125 STD] tot=7.5821 seg(log)=0.7932 seg(bw)=0.0000 vol=1.5882 cent=1.1988 t=5.00 lr=9.00e-04
[E330 i0150 EXP] tot=7.6429 seg(log)=0.7466 seg(bw)=0.0000 vol=1.6398 cent=1.2006 t=5.00 lr=9.00e-04
[E330 i0175 STD] tot=7.5639 seg(log)=0.8445 seg(bw)=0.0000 vol=1.5700 cent=1.1988 t=5.00 lr=9.00e-04
[E330] train tot=7.6154 seg(log)=0.7167 seg(bw)=0.0000 vol=1.6207 cent=1.1989 | val seg=0.8092 meanFGDice=0.5570 | best=0.5690 pat=30/100
[E331 i0000 EXP] tot=7.6505 seg(log)=0.6326 seg(bw)=0.0000 vol=1.6571 cent=1.1987 t=5.00 lr=9.00e-04
[E331 i0025 STD] tot=7.5882 seg(log)=0.7893 seg(bw)=0.0000 vol=1.5956 cent=1.1985 t=5.00 lr=9.00e-04
[E331 i0050 EXP] tot=7.6508 seg(log)=0.6220 seg(bw)=0.0000 vol=1.6586 cent=1.1984 t=5.00 lr=9.00e-04
[E331 i0075 STD] tot=7.5997 seg(log)=0.7462 seg(bw)=0.0000 vol=1.6068 cent=1.1986 t=5.00 lr=9.00e-04
[E331 i0100 EXP] tot=7.6488 seg(log)=0.6457 seg(bw)=0.0000 vol=1.6538 cent=1.1990 t=5.00 lr=9.00e-04
[E331 i0125 STD] tot=7.5712 seg(log)=0.8563 seg(bw)=0.0000 vol=1.5720 cent=1.1998 t=5.00 lr=9.00e-04
[E331 i0150 EXP] tot=7.6341 seg(log)=0.7235 seg(bw)=0.0000 vol=1.6410 cent=1.1986 t=5.00 lr=9.00e-04
[E331 i0175 STD] tot=7.5653 seg(log)=0.8332 seg(bw)=0.0000 vol=1.5693 cent=1.1992 t=5.00 lr=9.00e-04
[E331] train tot=7.6145 seg(log)=0.7185 seg(bw)=0.0000 vol=1.6202 cent=1.1989 | val seg=0.7610 meanFGDice=0.5603 | best=0.5690 pat=31/100
[E332 i0000 EXP] tot=7.6499 seg(log)=0.6784 seg(bw)=0.0000 vol=1.6525 cent=1.1995 t=5.00 lr=9.00e-04
[E332 i0025 STD] tot=7.6012 seg(log)=0.7229 seg(bw)=0.0000 vol=1.6057 cent=1.1991 t=5.00 lr=9.00e-04
[E332 i0050 EXP] tot=7.6419 seg(log)=0.6721 seg(bw)=0.0000 vol=1.6470 cent=1.1990 t=5.00 lr=9.00e-04
[E332 i0075 STD] tot=7.5846 seg(log)=0.7623 seg(bw)=0.0000 vol=1.5905 cent=1.1988 t=5.00 lr=9.00e-04
[E332 i0100 EXP] tot=7.6468 seg(log)=0.6374 seg(bw)=0.0000 vol=1.6527 cent=1.1988 t=5.00 lr=9.00e-04
[E332 i0125 STD] tot=7.5851 seg(log)=0.7879 seg(bw)=0.0000 vol=1.5844 cent=1.2001 t=5.00 lr=9.00e-04
[E332 i0150 EXP] tot=7.6399 seg(log)=0.6728 seg(bw)=0.0000 vol=1.6473 cent=1.1985 t=5.00 lr=9.00e-04
[E332 i0175 STD] tot=7.5846 seg(log)=0.7557 seg(bw)=0.0000 vol=1.5901 cent=1.1989 t=5.00 lr=9.00e-04
[E332] train tot=7.6150 seg(log)=0.7101 seg(bw)=0.0000 vol=1.6203 cent=1.1989 | val seg=0.7540 meanFGDice=0.5686 | best=0.5690 pat=32/100
[E333 i0000 EXP] tot=7.6357 seg(log)=0.6875 seg(bw)=0.0000 vol=1.6426 cent=1.1986 t=5.00 lr=9.00e-04
[E333 i0025 STD] tot=7.5835 seg(log)=0.7143 seg(bw)=0.0000 vol=1.5895 cent=1.1988 t=5.00 lr=9.00e-04
[E333 i0050 EXP] tot=7.6391 seg(log)=0.6720 seg(bw)=0.0000 vol=1.6464 cent=1.1985 t=5.00 lr=9.00e-04
[E333 i0075 STD] tot=7.5644 seg(log)=0.7607 seg(bw)=0.0000 vol=1.5715 cent=1.1986 t=5.00 lr=9.00e-04
[E333 i0100 EXP] tot=7.6447 seg(log)=0.6623 seg(bw)=0.0000 vol=1.6518 cent=1.1986 t=5.00 lr=9.00e-04
[E333 i0125 STD] tot=7.5901 seg(log)=0.7492 seg(bw)=0.0000 vol=1.5950 cent=1.1990 t=5.00 lr=9.00e-04
[E333 i0150 EXP] tot=7.6480 seg(log)=0.6410 seg(bw)=0.0000 vol=1.6540 cent=1.1988 t=5.00 lr=9.00e-04
[E333 i0175 STD] tot=7.5845 seg(log)=0.7647 seg(bw)=0.0000 vol=1.5902 cent=1.1989 t=5.00 lr=9.00e-04
[E333] train tot=7.6152 seg(log)=0.7049 seg(bw)=0.0000 vol=1.6206 cent=1.1989 | val seg=0.7767 meanFGDice=0.5614 | best=0.5690 pat=33/100
[E334 i0000 EXP] tot=7.6539 seg(log)=0.6045 seg(bw)=0.0000 vol=1.6590 cent=1.1990 t=5.00 lr=9.00e-04
[E334 i0025 STD] tot=7.5963 seg(log)=0.7155 seg(bw)=0.0000 vol=1.6007 cent=1.1991 t=5.00 lr=9.00e-04
[E334 i0050 EXP] tot=7.6524 seg(log)=0.6161 seg(bw)=0.0000 vol=1.6595 cent=1.1986 t=5.00 lr=9.00e-04
[E334 i0075 STD] tot=7.5868 seg(log)=0.7662 seg(bw)=0.0000 vol=1.5912 cent=1.1991 t=5.00 lr=9.00e-04
[E334 i0100 EXP] tot=7.6390 seg(log)=0.6849 seg(bw)=0.0000 vol=1.6463 cent=1.1985 t=5.00 lr=9.00e-04
[E334 i0125 STD] tot=7.5925 seg(log)=0.7622 seg(bw)=0.0000 vol=1.5950 cent=1.1995 t=5.00 lr=9.00e-04
[E334 i0150 EXP] tot=7.6512 seg(log)=0.6240 seg(bw)=0.0000 vol=1.6581 cent=1.1986 t=5.00 lr=9.00e-04
[E334 i0175 STD] tot=7.5743 seg(log)=0.8037 seg(bw)=0.0000 vol=1.5789 cent=1.1991 t=5.00 lr=9.00e-04
[E334] train tot=7.6146 seg(log)=0.7116 seg(bw)=0.0000 vol=1.6204 cent=1.1989 | val seg=0.7597 meanFGDice=0.5669 | best=0.5690 pat=34/100
[E335 i0000 EXP] tot=7.6449 seg(log)=0.6576 seg(bw)=0.0000 vol=1.6501 cent=1.1990 t=5.00 lr=9.00e-04
[E335 i0025 STD] tot=7.5917 seg(log)=0.7208 seg(bw)=0.0000 vol=1.5968 cent=1.1990 t=5.00 lr=9.00e-04
[E335 i0050 EXP] tot=7.6445 seg(log)=0.6523 seg(bw)=0.0000 vol=1.6505 cent=1.1988 t=5.00 lr=9.00e-04
[E335 i0075 STD] tot=7.5906 seg(log)=0.7382 seg(bw)=0.0000 vol=1.5963 cent=1.1989 t=5.00 lr=9.00e-04
[E335 i0100 EXP] tot=7.6497 seg(log)=0.6214 seg(bw)=0.0000 vol=1.6561 cent=1.1987 t=5.00 lr=9.00e-04
[E335 i0125 STD] tot=7.5821 seg(log)=0.7963 seg(bw)=0.0000 vol=1.5852 cent=1.1994 t=5.00 lr=9.00e-04
[E335 i0150 EXP] tot=7.6354 seg(log)=0.6994 seg(bw)=0.0000 vol=1.6403 cent=1.1990 t=5.00 lr=9.00e-04
[E335 i0175 STD] tot=7.5831 seg(log)=0.7773 seg(bw)=0.0000 vol=1.5904 cent=1.1986 t=5.00 lr=9.00e-04
[E335] train tot=7.6158 seg(log)=0.7155 seg(bw)=0.0000 vol=1.6209 cent=1.1990 | val seg=0.7673 meanFGDice=0.5639 | best=0.5690 pat=35/100
[E336 i0000 EXP] tot=7.6477 seg(log)=0.6174 seg(bw)=0.0000 vol=1.6546 cent=1.1986 t=5.00 lr=9.00e-04
[E336 i0025 STD] tot=7.5833 seg(log)=0.7681 seg(bw)=0.0000 vol=1.5905 cent=1.1986 t=5.00 lr=9.00e-04
[E336 i0050 EXP] tot=7.6477 seg(log)=0.6172 seg(bw)=0.0000 vol=1.6548 cent=1.1986 t=5.00 lr=9.00e-04
[E336 i0075 STD] tot=7.6068 seg(log)=0.7576 seg(bw)=0.0000 vol=1.6115 cent=1.1990 t=5.00 lr=9.00e-04
[E336 i0100 EXP] tot=7.6407 seg(log)=0.6554 seg(bw)=0.0000 vol=1.6476 cent=1.1986 t=5.00 lr=9.00e-04
[E336 i0125 STD] tot=7.5822 seg(log)=0.7783 seg(bw)=0.0000 vol=1.5891 cent=1.1986 t=5.00 lr=9.00e-04
[E336 i0150 EXP] tot=7.6334 seg(log)=0.6990 seg(bw)=0.0000 vol=1.6406 cent=1.1986 t=5.00 lr=9.00e-04
[E336 i0175 STD] tot=7.5969 seg(log)=0.7618 seg(bw)=0.0000 vol=1.6006 cent=1.1993 t=5.00 lr=9.00e-04
[E336] train tot=7.6154 seg(log)=0.7148 seg(bw)=0.0000 vol=1.6205 cent=1.1990 | val seg=0.7678 meanFGDice=0.5644 | best=0.5690 pat=36/100
[E337 i0000 EXP] tot=7.6395 seg(log)=0.6786 seg(bw)=0.0000 vol=1.6465 cent=1.1986 t=5.00 lr=9.00e-04
[E337 i0025 STD] tot=7.5760 seg(log)=0.8510 seg(bw)=0.0000 vol=1.5762 cent=1.2000 t=5.00 lr=9.00e-04
[E337 i0050 EXP] tot=7.6481 seg(log)=0.6440 seg(bw)=0.0000 vol=1.6510 cent=1.1994 t=5.00 lr=9.00e-04
[E337 i0075 STD] tot=7.5615 seg(log)=0.8543 seg(bw)=0.0000 vol=1.5656 cent=1.1992 t=5.00 lr=9.00e-04
[E337 i0100 EXP] tot=7.6403 seg(log)=0.6585 seg(bw)=0.0000 vol=1.6461 cent=1.1988 t=5.00 lr=9.00e-04
[E337 i0125 STD] tot=7.5958 seg(log)=0.7150 seg(bw)=0.0000 vol=1.6000 cent=1.1992 t=5.00 lr=9.00e-04
[E337 i0150 EXP] tot=7.6419 seg(log)=0.6813 seg(bw)=0.0000 vol=1.6485 cent=1.1987 t=5.00 lr=9.00e-04
[E337 i0175 STD] tot=7.5848 seg(log)=0.7423 seg(bw)=0.0000 vol=1.5896 cent=1.1990 t=5.00 lr=9.00e-04
[E337] train tot=7.6153 seg(log)=0.7114 seg(bw)=0.0000 vol=1.6205 cent=1.1990 | val seg=0.7533 meanFGDice=0.5592 | best=0.5690 pat=37/100
[E338 i0000 EXP] tot=7.6399 seg(log)=0.6695 seg(bw)=0.0000 vol=1.6468 cent=1.1986 t=5.00 lr=9.00e-04
[E338 i0025 STD] tot=7.5958 seg(log)=0.7750 seg(bw)=0.0000 vol=1.5977 cent=1.1996 t=5.00 lr=9.00e-04
[E338 i0050 EXP] tot=7.6392 seg(log)=0.6898 seg(bw)=0.0000 vol=1.6445 cent=1.1989 t=5.00 lr=9.00e-04
[E338 i0075 STD] tot=7.5848 seg(log)=0.7847 seg(bw)=0.0000 vol=1.5901 cent=1.1990 t=5.00 lr=9.00e-04
[E338 i0100 EXP] tot=7.6441 seg(log)=0.6504 seg(bw)=0.0000 vol=1.6506 cent=1.1987 t=5.00 lr=9.00e-04
[E338 i0125 STD] tot=7.5992 seg(log)=0.6791 seg(bw)=0.0000 vol=1.6064 cent=1.1986 t=5.00 lr=9.00e-04
[E338 i0150 EXP] tot=7.6426 seg(log)=0.6858 seg(bw)=0.0000 vol=1.6468 cent=1.1992 t=5.00 lr=9.00e-04
[E338 i0175 STD] tot=7.5865 seg(log)=0.7296 seg(bw)=0.0000 vol=1.5921 cent=1.1989 t=5.00 lr=9.00e-04
[E338] train tot=7.6151 seg(log)=0.7093 seg(bw)=0.0000 vol=1.6203 cent=1.1990 | val seg=0.7335 meanFGDice=0.5646 | best=0.5690 pat=38/100
[E339 i0000 EXP] tot=7.6430 seg(log)=0.6607 seg(bw)=0.0000 vol=1.6504 cent=1.1985 t=5.00 lr=9.00e-04
[E339 i0025 STD] tot=7.5960 seg(log)=0.7274 seg(bw)=0.0000 vol=1.6022 cent=1.1988 t=5.00 lr=9.00e-04
[E339 i0050 EXP] tot=7.6496 seg(log)=0.6337 seg(bw)=0.0000 vol=1.6534 cent=1.1992 t=5.00 lr=9.00e-04
[E339 i0075 STD] tot=7.5796 seg(log)=0.7547 seg(bw)=0.0000 vol=1.5855 cent=1.1988 t=5.00 lr=9.00e-04
[E339 i0100 EXP] tot=7.6432 seg(log)=0.6677 seg(bw)=0.0000 vol=1.6485 cent=1.1989 t=5.00 lr=9.00e-04
[E339 i0125 STD] tot=7.5758 seg(log)=0.8274 seg(bw)=0.0000 vol=1.5794 cent=1.1993 t=5.00 lr=9.00e-04
[E339 i0150 EXP] tot=7.6467 seg(log)=0.6596 seg(bw)=0.0000 vol=1.6527 cent=1.1988 t=5.00 lr=9.00e-04
[E339 i0175 STD] tot=7.5968 seg(log)=0.7880 seg(bw)=0.0000 vol=1.5991 cent=1.1995 t=5.00 lr=9.00e-04
[E339] train tot=7.6157 seg(log)=0.7134 seg(bw)=0.0000 vol=1.6206 cent=1.1990 | val seg=0.9473 meanFGDice=0.5485 | best=0.5690 pat=39/100
[E340 i0000 EXP] tot=7.6385 seg(log)=0.7238 seg(bw)=0.0000 vol=1.6419 cent=1.1993 t=5.00 lr=9.00e-04
[E340 i0025 STD] tot=7.5890 seg(log)=0.7290 seg(bw)=0.0000 vol=1.5957 cent=1.1987 t=5.00 lr=9.00e-04
[E340 i0050 EXP] tot=7.6471 seg(log)=0.6550 seg(bw)=0.0000 vol=1.6527 cent=1.1989 t=5.00 lr=9.00e-04
[E340 i0075 STD] tot=7.5928 seg(log)=0.7285 seg(bw)=0.0000 vol=1.5978 cent=1.1990 t=5.00 lr=9.00e-04
[E340 i0100 EXP] tot=7.6397 seg(log)=0.6734 seg(bw)=0.0000 vol=1.6453 cent=1.1989 t=5.00 lr=9.00e-04
[E340 i0125 STD] tot=7.5917 seg(log)=0.7339 seg(bw)=0.0000 vol=1.5950 cent=1.1993 t=5.00 lr=9.00e-04
[E340 i0150 EXP] tot=7.6428 seg(log)=0.6534 seg(bw)=0.0000 vol=1.6491 cent=1.1987 t=5.00 lr=9.00e-04
[E340 i0175 STD] tot=7.6013 seg(log)=0.6958 seg(bw)=0.0000 vol=1.6044 cent=1.1994 t=5.00 lr=9.00e-04
[E340] train tot=7.6156 seg(log)=0.7005 seg(bw)=0.0000 vol=1.6207 cent=1.1990 | val seg=0.7492 meanFGDice=0.5634 | best=0.5690 pat=40/100
[E341 i0000 EXP] tot=7.6400 seg(log)=0.6772 seg(bw)=0.0000 vol=1.6442 cent=1.1992 t=5.00 lr=9.00e-04
[E341 i0025 STD] tot=7.5930 seg(log)=0.7209 seg(bw)=0.0000 vol=1.5979 cent=1.1990 t=5.00 lr=9.00e-04
[E341 i0050 EXP] tot=7.6478 seg(log)=0.6387 seg(bw)=0.0000 vol=1.6541 cent=1.1987 t=5.00 lr=9.00e-04
[E341 i0075 STD] tot=7.5831 seg(log)=0.7057 seg(bw)=0.0000 vol=1.5875 cent=1.1991 t=5.00 lr=9.00e-04
[E341 i0100 EXP] tot=7.6449 seg(log)=0.6604 seg(bw)=0.0000 vol=1.6517 cent=1.1986 t=5.00 lr=9.00e-04
[E341 i0125 STD] tot=7.6019 seg(log)=0.7080 seg(bw)=0.0000 vol=1.6090 cent=1.1986 t=5.00 lr=9.00e-04
[E341 i0150 EXP] tot=7.6397 seg(log)=0.6837 seg(bw)=0.0000 vol=1.6470 cent=1.1985 t=5.00 lr=9.00e-04
[E341 i0175 STD] tot=7.6026 seg(log)=0.7119 seg(bw)=0.0000 vol=1.6090 cent=1.1987 t=5.00 lr=9.00e-04
[E341] train tot=7.6153 seg(log)=0.6976 seg(bw)=0.0000 vol=1.6207 cent=1.1989 | val seg=0.7569 meanFGDice=0.5663 | best=0.5690 pat=41/100
[E342 i0000 EXP] tot=7.6345 seg(log)=0.7103 seg(bw)=0.0000 vol=1.6403 cent=1.1988 t=5.00 lr=9.00e-04
[E342 i0025 STD] tot=7.5902 seg(log)=0.7479 seg(bw)=0.0000 vol=1.5968 cent=1.1987 t=5.00 lr=9.00e-04
[E342 i0050 EXP] tot=7.6467 seg(log)=0.6589 seg(bw)=0.0000 vol=1.6505 cent=1.1992 t=5.00 lr=9.00e-04
[E342 i0075 STD] tot=7.5908 seg(log)=0.7638 seg(bw)=0.0000 vol=1.5923 cent=1.1997 t=5.00 lr=9.00e-04
[E342 i0100 EXP] tot=7.6425 seg(log)=0.6550 seg(bw)=0.0000 vol=1.6485 cent=1.1988 t=5.00 lr=9.00e-04
[E342 i0125 STD] tot=7.6024 seg(log)=0.7596 seg(bw)=0.0000 vol=1.6082 cent=1.1988 t=5.00 lr=9.00e-04
[E342 i0150 EXP] tot=7.6534 seg(log)=0.6051 seg(bw)=0.0000 vol=1.6605 cent=1.1986 t=5.00 lr=9.00e-04
[E342 i0175 STD] tot=7.5806 seg(log)=0.7752 seg(bw)=0.0000 vol=1.5856 cent=1.1990 t=5.00 lr=9.00e-04
[E342] train tot=7.6152 seg(log)=0.7102 seg(bw)=0.0000 vol=1.6205 cent=1.1989 | val seg=0.7431 meanFGDice=0.5708 | best=0.5708 pat=0/100
[E343 i0000 EXP] tot=7.6412 seg(log)=0.6715 seg(bw)=0.0000 vol=1.6478 cent=1.1987 t=5.00 lr=9.00e-04
[E343 i0025 STD] tot=7.5708 seg(log)=0.8042 seg(bw)=0.0000 vol=1.5751 cent=1.1991 t=5.00 lr=9.00e-04
[E343 i0050 EXP] tot=7.6383 seg(log)=0.6787 seg(bw)=0.0000 vol=1.6451 cent=1.1987 t=5.00 lr=9.00e-04
[E343 i0075 STD] tot=7.5880 seg(log)=0.8090 seg(bw)=0.0000 vol=1.5878 cent=1.2000 t=5.00 lr=9.00e-04
[E343 i0100 EXP] tot=7.6503 seg(log)=0.6292 seg(bw)=0.0000 vol=1.6556 cent=1.1989 t=5.00 lr=9.00e-04
[E343 i0125 STD] tot=7.5755 seg(log)=0.7775 seg(bw)=0.0000 vol=1.5818 cent=1.1987 t=5.00 lr=9.00e-04
[E343 i0150 EXP] tot=7.6413 seg(log)=0.6867 seg(bw)=0.0000 vol=1.6465 cent=1.1990 t=5.00 lr=9.00e-04
[E343 i0175 STD] tot=7.5866 seg(log)=0.7534 seg(bw)=0.0000 vol=1.5927 cent=1.1988 t=5.00 lr=9.00e-04
[E343] train tot=7.6153 seg(log)=0.7096 seg(bw)=0.0000 vol=1.6205 cent=1.1990 | val seg=0.7559 meanFGDice=0.5654 | best=0.5708 pat=1/100
[E344 i0000 EXP] tot=7.6512 seg(log)=0.6477 seg(bw)=0.0000 vol=1.6569 cent=1.1989 t=5.00 lr=9.00e-04
[E344 i0025 STD] tot=7.5997 seg(log)=0.7287 seg(bw)=0.0000 vol=1.6040 cent=1.1992 t=5.00 lr=9.00e-04
[E344 i0050 EXP] tot=7.6400 seg(log)=0.6826 seg(bw)=0.0000 vol=1.6457 cent=1.1989 t=5.00 lr=9.00e-04
[E344 i0075 STD] tot=7.5879 seg(log)=0.7204 seg(bw)=0.0000 vol=1.5936 cent=1.1989 t=5.00 lr=9.00e-04
[E344 i0100 EXP] tot=7.6445 seg(log)=0.6295 seg(bw)=0.0000 vol=1.6501 cent=1.1989 t=5.00 lr=9.00e-04
[E344 i0125 STD] tot=7.5934 seg(log)=0.7330 seg(bw)=0.0000 vol=1.6009 cent=1.1985 t=5.00 lr=9.00e-04
[E344 i0150 EXP] tot=7.6494 seg(log)=0.6387 seg(bw)=0.0000 vol=1.6551 cent=1.1989 t=5.00 lr=9.00e-04
[E344 i0175 STD] tot=7.5989 seg(log)=0.6960 seg(bw)=0.0000 vol=1.6057 cent=1.1986 t=5.00 lr=9.00e-04
[E344] train tot=7.6157 seg(log)=0.7045 seg(bw)=0.0000 vol=1.6208 cent=1.1990 | val seg=0.7450 meanFGDice=0.5673 | best=0.5708 pat=2/100
[E345 i0000 EXP] tot=7.6477 seg(log)=0.6386 seg(bw)=0.0000 vol=1.6540 cent=1.1987 t=5.00 lr=9.00e-04
[E345 i0025 STD] tot=7.5851 seg(log)=0.7342 seg(bw)=0.0000 vol=1.5919 cent=1.1986 t=5.00 lr=9.00e-04
[E345 i0050 EXP] tot=7.6397 seg(log)=0.6743 seg(bw)=0.0000 vol=1.6458 cent=1.1988 t=5.00 lr=9.00e-04
[E345 i0075 STD] tot=7.6000 seg(log)=0.7422 seg(bw)=0.0000 vol=1.6074 cent=1.1985 t=5.00 lr=9.00e-04
[E345 i0100 EXP] tot=7.6353 seg(log)=0.7009 seg(bw)=0.0000 vol=1.6422 cent=1.1986 t=5.00 lr=9.00e-04
[E345 i0125 STD] tot=7.5971 seg(log)=0.7230 seg(bw)=0.0000 vol=1.6013 cent=1.1992 t=5.00 lr=9.00e-04
[E345 i0150 EXP] tot=7.6407 seg(log)=0.6568 seg(bw)=0.0000 vol=1.6461 cent=1.1989 t=5.00 lr=9.00e-04
[E345 i0175 STD] tot=7.5812 seg(log)=0.7197 seg(bw)=0.0000 vol=1.5874 cent=1.1988 t=5.00 lr=9.00e-04
[E345] train tot=7.6149 seg(log)=0.7072 seg(bw)=0.0000 vol=1.6206 cent=1.1989 | val seg=0.7426 meanFGDice=0.5683 | best=0.5708 pat=3/100
[E346 i0000 EXP] tot=7.6546 seg(log)=0.6020 seg(bw)=0.0000 vol=1.6605 cent=1.1988 t=5.00 lr=9.00e-04
[E346 i0025 STD] tot=7.5657 seg(log)=0.8025 seg(bw)=0.0000 vol=1.5710 cent=1.1989 t=5.00 lr=9.00e-04
[E346 i0050 EXP] tot=7.6527 seg(log)=0.6240 seg(bw)=0.0000 vol=1.6576 cent=1.1990 t=5.00 lr=9.00e-04
[E346 i0075 STD] tot=7.5660 seg(log)=0.8114 seg(bw)=0.0000 vol=1.5701 cent=1.1992 t=5.00 lr=9.00e-04
[E346 i0100 EXP] tot=7.6501 seg(log)=0.6368 seg(bw)=0.0000 vol=1.6546 cent=1.1991 t=5.00 lr=9.00e-04
[E346 i0125 STD] tot=7.6152 seg(log)=0.6819 seg(bw)=0.0000 vol=1.6176 cent=1.1995 t=5.00 lr=9.00e-04
[E346 i0150 EXP] tot=7.6328 seg(log)=0.7079 seg(bw)=0.0000 vol=1.6403 cent=1.1985 t=5.00 lr=9.00e-04
[E346 i0175 STD] tot=7.6056 seg(log)=0.7124 seg(bw)=0.0000 vol=1.6091 cent=1.1993 t=5.00 lr=9.00e-04
[E346] train tot=7.6149 seg(log)=0.6978 seg(bw)=0.0000 vol=1.6202 cent=1.1989 | val seg=0.7614 meanFGDice=0.5653 | best=0.5708 pat=4/100
[E347 i0000 EXP] tot=7.6387 seg(log)=0.6896 seg(bw)=0.0000 vol=1.6447 cent=1.1988 t=5.00 lr=9.00e-04
[E347 i0025 STD] tot=7.5725 seg(log)=0.7265 seg(bw)=0.0000 vol=1.5780 cent=1.1989 t=5.00 lr=9.00e-04
[E347 i0050 EXP] tot=7.6389 seg(log)=0.6902 seg(bw)=0.0000 vol=1.6436 cent=1.1991 t=5.00 lr=9.00e-04
[E347 i0075 STD] tot=7.5859 seg(log)=0.8744 seg(bw)=0.0000 vol=1.5808 cent=1.2010 t=5.00 lr=9.00e-04
[E347 i0100 EXP] tot=7.6662 seg(log)=0.6776 seg(bw)=0.0000 vol=1.6508 cent=1.2031 t=5.00 lr=9.00e-04
[E347 i0125 STD] tot=7.6037 seg(log)=0.8244 seg(bw)=0.0000 vol=1.5969 cent=1.2014 t=5.00 lr=9.00e-04
[E347 i0150 EXP] tot=7.6520 seg(log)=0.6643 seg(bw)=0.0000 vol=1.6460 cent=1.2012 t=5.00 lr=9.00e-04
[E347 i0175 STD] tot=7.5842 seg(log)=0.7500 seg(bw)=0.0000 vol=1.5793 cent=1.2010 t=5.00 lr=9.00e-04
[E347] train tot=7.6234 seg(log)=0.7212 seg(bw)=0.0000 vol=1.6206 cent=1.2006 | val seg=0.7472 meanFGDice=0.5637 | best=0.5708 pat=5/100
[E348 i0000 EXP] tot=7.6399 seg(log)=0.6612 seg(bw)=0.0000 vol=1.6457 cent=1.1988 t=5.00 lr=9.00e-04
[E348 i0025 STD] tot=7.6062 seg(log)=0.7118 seg(bw)=0.0000 vol=1.6025 cent=1.2007 t=5.00 lr=9.00e-04
[E348 i0050 EXP] tot=7.6413 seg(log)=0.7998 seg(bw)=0.0000 vol=1.6383 cent=1.2006 t=5.00 lr=9.00e-04
[E348 i0075 STD] tot=7.5964 seg(log)=0.6744 seg(bw)=0.0000 vol=1.6007 cent=1.1991 t=5.00 lr=9.00e-04
[E348 i0100 EXP] tot=7.6447 seg(log)=0.6778 seg(bw)=0.0000 vol=1.6489 cent=1.1992 t=5.00 lr=9.00e-04
[E348 i0125 STD] tot=7.5861 seg(log)=0.7034 seg(bw)=0.0000 vol=1.5866 cent=1.1999 t=5.00 lr=9.00e-04
[E348 i0150 EXP] tot=7.6483 seg(log)=0.6357 seg(bw)=0.0000 vol=1.6535 cent=1.1990 t=5.00 lr=9.00e-04
[E348 i0175 STD] tot=7.5956 seg(log)=0.6997 seg(bw)=0.0000 vol=1.5999 cent=1.1991 t=5.00 lr=9.00e-04
[E348] train tot=7.6197 seg(log)=0.6956 seg(bw)=0.0000 vol=1.6206 cent=1.1998 | val seg=0.7296 meanFGDice=0.5660 | best=0.5708 pat=6/100
[E349 i0000 EXP] tot=7.6492 seg(log)=0.6295 seg(bw)=0.0000 vol=1.6541 cent=1.1990 t=5.00 lr=9.00e-04
[E349 i0025 STD] tot=7.5884 seg(log)=0.7179 seg(bw)=0.0000 vol=1.5919 cent=1.1993 t=5.00 lr=9.00e-04
[E349 i0050 EXP] tot=7.6335 seg(log)=0.7138 seg(bw)=0.0000 vol=1.6402 cent=1.1987 t=5.00 lr=9.00e-04
[E349 i0075 STD] tot=7.5714 seg(log)=0.7655 seg(bw)=0.0000 vol=1.5750 cent=1.1993 t=5.00 lr=9.00e-04
[E349 i0100 EXP] tot=7.6459 seg(log)=0.6301 seg(bw)=0.0000 vol=1.6515 cent=1.1989 t=5.00 lr=9.00e-04
[E349 i0125 STD] tot=7.5886 seg(log)=0.7220 seg(bw)=0.0000 vol=1.5945 cent=1.1988 t=5.00 lr=9.00e-04
[E349 i0150 EXP] tot=7.6452 seg(log)=0.6500 seg(bw)=0.0000 vol=1.6516 cent=1.1987 t=5.00 lr=9.00e-04
[E349 i0175 STD] tot=7.5927 seg(log)=0.7259 seg(bw)=0.0000 vol=1.5976 cent=1.1990 t=5.00 lr=9.00e-04
[E349] train tot=7.6160 seg(log)=0.6895 seg(bw)=0.0000 vol=1.6208 cent=1.1990 | val seg=0.7554 meanFGDice=0.5666 | best=0.5708 pat=7/100
[E350 i0000 EXP] tot=7.6434 seg(log)=0.6738 seg(bw)=0.0000 vol=1.6490 cent=1.1989 t=5.00 lr=9.00e-04
[E350 i0025 STD] tot=7.5866 seg(log)=0.7362 seg(bw)=0.0000 vol=1.5926 cent=1.1988 t=5.00 lr=9.00e-04
[E350 i0050 EXP] tot=7.6438 seg(log)=0.6702 seg(bw)=0.0000 vol=1.6494 cent=1.1989 t=5.00 lr=9.00e-04
[E350 i0075 STD] tot=7.5701 seg(log)=0.7571 seg(bw)=0.0000 vol=1.5775 cent=1.1985 t=5.00 lr=9.00e-04
[E350 i0100 EXP] tot=7.6445 seg(log)=0.6698 seg(bw)=0.0000 vol=1.6505 cent=1.1988 t=5.00 lr=9.00e-04
[E350 i0125 STD] tot=7.5742 seg(log)=0.7590 seg(bw)=0.0000 vol=1.5782 cent=1.1992 t=5.00 lr=9.00e-04
[E350 i0150 EXP] tot=7.6339 seg(log)=0.7245 seg(bw)=0.0000 vol=1.6395 cent=1.1989 t=5.00 lr=9.00e-04
[E350 i0175 STD] tot=7.5852 seg(log)=0.7568 seg(bw)=0.0000 vol=1.5903 cent=1.1990 t=5.00 lr=9.00e-04
[E350] train tot=7.6148 seg(log)=0.6989 seg(bw)=0.0000 vol=1.6203 cent=1.1989 | val seg=0.7265 meanFGDice=0.5737 | best=0.5737 pat=0/100
[E351 i0000 EXP] tot=7.6501 seg(log)=0.6424 seg(bw)=0.0000 vol=1.6543 cent=1.1992 t=5.00 lr=9.00e-04
[E351 i0025 STD] tot=7.6047 seg(log)=0.7312 seg(bw)=0.0000 vol=1.6110 cent=1.1987 t=5.00 lr=9.00e-04
[E351 i0050 EXP] tot=7.6386 seg(log)=0.6862 seg(bw)=0.0000 vol=1.6454 cent=1.1986 t=5.00 lr=9.00e-04
[E351 i0075 STD] tot=7.5729 seg(log)=0.7534 seg(bw)=0.0000 vol=1.5796 cent=1.1987 t=5.00 lr=9.00e-04
[E351 i0100 EXP] tot=7.6451 seg(log)=0.6605 seg(bw)=0.0000 vol=1.6507 cent=1.1989 t=5.00 lr=9.00e-04
[E351 i0125 STD] tot=7.5893 seg(log)=0.7005 seg(bw)=0.0000 vol=1.5956 cent=1.1987 t=5.00 lr=9.00e-04
[E351 i0150 EXP] tot=7.6396 seg(log)=0.6807 seg(bw)=0.0000 vol=1.6465 cent=1.1986 t=5.00 lr=9.00e-04
[E351 i0175 STD] tot=7.5802 seg(log)=0.7606 seg(bw)=0.0000 vol=1.5851 cent=1.1990 t=5.00 lr=9.00e-04
[E351] train tot=7.6146 seg(log)=0.6967 seg(bw)=0.0000 vol=1.6206 cent=1.1988 | val seg=0.7463 meanFGDice=0.5614 | best=0.5737 pat=1/100
[E352 i0000 EXP] tot=7.6354 seg(log)=0.7391 seg(bw)=0.0000 vol=1.6402 cent=1.1990 t=5.00 lr=9.00e-04
[E352 i0025 STD] tot=7.5763 seg(log)=0.7492 seg(bw)=0.0000 vol=1.5831 cent=1.1986 t=5.00 lr=9.00e-04
[E352 i0050 EXP] tot=7.6446 seg(log)=0.6544 seg(bw)=0.0000 vol=1.6519 cent=1.1985 t=5.00 lr=9.00e-04
[E352 i0075 STD] tot=7.5984 seg(log)=0.7268 seg(bw)=0.0000 vol=1.6057 cent=1.1985 t=5.00 lr=9.00e-04
[E352 i0100 EXP] tot=7.6437 seg(log)=0.6786 seg(bw)=0.0000 vol=1.6485 cent=1.1990 t=5.00 lr=9.00e-04
[E352 i0125 STD] tot=7.5751 seg(log)=0.7410 seg(bw)=0.0000 vol=1.5809 cent=1.1988 t=5.00 lr=9.00e-04
[E352 i0150 EXP] tot=7.6405 seg(log)=0.6643 seg(bw)=0.0000 vol=1.6464 cent=1.1988 t=5.00 lr=9.00e-04
[E352 i0175 STD] tot=7.5824 seg(log)=0.7376 seg(bw)=0.0000 vol=1.5891 cent=1.1987 t=5.00 lr=9.00e-04
[E352] train tot=7.6142 seg(log)=0.7026 seg(bw)=0.0000 vol=1.6204 cent=1.1988 | val seg=0.7389 meanFGDice=0.5722 | best=0.5737 pat=2/100
[E353 i0000 EXP] tot=7.6449 seg(log)=0.6369 seg(bw)=0.0000 vol=1.6514 cent=1.1987 t=5.00 lr=9.00e-04
[E353 i0025 STD] tot=7.5624 seg(log)=0.7434 seg(bw)=0.0000 vol=1.5686 cent=1.1987 t=5.00 lr=9.00e-04
[E353 i0050 EXP] tot=7.6520 seg(log)=0.5971 seg(bw)=0.0000 vol=1.6575 cent=1.1989 t=5.00 lr=9.00e-04
[E353 i0075 STD] tot=7.5501 seg(log)=0.9066 seg(bw)=0.0000 vol=1.5534 cent=1.1993 t=5.00 lr=9.00e-04
[E353 i0100 EXP] tot=7.6481 seg(log)=0.6347 seg(bw)=0.0000 vol=1.6558 cent=1.1985 t=5.00 lr=9.00e-04
[E353 i0125 STD] tot=7.5696 seg(log)=0.7750 seg(bw)=0.0000 vol=1.5763 cent=1.1986 t=5.00 lr=9.00e-04
[E353 i0150 EXP] tot=7.6425 seg(log)=0.6479 seg(bw)=0.0000 vol=1.6498 cent=1.1985 t=5.00 lr=9.00e-04
[E353 i0175 STD] tot=7.5617 seg(log)=0.7768 seg(bw)=0.0000 vol=1.5686 cent=1.1986 t=5.00 lr=9.00e-04
[E353] train tot=7.6141 seg(log)=0.6989 seg(bw)=0.0000 vol=1.6201 cent=1.1988 | val seg=0.7393 meanFGDice=0.5649 | best=0.5737 pat=3/100
[E354 i0000 EXP] tot=7.6417 seg(log)=0.6650 seg(bw)=0.0000 vol=1.6493 cent=1.1985 t=5.00 lr=9.00e-04
[E354 i0025 STD] tot=7.5697 seg(log)=0.7474 seg(bw)=0.0000 vol=1.5768 cent=1.1986 t=5.00 lr=9.00e-04
[E354 i0050 EXP] tot=7.6394 seg(log)=0.6757 seg(bw)=0.0000 vol=1.6463 cent=1.1986 t=5.00 lr=9.00e-04
[E354 i0075 STD] tot=7.5734 seg(log)=0.7449 seg(bw)=0.0000 vol=1.5791 cent=1.1989 t=5.00 lr=9.00e-04
[E354 i0100 EXP] tot=7.6498 seg(log)=0.6301 seg(bw)=0.0000 vol=1.6564 cent=1.1987 t=5.00 lr=9.00e-04
[E354 i0125 STD] tot=7.5756 seg(log)=0.7646 seg(bw)=0.0000 vol=1.5816 cent=1.1988 t=5.00 lr=9.00e-04
[E354 i0150 EXP] tot=7.6437 seg(log)=0.6519 seg(bw)=0.0000 vol=1.6504 cent=1.1987 t=5.00 lr=9.00e-04
[E354 i0175 STD] tot=7.6060 seg(log)=0.7091 seg(bw)=0.0000 vol=1.6133 cent=1.1985 t=5.00 lr=9.00e-04
[E354] train tot=7.6144 seg(log)=0.6976 seg(bw)=0.0000 vol=1.6204 cent=1.1988 | val seg=0.7432 meanFGDice=0.5675 | best=0.5737 pat=4/100
[E355 i0000 EXP] tot=7.6377 seg(log)=0.6849 seg(bw)=0.0000 vol=1.6439 cent=1.1988 t=5.00 lr=9.00e-04
[E355 i0025 STD] tot=7.5770 seg(log)=0.7064 seg(bw)=0.0000 vol=1.5820 cent=1.1990 t=5.00 lr=9.00e-04
[E355 i0050 EXP] tot=7.6368 seg(log)=0.6753 seg(bw)=0.0000 vol=1.6442 cent=1.1985 t=5.00 lr=9.00e-04
[E355 i0075 STD] tot=7.5858 seg(log)=0.7284 seg(bw)=0.0000 vol=1.5924 cent=1.1987 t=5.00 lr=9.00e-04
[E355 i0100 EXP] tot=7.6377 seg(log)=0.6840 seg(bw)=0.0000 vol=1.6435 cent=1.1988 t=5.00 lr=9.00e-04
[E355 i0125 STD] tot=7.5897 seg(log)=0.7091 seg(bw)=0.0000 vol=1.5965 cent=1.1986 t=5.00 lr=9.00e-04
[E355 i0150 EXP] tot=7.6315 seg(log)=0.8004 seg(bw)=0.0000 vol=1.6347 cent=1.1994 t=5.00 lr=9.00e-04
[E355 i0175 STD] tot=7.5736 seg(log)=0.7424 seg(bw)=0.0000 vol=1.5781 cent=1.1991 t=5.00 lr=9.00e-04
[E355] train tot=7.6146 seg(log)=0.6900 seg(bw)=0.0000 vol=1.6206 cent=1.1988 | val seg=0.7221 meanFGDice=0.5698 | best=0.5737 pat=5/100
[E356 i0000 EXP] tot=7.6491 seg(log)=0.6311 seg(bw)=0.0000 vol=1.6559 cent=1.1987 t=5.00 lr=9.00e-04
[E356 i0025 STD] tot=7.6055 seg(log)=0.6902 seg(bw)=0.0000 vol=1.6122 cent=1.1987 t=5.00 lr=9.00e-04
[E356 i0050 EXP] tot=7.6497 seg(log)=0.6256 seg(bw)=0.0000 vol=1.6554 cent=1.1989 t=5.00 lr=9.00e-04
[E356 i0075 STD] tot=7.5622 seg(log)=0.7432 seg(bw)=0.0000 vol=1.5677 cent=1.1989 t=5.00 lr=9.00e-04
[E356 i0100 EXP] tot=7.6463 seg(log)=0.6398 seg(bw)=0.0000 vol=1.6527 cent=1.1987 t=5.00 lr=9.00e-04
[E356 i0125 STD] tot=7.6041 seg(log)=0.6707 seg(bw)=0.0000 vol=1.6097 cent=1.1989 t=5.00 lr=9.00e-04
[E356 i0150 EXP] tot=7.6391 seg(log)=0.6821 seg(bw)=0.0000 vol=1.6465 cent=1.1985 t=5.00 lr=9.00e-04
[E356 i0175 STD] tot=7.5914 seg(log)=0.7077 seg(bw)=0.0000 vol=1.5975 cent=1.1988 t=5.00 lr=9.00e-04
[E356] train tot=7.6147 seg(log)=0.6940 seg(bw)=0.0000 vol=1.6206 cent=1.1988 | val seg=0.7357 meanFGDice=0.5718 | best=0.5737 pat=6/100
[E357 i0000 EXP] tot=7.6386 seg(log)=0.6842 seg(bw)=0.0000 vol=1.6464 cent=1.1984 t=5.00 lr=9.00e-04
[E357 i0025 STD] tot=7.5947 seg(log)=0.7376 seg(bw)=0.0000 vol=1.5976 cent=1.1994 t=5.00 lr=9.00e-04
[E357 i0050 EXP] tot=7.6480 seg(log)=0.6378 seg(bw)=0.0000 vol=1.6551 cent=1.1986 t=5.00 lr=9.00e-04
[E357 i0075 STD] tot=7.5777 seg(log)=0.7720 seg(bw)=0.0000 vol=1.5836 cent=1.1988 t=5.00 lr=9.00e-04
[E357 i0100 EXP] tot=7.6384 seg(log)=0.6922 seg(bw)=0.0000 vol=1.6435 cent=1.1990 t=5.00 lr=9.00e-04
[E357 i0125 STD] tot=7.5941 seg(log)=0.7368 seg(bw)=0.0000 vol=1.5998 cent=1.1989 t=5.00 lr=9.00e-04
[E357 i0150 EXP] tot=7.6403 seg(log)=0.7188 seg(bw)=0.0000 vol=1.6435 cent=1.1993 t=5.00 lr=9.00e-04
[E357 i0175 STD] tot=7.5896 seg(log)=0.7300 seg(bw)=0.0000 vol=1.5946 cent=1.1990 t=5.00 lr=9.00e-04
[E357] train tot=7.6147 seg(log)=0.6965 seg(bw)=0.0000 vol=1.6204 cent=1.1989 | val seg=1.3007 meanFGDice=0.5363 | best=0.5737 pat=7/100
[E358 i0000 EXP] tot=7.6479 seg(log)=0.6705 seg(bw)=0.0000 vol=1.6515 cent=1.1993 t=5.00 lr=9.00e-04
[E358 i0025 STD] tot=7.5904 seg(log)=0.8435 seg(bw)=0.0000 vol=1.5781 cent=1.2025 t=5.00 lr=9.00e-04
[E358 i0050 EXP] tot=7.6446 seg(log)=0.7363 seg(bw)=0.0000 vol=1.6449 cent=1.1999 t=5.00 lr=9.00e-04
[E358 i0075 STD] tot=7.6028 seg(log)=0.8748 seg(bw)=0.0000 vol=1.5852 cent=1.2035 t=5.00 lr=9.00e-04
[E358 i0100 EXP] tot=7.6436 seg(log)=0.7841 seg(bw)=0.0000 vol=1.6431 cent=1.2001 t=5.00 lr=9.00e-04
[E358 i0125 STD] tot=7.6006 seg(log)=0.6710 seg(bw)=0.0000 vol=1.6014 cent=1.1998 t=5.00 lr=9.00e-04
[E358 i0150 EXP] tot=7.6559 seg(log)=0.6955 seg(bw)=0.0000 vol=1.6500 cent=1.2012 t=5.00 lr=9.00e-04
[E358 i0175 STD] tot=7.5789 seg(log)=0.7464 seg(bw)=0.0000 vol=1.5812 cent=1.1995 t=5.00 lr=9.00e-04
[E358] train tot=7.6230 seg(log)=0.7176 seg(bw)=0.0000 vol=1.6207 cent=1.2005 | val seg=0.7408 meanFGDice=0.5585 | best=0.5737 pat=8/100
[E359 i0000 EXP] tot=7.6488 seg(log)=0.6392 seg(bw)=0.0000 vol=1.6560 cent=1.1986 t=5.00 lr=9.00e-04
[E359 i0025 STD] tot=7.5943 seg(log)=0.6576 seg(bw)=0.0000 vol=1.5986 cent=1.1992 t=5.00 lr=9.00e-04
[E359 i0050 EXP] tot=7.6360 seg(log)=0.7054 seg(bw)=0.0000 vol=1.6431 cent=1.1986 t=5.00 lr=9.00e-04
[E359 i0075 STD] tot=7.5914 seg(log)=0.7013 seg(bw)=0.0000 vol=1.5957 cent=1.1991 t=5.00 lr=9.00e-04
[E359 i0100 EXP] tot=7.6355 seg(log)=0.7423 seg(bw)=0.0000 vol=1.6411 cent=1.1989 t=5.00 lr=9.00e-04
[E359 i0125 STD] tot=7.5725 seg(log)=0.7533 seg(bw)=0.0000 vol=1.5779 cent=1.1989 t=5.00 lr=9.00e-04
[E359 i0150 EXP] tot=7.6489 seg(log)=0.6354 seg(bw)=0.0000 vol=1.6559 cent=1.1986 t=5.00 lr=9.00e-04
[E359 i0175 STD] tot=7.5999 seg(log)=0.6857 seg(bw)=0.0000 vol=1.6048 cent=1.1990 t=5.00 lr=9.00e-04
[E359] train tot=7.6157 seg(log)=0.6870 seg(bw)=0.0000 vol=1.6201 cent=1.1991 | val seg=0.7529 meanFGDice=0.5632 | best=0.5737 pat=9/100
[E360 i0000 EXP] tot=7.6508 seg(log)=0.6198 seg(bw)=0.0000 vol=1.6569 cent=1.1988 t=5.00 lr=9.00e-04
[E360 i0025 STD] tot=7.6022 seg(log)=0.6879 seg(bw)=0.0000 vol=1.6086 cent=1.1987 t=5.00 lr=9.00e-04
[E360 i0050 EXP] tot=7.6468 seg(log)=0.6515 seg(bw)=0.0000 vol=1.6529 cent=1.1988 t=5.00 lr=9.00e-04
[E360 i0075 STD] tot=7.5638 seg(log)=0.7893 seg(bw)=0.0000 vol=1.5696 cent=1.1988 t=5.00 lr=9.00e-04
[E360 i0100 EXP] tot=7.6465 seg(log)=0.6406 seg(bw)=0.0000 vol=1.6525 cent=1.1988 t=5.00 lr=9.00e-04
[E360 i0125 STD] tot=7.5956 seg(log)=0.6954 seg(bw)=0.0000 vol=1.6023 cent=1.1987 t=5.00 lr=9.00e-04
[E360 i0150 EXP] tot=7.6459 seg(log)=0.6576 seg(bw)=0.0000 vol=1.6518 cent=1.1988 t=5.00 lr=9.00e-04
[E360 i0175 STD] tot=7.5850 seg(log)=0.6912 seg(bw)=0.0000 vol=1.5922 cent=1.1986 t=5.00 lr=9.00e-04
[E360] train tot=7.6155 seg(log)=0.6935 seg(bw)=0.0000 vol=1.6208 cent=1.1990 | val seg=0.7256 meanFGDice=0.5694 | best=0.5737 pat=10/100
[E361 i0000 EXP] tot=7.6372 seg(log)=0.6772 seg(bw)=0.0000 vol=1.6447 cent=1.1985 t=5.00 lr=9.00e-04
[E361 i0025 STD] tot=7.5967 seg(log)=0.7000 seg(bw)=0.0000 vol=1.6026 cent=1.1988 t=5.00 lr=9.00e-04
[E361 i0050 EXP] tot=7.6417 seg(log)=0.6646 seg(bw)=0.0000 vol=1.6481 cent=1.1987 t=5.00 lr=9.00e-04
[E361 i0075 STD] tot=7.5885 seg(log)=0.7179 seg(bw)=0.0000 vol=1.5934 cent=1.1990 t=5.00 lr=9.00e-04
[E361 i0100 EXP] tot=7.6496 seg(log)=0.6219 seg(bw)=0.0000 vol=1.6560 cent=1.1987 t=5.00 lr=9.00e-04
[E361 i0125 STD] tot=7.5762 seg(log)=0.7624 seg(bw)=0.0000 vol=1.5835 cent=1.1985 t=5.00 lr=9.00e-04
[E361 i0150 EXP] tot=7.6491 seg(log)=0.6318 seg(bw)=0.0000 vol=1.6551 cent=1.1988 t=5.00 lr=9.00e-04
[E361 i0175 STD] tot=7.5616 seg(log)=0.8181 seg(bw)=0.0000 vol=1.5672 cent=1.1989 t=5.00 lr=9.00e-04
[E361] train tot=7.6147 seg(log)=0.6899 seg(bw)=0.0000 vol=1.6206 cent=1.1988 | val seg=0.7252 meanFGDice=0.5701 | best=0.5737 pat=11/100
[E362 i0000 EXP] tot=7.6400 seg(log)=0.6848 seg(bw)=0.0000 vol=1.6469 cent=1.1986 t=5.00 lr=9.00e-04
[E362 i0025 STD] tot=7.5959 seg(log)=0.7041 seg(bw)=0.0000 vol=1.6025 cent=1.1987 t=5.00 lr=9.00e-04
[E362 i0050 EXP] tot=7.6402 seg(log)=0.6720 seg(bw)=0.0000 vol=1.6470 cent=1.1987 t=5.00 lr=9.00e-04
[E362 i0075 STD] tot=7.5974 seg(log)=0.7047 seg(bw)=0.0000 vol=1.6037 cent=1.1987 t=5.00 lr=9.00e-04
[E362 i0100 EXP] tot=7.6346 seg(log)=0.6749 seg(bw)=0.0000 vol=1.6420 cent=1.1985 t=5.00 lr=9.00e-04
[E362 i0125 STD] tot=7.5883 seg(log)=0.7185 seg(bw)=0.0000 vol=1.5935 cent=1.1990 t=5.00 lr=9.00e-04
[E362 i0150 EXP] tot=7.6459 seg(log)=0.6396 seg(bw)=0.0000 vol=1.6518 cent=1.1988 t=5.00 lr=9.00e-04
[E362 i0175 STD] tot=7.5891 seg(log)=0.7259 seg(bw)=0.0000 vol=1.5963 cent=1.1986 t=5.00 lr=9.00e-04
[E362] train tot=7.6150 seg(log)=0.6876 seg(bw)=0.0000 vol=1.6211 cent=1.1988 | val seg=0.7272 meanFGDice=0.5668 | best=0.5737 pat=12/100
[E363 i0000 EXP] tot=7.6416 seg(log)=0.6605 seg(bw)=0.0000 vol=1.6486 cent=1.1986 t=5.00 lr=9.00e-04
[E363 i0025 STD] tot=7.5799 seg(log)=0.7427 seg(bw)=0.0000 vol=1.5850 cent=1.1990 t=5.00 lr=9.00e-04
[E363 i0050 EXP] tot=7.6452 seg(log)=0.6357 seg(bw)=0.0000 vol=1.6509 cent=1.1989 t=5.00 lr=9.00e-04
[E363 i0075 STD] tot=7.5843 seg(log)=0.6869 seg(bw)=0.0000 vol=1.5911 cent=1.1986 t=5.00 lr=9.00e-04
[E363 i0100 EXP] tot=7.6454 seg(log)=0.6439 seg(bw)=0.0000 vol=1.6518 cent=1.1987 t=5.00 lr=9.00e-04
[E363 i0125 STD] tot=7.5898 seg(log)=0.6943 seg(bw)=0.0000 vol=1.5973 cent=1.1985 t=5.00 lr=9.00e-04
[E363 i0150 EXP] tot=7.6465 seg(log)=0.6370 seg(bw)=0.0000 vol=1.6520 cent=1.1989 t=5.00 lr=9.00e-04
[E363 i0175 STD] tot=7.5828 seg(log)=0.7717 seg(bw)=0.0000 vol=1.5893 cent=1.1987 t=5.00 lr=9.00e-04
[E363] train tot=7.6147 seg(log)=0.6833 seg(bw)=0.0000 vol=1.6209 cent=1.1988 | val seg=0.7472 meanFGDice=0.5616 | best=0.5737 pat=13/100
[E364 i0000 EXP] tot=7.6435 seg(log)=0.6603 seg(bw)=0.0000 vol=1.6502 cent=1.1987 t=5.00 lr=9.00e-04
[E364 i0025 STD] tot=7.5827 seg(log)=0.7319 seg(bw)=0.0000 vol=1.5861 cent=1.1993 t=5.00 lr=9.00e-04
[E364 i0050 EXP] tot=7.6397 seg(log)=0.6718 seg(bw)=0.0000 vol=1.6445 cent=1.1991 t=5.00 lr=9.00e-04
[E364 i0075 STD] tot=7.5756 seg(log)=0.7416 seg(bw)=0.0000 vol=1.5807 cent=1.1990 t=5.00 lr=9.00e-04
[E364 i0100 EXP] tot=7.6476 seg(log)=0.6333 seg(bw)=0.0000 vol=1.6536 cent=1.1988 t=5.00 lr=9.00e-04
[E364 i0125 STD] tot=7.5709 seg(log)=0.7492 seg(bw)=0.0000 vol=1.5775 cent=1.1987 t=5.00 lr=9.00e-04
[E364 i0150 EXP] tot=7.6476 seg(log)=0.6262 seg(bw)=0.0000 vol=1.6551 cent=1.1985 t=5.00 lr=9.00e-04
[E364 i0175 STD] tot=7.5830 seg(log)=0.7047 seg(bw)=0.0000 vol=1.5903 cent=1.1986 t=5.00 lr=9.00e-04
[E364] train tot=7.6140 seg(log)=0.6874 seg(bw)=0.0000 vol=1.6202 cent=1.1988 | val seg=0.7252 meanFGDice=0.5688 | best=0.5737 pat=14/100
[E365 i0000 EXP] tot=7.6398 seg(log)=0.6694 seg(bw)=0.0000 vol=1.6461 cent=1.1987 t=5.00 lr=9.00e-04
[E365 i0025 STD] tot=7.5630 seg(log)=0.7731 seg(bw)=0.0000 vol=1.5679 cent=1.1990 t=5.00 lr=9.00e-04
[E365 i0050 EXP] tot=7.6395 seg(log)=0.6703 seg(bw)=0.0000 vol=1.6460 cent=1.1987 t=5.00 lr=9.00e-04
[E365 i0075 STD] tot=7.5722 seg(log)=0.7280 seg(bw)=0.0000 vol=1.5781 cent=1.1988 t=5.00 lr=9.00e-04
[E365 i0100 EXP] tot=7.6397 seg(log)=0.6686 seg(bw)=0.0000 vol=1.6468 cent=1.1986 t=5.00 lr=9.00e-04
[E365 i0125 STD] tot=7.5643 seg(log)=0.7521 seg(bw)=0.0000 vol=1.5713 cent=1.1986 t=5.00 lr=9.00e-04
[E365 i0150 EXP] tot=7.6492 seg(log)=0.6270 seg(bw)=0.0000 vol=1.6548 cent=1.1989 t=5.00 lr=9.00e-04
[E365 i0175 STD] tot=7.5719 seg(log)=0.7217 seg(bw)=0.0000 vol=1.5767 cent=1.1990 t=5.00 lr=9.00e-04
[E365] train tot=7.6153 seg(log)=0.6842 seg(bw)=0.0000 vol=1.6210 cent=1.1989 | val seg=0.7031 meanFGDice=0.5729 | best=0.5737 pat=15/100
[E366 i0000 EXP] tot=7.6405 seg(log)=0.6770 seg(bw)=0.0000 vol=1.6453 cent=1.1991 t=5.00 lr=9.00e-04
[E366 i0025 STD] tot=7.5843 seg(log)=0.7293 seg(bw)=0.0000 vol=1.5898 cent=1.1989 t=5.00 lr=9.00e-04
[E366 i0050 EXP] tot=7.6422 seg(log)=0.6627 seg(bw)=0.0000 vol=1.6496 cent=1.1985 t=5.00 lr=9.00e-04
[E366 i0075 STD] tot=7.5974 seg(log)=0.6902 seg(bw)=0.0000 vol=1.6040 cent=1.1987 t=5.00 lr=9.00e-04
[E366 i0100 EXP] tot=7.6385 seg(log)=0.6532 seg(bw)=0.0000 vol=1.6456 cent=1.1986 t=5.00 lr=9.00e-04
[E366 i0125 STD] tot=7.6084 seg(log)=0.6689 seg(bw)=0.0000 vol=1.6141 cent=1.1989 t=5.00 lr=9.00e-04
[E366 i0150 EXP] tot=7.6381 seg(log)=0.6774 seg(bw)=0.0000 vol=1.6449 cent=1.1986 t=5.00 lr=9.00e-04
[E366 i0175 STD] tot=7.5721 seg(log)=0.7733 seg(bw)=0.0000 vol=1.5721 cent=1.2000 t=5.00 lr=9.00e-04
[E366] train tot=7.6156 seg(log)=0.6856 seg(bw)=0.0000 vol=1.6209 cent=1.1989 | val seg=0.7206 meanFGDice=0.5645 | best=0.5737 pat=16/100
[E367 i0000 EXP] tot=7.6351 seg(log)=0.6978 seg(bw)=0.0000 vol=1.6421 cent=1.1986 t=5.00 lr=9.00e-04
[E367 i0025 STD] tot=7.5606 seg(log)=0.8729 seg(bw)=0.0000 vol=1.5620 cent=1.1997 t=5.00 lr=9.00e-04
[E367 i0050 EXP] tot=7.6464 seg(log)=0.6453 seg(bw)=0.0000 vol=1.6502 cent=1.1992 t=5.00 lr=9.00e-04
[E367 i0075 STD] tot=7.5772 seg(log)=0.7429 seg(bw)=0.0000 vol=1.5815 cent=1.1991 t=5.00 lr=9.00e-04
[E367 i0100 EXP] tot=7.6474 seg(log)=0.6473 seg(bw)=0.0000 vol=1.6522 cent=1.1990 t=5.00 lr=9.00e-04
[E367 i0125 STD] tot=7.5910 seg(log)=0.7179 seg(bw)=0.0000 vol=1.5970 cent=1.1988 t=5.00 lr=9.00e-04
[E367 i0150 EXP] tot=7.6415 seg(log)=0.6685 seg(bw)=0.0000 vol=1.6477 cent=1.1988 t=5.00 lr=9.00e-04
[E367 i0175 STD] tot=7.6013 seg(log)=0.6486 seg(bw)=0.0000 vol=1.6089 cent=1.1985 t=5.00 lr=9.00e-04
[E367] train tot=7.6154 seg(log)=0.6902 seg(bw)=0.0000 vol=1.6206 cent=1.1990 | val seg=0.7076 meanFGDice=0.5686 | best=0.5737 pat=17/100
[E368 i0000 EXP] tot=7.6440 seg(log)=0.6618 seg(bw)=0.0000 vol=1.6483 cent=1.1991 t=5.00 lr=9.00e-04
[E368 i0025 STD] tot=7.5741 seg(log)=0.7486 seg(bw)=0.0000 vol=1.5790 cent=1.1990 t=5.00 lr=9.00e-04
[E368 i0050 EXP] tot=7.6419 seg(log)=0.6601 seg(bw)=0.0000 vol=1.6492 cent=1.1985 t=5.00 lr=9.00e-04
[E368 i0075 STD] tot=7.5970 seg(log)=0.7072 seg(bw)=0.0000 vol=1.6024 cent=1.1989 t=5.00 lr=9.00e-04
[E368 i0100 EXP] tot=7.6540 seg(log)=0.6147 seg(bw)=0.0000 vol=1.6591 cent=1.1990 t=5.00 lr=9.00e-04
[E368 i0125 STD] tot=7.5868 seg(log)=0.6834 seg(bw)=0.0000 vol=1.5929 cent=1.1988 t=5.00 lr=9.00e-04
[E368 i0150 EXP] tot=7.6380 seg(log)=0.6728 seg(bw)=0.0000 vol=1.6446 cent=1.1987 t=5.00 lr=9.00e-04
[E368 i0175 STD] tot=7.5925 seg(log)=0.7015 seg(bw)=0.0000 vol=1.5989 cent=1.1987 t=5.00 lr=9.00e-04
[E368] train tot=7.6146 seg(log)=0.6827 seg(bw)=0.0000 vol=1.6203 cent=1.1989 | val seg=0.7117 meanFGDice=0.5682 | best=0.5737 pat=18/100
[E369 i0000 EXP] tot=7.6383 seg(log)=0.7026 seg(bw)=0.0000 vol=1.6449 cent=1.1987 t=5.00 lr=9.00e-04
[E369 i0025 STD] tot=7.5955 seg(log)=0.6745 seg(bw)=0.0000 vol=1.6016 cent=1.1988 t=5.00 lr=9.00e-04
[E369 i0050 EXP] tot=7.6544 seg(log)=0.6077 seg(bw)=0.0000 vol=1.6606 cent=1.1988 t=5.00 lr=9.00e-04
[E369 i0075 STD] tot=7.5851 seg(log)=0.6991 seg(bw)=0.0000 vol=1.5897 cent=1.1991 t=5.00 lr=9.00e-04
[E369 i0100 EXP] tot=7.6478 seg(log)=0.6330 seg(bw)=0.0000 vol=1.6544 cent=1.1987 t=5.00 lr=9.00e-04
[E369 i0125 STD] tot=7.5568 seg(log)=0.8815 seg(bw)=0.0000 vol=1.5605 cent=1.1993 t=5.00 lr=9.00e-04
[E369 i0150 EXP] tot=7.6385 seg(log)=0.6946 seg(bw)=0.0000 vol=1.6451 cent=1.1987 t=5.00 lr=9.00e-04
[E369 i0175 STD] tot=7.5789 seg(log)=0.7240 seg(bw)=0.0000 vol=1.5806 cent=1.1997 t=5.00 lr=9.00e-04
[E369] train tot=7.6145 seg(log)=0.6904 seg(bw)=0.0000 vol=1.6203 cent=1.1988 | val seg=0.7029 meanFGDice=0.5657 | best=0.5737 pat=19/100
[E370 i0000 EXP] tot=7.6522 seg(log)=0.6090 seg(bw)=0.0000 vol=1.6595 cent=1.1985 t=5.00 lr=9.00e-04
[E370 i0025 STD] tot=7.5566 seg(log)=0.8226 seg(bw)=0.0000 vol=1.5630 cent=1.1987 t=5.00 lr=9.00e-04
[E370 i0050 EXP] tot=7.6413 seg(log)=0.6520 seg(bw)=0.0000 vol=1.6471 cent=1.1988 t=5.00 lr=9.00e-04
[E370 i0075 STD] tot=7.5897 seg(log)=0.7485 seg(bw)=0.0000 vol=1.5961 cent=1.1987 t=5.00 lr=9.00e-04
[E370 i0100 EXP] tot=7.6483 seg(log)=0.6304 seg(bw)=0.0000 vol=1.6547 cent=1.1987 t=5.00 lr=9.00e-04
[E370 i0125 STD] tot=7.5921 seg(log)=0.7003 seg(bw)=0.0000 vol=1.5972 cent=1.1990 t=5.00 lr=9.00e-04
[E370 i0150 EXP] tot=7.6393 seg(log)=0.6862 seg(bw)=0.0000 vol=1.6461 cent=1.1986 t=5.00 lr=9.00e-04
[E370 i0175 STD] tot=7.5661 seg(log)=0.7647 seg(bw)=0.0000 vol=1.5726 cent=1.1987 t=5.00 lr=9.00e-04
[E370] train tot=7.6144 seg(log)=0.6913 seg(bw)=0.0000 vol=1.6202 cent=1.1988 | val seg=0.7148 meanFGDice=0.5637 | best=0.5737 pat=20/100
[E371 i0000 EXP] tot=7.6495 seg(log)=0.6441 seg(bw)=0.0000 vol=1.6560 cent=1.1987 t=5.00 lr=9.00e-04
[E371 i0025 STD] tot=7.5919 seg(log)=0.6921 seg(bw)=0.0000 vol=1.5980 cent=1.1988 t=5.00 lr=9.00e-04
[E371 i0050 EXP] tot=7.6381 seg(log)=0.6980 seg(bw)=0.0000 vol=1.6445 cent=1.1987 t=5.00 lr=9.00e-04
[E371 i0075 STD] tot=7.6013 seg(log)=0.6693 seg(bw)=0.0000 vol=1.6032 cent=1.1996 t=5.00 lr=9.00e-04
[E371 i0100 EXP] tot=7.6444 seg(log)=0.6572 seg(bw)=0.0000 vol=1.6507 cent=1.1987 t=5.00 lr=9.00e-04
[E371 i0125 STD] tot=7.5829 seg(log)=0.7182 seg(bw)=0.0000 vol=1.5879 cent=1.1990 t=5.00 lr=9.00e-04
[E371 i0150 EXP] tot=7.6465 seg(log)=0.6486 seg(bw)=0.0000 vol=1.6502 cent=1.1993 t=5.00 lr=9.00e-04
[E371 i0175 STD] tot=7.5764 seg(log)=0.7412 seg(bw)=0.0000 vol=1.5797 cent=1.1993 t=5.00 lr=9.00e-04
[E371] train tot=7.6156 seg(log)=0.6909 seg(bw)=0.0000 vol=1.6210 cent=1.1989 | val seg=0.7059 meanFGDice=0.5840 | best=0.5840 pat=0/100
[E372 i0000 EXP] tot=7.6483 seg(log)=0.6242 seg(bw)=0.0000 vol=1.6553 cent=1.1986 t=5.00 lr=9.00e-04
[E372 i0025 STD] tot=7.5850 seg(log)=0.7196 seg(bw)=0.0000 vol=1.5909 cent=1.1988 t=5.00 lr=9.00e-04
[E372 i0050 EXP] tot=7.6437 seg(log)=0.6909 seg(bw)=0.0000 vol=1.6502 cent=1.1987 t=5.00 lr=9.00e-04
[E372 i0075 STD] tot=7.5732 seg(log)=0.7610 seg(bw)=0.0000 vol=1.5771 cent=1.1992 t=5.00 lr=9.00e-04
[E372 i0100 EXP] tot=7.6476 seg(log)=0.6404 seg(bw)=0.0000 vol=1.6542 cent=1.1987 t=5.00 lr=9.00e-04
[E372 i0125 STD] tot=7.5753 seg(log)=0.7254 seg(bw)=0.0000 vol=1.5813 cent=1.1988 t=5.00 lr=9.00e-04
[E372 i0150 EXP] tot=7.6437 seg(log)=0.6700 seg(bw)=0.0000 vol=1.6472 cent=1.1993 t=5.00 lr=9.00e-04
[E372 i0175 STD] tot=7.5657 seg(log)=0.7205 seg(bw)=0.0000 vol=1.5714 cent=1.1988 t=5.00 lr=9.00e-04
[E372] train tot=7.6159 seg(log)=0.6911 seg(bw)=0.0000 vol=1.6205 cent=1.1991 | val seg=0.7164 meanFGDice=0.5629 | best=0.5840 pat=1/100
[E373 i0000 EXP] tot=7.6386 seg(log)=0.6953 seg(bw)=0.0000 vol=1.6443 cent=1.1989 t=5.00 lr=9.00e-04
[E373 i0025 STD] tot=7.5793 seg(log)=0.7528 seg(bw)=0.0000 vol=1.5856 cent=1.1987 t=5.00 lr=9.00e-04
[E373 i0050 EXP] tot=7.6435 seg(log)=0.6806 seg(bw)=0.0000 vol=1.6473 cent=1.1993 t=5.00 lr=9.00e-04
[E373 i0075 STD] tot=7.5862 seg(log)=0.7080 seg(bw)=0.0000 vol=1.5889 cent=1.1995 t=5.00 lr=9.00e-04
[E373 i0100 EXP] tot=7.6380 seg(log)=0.7152 seg(bw)=0.0000 vol=1.6418 cent=1.1992 t=5.00 lr=9.00e-04
[E373 i0125 STD] tot=7.5763 seg(log)=0.7127 seg(bw)=0.0000 vol=1.5794 cent=1.1994 t=5.00 lr=9.00e-04
[E373 i0150 EXP] tot=7.6400 seg(log)=0.6831 seg(bw)=0.0000 vol=1.6461 cent=1.1988 t=5.00 lr=9.00e-04
[E373 i0175 STD] tot=7.5995 seg(log)=0.6899 seg(bw)=0.0000 vol=1.6054 cent=1.1988 t=5.00 lr=9.00e-04
[E373] train tot=7.6156 seg(log)=0.6893 seg(bw)=0.0000 vol=1.6209 cent=1.1989 | val seg=0.7349 meanFGDice=0.5695 | best=0.5840 pat=2/100
[E374 i0000 EXP] tot=7.6514 seg(log)=0.6287 seg(bw)=0.0000 vol=1.6572 cent=1.1988 t=5.00 lr=9.00e-04
[E374 i0025 STD] tot=7.5819 seg(log)=0.6771 seg(bw)=0.0000 vol=1.5873 cent=1.1989 t=5.00 lr=9.00e-04
[E374 i0050 EXP] tot=7.6508 seg(log)=0.6288 seg(bw)=0.0000 vol=1.6561 cent=1.1989 t=5.00 lr=9.00e-04
[E374 i0075 STD] tot=7.5681 seg(log)=0.8326 seg(bw)=0.0000 vol=1.5704 cent=1.1995 t=5.00 lr=9.00e-04
[E374 i0100 EXP] tot=7.6456 seg(log)=0.6629 seg(bw)=0.0000 vol=1.6500 cent=1.1991 t=5.00 lr=9.00e-04
[E374 i0125 STD] tot=7.5796 seg(log)=0.7476 seg(bw)=0.0000 vol=1.5849 cent=1.1989 t=5.00 lr=9.00e-04
[E374 i0150 EXP] tot=7.6474 seg(log)=0.6453 seg(bw)=0.0000 vol=1.6545 cent=1.1986 t=5.00 lr=9.00e-04
[E374 i0175 STD] tot=7.5948 seg(log)=0.7144 seg(bw)=0.0000 vol=1.6014 cent=1.1987 t=5.00 lr=9.00e-04
[E374] train tot=7.6156 seg(log)=0.6945 seg(bw)=0.0000 vol=1.6207 cent=1.1990 | val seg=0.7270 meanFGDice=0.5621 | best=0.5840 pat=3/100
[E375 i0000 EXP] tot=7.6442 seg(log)=0.6562 seg(bw)=0.0000 vol=1.6511 cent=1.1986 t=5.00 lr=9.00e-04
[E375 i0025 STD] tot=7.5580 seg(log)=0.7502 seg(bw)=0.0000 vol=1.5636 cent=1.1989 t=5.00 lr=9.00e-04
[E375 i0050 EXP] tot=7.6531 seg(log)=0.6168 seg(bw)=0.0000 vol=1.6588 cent=1.1989 t=5.00 lr=9.00e-04
[E375 i0075 STD] tot=7.5948 seg(log)=0.6922 seg(bw)=0.0000 vol=1.5975 cent=1.1994 t=5.00 lr=9.00e-04
[E375 i0100 EXP] tot=7.6439 seg(log)=0.6531 seg(bw)=0.0000 vol=1.6504 cent=1.1987 t=5.00 lr=9.00e-04
[E375 i0125 STD] tot=7.5767 seg(log)=0.7504 seg(bw)=0.0000 vol=1.5826 cent=1.1988 t=5.00 lr=9.00e-04
[E375 i0150 EXP] tot=7.6409 seg(log)=0.6724 seg(bw)=0.0000 vol=1.6480 cent=1.1986 t=5.00 lr=9.00e-04
[E375 i0175 STD] tot=7.5905 seg(log)=0.7311 seg(bw)=0.0000 vol=1.5949 cent=1.1991 t=5.00 lr=9.00e-04
[E375] train tot=7.6154 seg(log)=0.6947 seg(bw)=0.0000 vol=1.6207 cent=1.1989 | val seg=0.7519 meanFGDice=0.5598 | best=0.5840 pat=4/100
[E376 i0000 EXP] tot=7.6432 seg(log)=0.6668 seg(bw)=0.0000 vol=1.6499 cent=1.1987 t=5.00 lr=9.00e-04
[E376 i0025 STD] tot=7.5760 seg(log)=0.7613 seg(bw)=0.0000 vol=1.5795 cent=1.1993 t=5.00 lr=9.00e-04
[E376 i0050 EXP] tot=7.6496 seg(log)=0.6169 seg(bw)=0.0000 vol=1.6556 cent=1.1988 t=5.00 lr=9.00e-04
[E376 i0075 STD] tot=7.5842 seg(log)=0.6871 seg(bw)=0.0000 vol=1.5903 cent=1.1988 t=5.00 lr=9.00e-04
[E376 i0100 EXP] tot=7.6425 seg(log)=0.6707 seg(bw)=0.0000 vol=1.6480 cent=1.1989 t=5.00 lr=9.00e-04
[E376 i0125 STD] tot=7.5791 seg(log)=0.7064 seg(bw)=0.0000 vol=1.5844 cent=1.1989 t=5.00 lr=9.00e-04
[E376 i0150 EXP] tot=7.6429 seg(log)=0.6604 seg(bw)=0.0000 vol=1.6491 cent=1.1988 t=5.00 lr=9.00e-04
[E376 i0175 STD] tot=7.5850 seg(log)=0.7281 seg(bw)=0.0000 vol=1.5910 cent=1.1988 t=5.00 lr=9.00e-04
[E376] train tot=7.6154 seg(log)=0.6875 seg(bw)=0.0000 vol=1.6207 cent=1.1989 | val seg=0.7227 meanFGDice=0.5686 | best=0.5840 pat=5/100
[E377 i0000 EXP] tot=7.6400 seg(log)=0.6686 seg(bw)=0.0000 vol=1.6456 cent=1.1989 t=5.00 lr=9.00e-04
[E377 i0025 STD] tot=7.5637 seg(log)=0.7656 seg(bw)=0.0000 vol=1.5684 cent=1.1991 t=5.00 lr=9.00e-04
[E377 i0050 EXP] tot=7.6499 seg(log)=0.6403 seg(bw)=0.0000 vol=1.6553 cent=1.1989 t=5.00 lr=9.00e-04
[E377 i0075 STD] tot=7.5897 seg(log)=0.6810 seg(bw)=0.0000 vol=1.5946 cent=1.1990 t=5.00 lr=9.00e-04
[E377 i0100 EXP] tot=7.6480 seg(log)=0.6268 seg(bw)=0.0000 vol=1.6549 cent=1.1986 t=5.00 lr=9.00e-04
[E377 i0125 STD] tot=7.5871 seg(log)=0.7561 seg(bw)=0.0000 vol=1.5913 cent=1.1991 t=5.00 lr=9.00e-04
[E377 i0150 EXP] tot=7.6484 seg(log)=0.6262 seg(bw)=0.0000 vol=1.6544 cent=1.1988 t=5.00 lr=9.00e-04
[E377 i0175 STD] tot=7.5932 seg(log)=0.7315 seg(bw)=0.0000 vol=1.6005 cent=1.1985 t=5.00 lr=9.00e-04
[E377] train tot=7.6147 seg(log)=0.6882 seg(bw)=0.0000 vol=1.6203 cent=1.1989 | val seg=0.7462 meanFGDice=0.5631 | best=0.5840 pat=6/100
[E378 i0000 EXP] tot=7.6481 seg(log)=0.6386 seg(bw)=0.0000 vol=1.6529 cent=1.1990 t=5.00 lr=9.00e-04
[E378 i0025 STD] tot=7.5739 seg(log)=0.7433 seg(bw)=0.0000 vol=1.5798 cent=1.1988 t=5.00 lr=9.00e-04
[E378 i0050 EXP] tot=7.6500 seg(log)=0.6198 seg(bw)=0.0000 vol=1.6553 cent=1.1989 t=5.00 lr=9.00e-04
[E378 i0075 STD] tot=7.5860 seg(log)=0.7302 seg(bw)=0.0000 vol=1.5903 cent=1.1992 t=5.00 lr=9.00e-04
[E378 i0100 EXP] tot=7.6521 seg(log)=0.6015 seg(bw)=0.0000 vol=1.6581 cent=1.1988 t=5.00 lr=9.00e-04
[E378 i0125 STD] tot=7.5881 seg(log)=0.7123 seg(bw)=0.0000 vol=1.5937 cent=1.1989 t=5.00 lr=9.00e-04
[E378 i0150 EXP] tot=7.6436 seg(log)=0.6613 seg(bw)=0.0000 vol=1.6494 cent=1.1988 t=5.00 lr=9.00e-04
[E378 i0175 STD] tot=7.6027 seg(log)=0.6920 seg(bw)=0.0000 vol=1.6084 cent=1.1989 t=5.00 lr=9.00e-04
[E378] train tot=7.6150 seg(log)=0.6845 seg(bw)=0.0000 vol=1.6204 cent=1.1989 | val seg=0.7349 meanFGDice=0.5700 | best=0.5840 pat=7/100
[E379 i0000 EXP] tot=7.6513 seg(log)=0.6223 seg(bw)=0.0000 vol=1.6582 cent=1.1986 t=5.00 lr=9.00e-04
[E379 i0025 STD] tot=7.5591 seg(log)=0.7907 seg(bw)=0.0000 vol=1.5617 cent=1.1995 t=5.00 lr=9.00e-04
[E379 i0050 EXP] tot=7.6308 seg(log)=0.7541 seg(bw)=0.0000 vol=1.6368 cent=1.1988 t=5.00 lr=9.00e-04
[E379 i0075 STD] tot=7.5802 seg(log)=0.7304 seg(bw)=0.0000 vol=1.5864 cent=1.1988 t=5.00 lr=9.00e-04
[E379 i0100 EXP] tot=7.6389 seg(log)=0.7027 seg(bw)=0.0000 vol=1.6443 cent=1.1989 t=5.00 lr=9.00e-04
[E379 i0125 STD] tot=7.5872 seg(log)=0.7098 seg(bw)=0.0000 vol=1.5920 cent=1.1991 t=5.00 lr=9.00e-04
[E379 i0150 EXP] tot=7.6476 seg(log)=0.6331 seg(bw)=0.0000 vol=1.6534 cent=1.1988 t=5.00 lr=9.00e-04
[E379 i0175 STD] tot=7.5811 seg(log)=0.6841 seg(bw)=0.0000 vol=1.5879 cent=1.1986 t=5.00 lr=9.00e-04
[E379] train tot=7.6150 seg(log)=0.6908 seg(bw)=0.0000 vol=1.6204 cent=1.1989 | val seg=0.7087 meanFGDice=0.5721 | best=0.5840 pat=8/100
[E380 i0000 EXP] tot=7.6363 seg(log)=0.6978 seg(bw)=0.0000 vol=1.6416 cent=1.1989 t=5.00 lr=9.00e-04
[E380 i0025 STD] tot=7.5900 seg(log)=0.7072 seg(bw)=0.0000 vol=1.5967 cent=1.1987 t=5.00 lr=9.00e-04
[E380 i0050 EXP] tot=7.6418 seg(log)=0.6672 seg(bw)=0.0000 vol=1.6473 cent=1.1989 t=5.00 lr=9.00e-04
[E380 i0075 STD] tot=7.6038 seg(log)=0.6749 seg(bw)=0.0000 vol=1.6095 cent=1.1989 t=5.00 lr=9.00e-04
[E380 i0100 EXP] tot=7.6475 seg(log)=0.6263 seg(bw)=0.0000 vol=1.6537 cent=1.1988 t=5.00 lr=9.00e-04
[E380 i0125 STD] tot=7.5962 seg(log)=0.6734 seg(bw)=0.0000 vol=1.5997 cent=1.1993 t=5.00 lr=9.00e-04
[E380 i0150 EXP] tot=7.6521 seg(log)=0.6130 seg(bw)=0.0000 vol=1.6584 cent=1.1987 t=5.00 lr=9.00e-04
[E380 i0175 STD] tot=7.5940 seg(log)=0.7159 seg(bw)=0.0000 vol=1.5989 cent=1.1990 t=5.00 lr=9.00e-04
[E380] train tot=7.6148 seg(log)=0.6812 seg(bw)=0.0000 vol=1.6202 cent=1.1989 | val seg=0.7260 meanFGDice=0.5570 | best=0.5840 pat=9/100
[E381 i0000 EXP] tot=7.6484 seg(log)=0.6506 seg(bw)=0.0000 vol=1.6526 cent=1.1992 t=5.00 lr=9.00e-04
[E381 i0025 STD] tot=7.5770 seg(log)=0.7413 seg(bw)=0.0000 vol=1.5804 cent=1.1993 t=5.00 lr=9.00e-04
[E381 i0050 EXP] tot=7.6482 seg(log)=0.6402 seg(bw)=0.0000 vol=1.6540 cent=1.1988 t=5.00 lr=9.00e-04
[E381 i0075 STD] tot=7.5872 seg(log)=0.7208 seg(bw)=0.0000 vol=1.5933 cent=1.1988 t=5.00 lr=9.00e-04
[E381 i0100 EXP] tot=7.6510 seg(log)=0.6862 seg(bw)=0.0000 vol=1.6471 cent=1.2008 t=5.00 lr=9.00e-04
[E381 i0125 STD] tot=7.6047 seg(log)=0.6687 seg(bw)=0.0000 vol=1.6106 cent=1.1988 t=5.00 lr=9.00e-04
[E381 i0150 EXP] tot=7.6506 seg(log)=0.6165 seg(bw)=0.0000 vol=1.6581 cent=1.1985 t=5.00 lr=9.00e-04
[E381 i0175 STD] tot=7.5782 seg(log)=0.7410 seg(bw)=0.0000 vol=1.5805 cent=1.1995 t=5.00 lr=9.00e-04
[E381] train tot=7.6154 seg(log)=0.6847 seg(bw)=0.0000 vol=1.6204 cent=1.1990 | val seg=0.6942 meanFGDice=0.5845 | best=0.5845 pat=0/100
[E382 i0000 EXP] tot=7.6406 seg(log)=0.6756 seg(bw)=0.0000 vol=1.6463 cent=1.1988 t=5.00 lr=9.00e-04
[E382 i0025 STD] tot=7.5935 seg(log)=0.7189 seg(bw)=0.0000 vol=1.5879 cent=1.2011 t=5.00 lr=9.00e-04
[E382 i0050 EXP] tot=7.6410 seg(log)=0.6646 seg(bw)=0.0000 vol=1.6460 cent=1.1990 t=5.00 lr=9.00e-04
[E382 i0075 STD] tot=7.5740 seg(log)=0.7547 seg(bw)=0.0000 vol=1.5788 cent=1.1990 t=5.00 lr=9.00e-04
[E382 i0100 EXP] tot=7.6474 seg(log)=0.6650 seg(bw)=0.0000 vol=1.6526 cent=1.1990 t=5.00 lr=9.00e-04
[E382 i0125 STD] tot=7.5820 seg(log)=0.7136 seg(bw)=0.0000 vol=1.5869 cent=1.1990 t=5.00 lr=9.00e-04
[E382 i0150 EXP] tot=7.6687 seg(log)=0.7457 seg(bw)=0.0000 vol=1.6495 cent=1.2038 t=5.00 lr=9.00e-04
[E382 i0175 STD] tot=7.6125 seg(log)=0.8922 seg(bw)=0.0000 vol=1.6015 cent=1.2022 t=5.00 lr=9.00e-04
[E382] train tot=7.6182 seg(log)=0.6999 seg(bw)=0.0000 vol=1.6202 cent=1.1996 | val seg=1.0173 meanFGDice=0.5390 | best=0.5845 pat=1/100
[E383 i0000 EXP] tot=7.6531 seg(log)=0.8979 seg(bw)=0.0000 vol=1.6420 cent=1.2022 t=5.00 lr=9.00e-04
[E383 i0025 STD] tot=7.6090 seg(log)=0.7410 seg(bw)=0.0000 vol=1.5968 cent=1.2024 t=5.00 lr=9.00e-04
[E383 i0050 EXP] tot=7.6581 seg(log)=0.6585 seg(bw)=0.0000 vol=1.6545 cent=1.2007 t=5.00 lr=9.00e-04
[E383 i0075 STD] tot=7.5648 seg(log)=0.8275 seg(bw)=0.0000 vol=1.5655 cent=1.1999 t=5.00 lr=9.00e-04
[E383 i0100 EXP] tot=7.6467 seg(log)=0.6776 seg(bw)=0.0000 vol=1.6487 cent=1.1996 t=5.00 lr=9.00e-04
[E383 i0125 STD] tot=7.5897 seg(log)=0.7043 seg(bw)=0.0000 vol=1.5914 cent=1.1997 t=5.00 lr=9.00e-04
[E383 i0150 EXP] tot=7.6536 seg(log)=0.6144 seg(bw)=0.0000 vol=1.6576 cent=1.1992 t=5.00 lr=9.00e-04
[E383 i0175 STD] tot=7.5852 seg(log)=0.7231 seg(bw)=0.0000 vol=1.5852 cent=1.2000 t=5.00 lr=9.00e-04
[E383] train tot=7.6211 seg(log)=0.6983 seg(bw)=0.0000 vol=1.6210 cent=1.2000 | val seg=0.7029 meanFGDice=0.5805 | best=0.5845 pat=2/100
[E384 i0000 EXP] tot=7.6469 seg(log)=0.6167 seg(bw)=0.0000 vol=1.6527 cent=1.1988 t=5.00 lr=9.00e-04
[E384 i0025 STD] tot=7.5857 seg(log)=0.7137 seg(bw)=0.0000 vol=1.5885 cent=1.1994 t=5.00 lr=9.00e-04
[E384 i0050 EXP] tot=7.6513 seg(log)=0.6539 seg(bw)=0.0000 vol=1.6517 cent=1.1999 t=5.00 lr=9.00e-04
[E384 i0075 STD] tot=7.5743 seg(log)=0.6998 seg(bw)=0.0000 vol=1.5777 cent=1.1993 t=5.00 lr=9.00e-04
[E384 i0100 EXP] tot=7.6518 seg(log)=0.6059 seg(bw)=0.0000 vol=1.6572 cent=1.1989 t=5.00 lr=9.00e-04
[E384 i0125 STD] tot=7.5917 seg(log)=0.7195 seg(bw)=0.0000 vol=1.5973 cent=1.1989 t=5.00 lr=9.00e-04
[E384 i0150 EXP] tot=7.6401 seg(log)=0.6680 seg(bw)=0.0000 vol=1.6463 cent=1.1988 t=5.00 lr=9.00e-04
[E384 i0175 STD] tot=7.5841 seg(log)=0.7114 seg(bw)=0.0000 vol=1.5901 cent=1.1988 t=5.00 lr=9.00e-04
[E384] train tot=7.6163 seg(log)=0.6751 seg(bw)=0.0000 vol=1.6206 cent=1.1991 | val seg=0.7153 meanFGDice=0.5766 | best=0.5845 pat=3/100
[E385 i0000 EXP] tot=7.6466 seg(log)=0.6340 seg(bw)=0.0000 vol=1.6534 cent=1.1986 t=5.00 lr=9.00e-04
[E385 i0025 STD] tot=7.5923 seg(log)=0.7192 seg(bw)=0.0000 vol=1.5985 cent=1.1988 t=5.00 lr=9.00e-04
[E385 i0050 EXP] tot=7.6505 seg(log)=0.6190 seg(bw)=0.0000 vol=1.6565 cent=1.1988 t=5.00 lr=9.00e-04
[E385 i0075 STD] tot=7.5899 seg(log)=0.7195 seg(bw)=0.0000 vol=1.5959 cent=1.1988 t=5.00 lr=9.00e-04
[E385 i0100 EXP] tot=7.6435 seg(log)=0.6470 seg(bw)=0.0000 vol=1.6501 cent=1.1987 t=5.00 lr=9.00e-04
[E385 i0125 STD] tot=7.5856 seg(log)=0.7133 seg(bw)=0.0000 vol=1.5906 cent=1.1990 t=5.00 lr=9.00e-04
[E385 i0150 EXP] tot=7.6390 seg(log)=0.6717 seg(bw)=0.0000 vol=1.6451 cent=1.1988 t=5.00 lr=9.00e-04
[E385 i0175 STD] tot=7.5822 seg(log)=0.7179 seg(bw)=0.0000 vol=1.5869 cent=1.1991 t=5.00 lr=9.00e-04
[E385] train tot=7.6152 seg(log)=0.6842 seg(bw)=0.0000 vol=1.6207 cent=1.1989 | val seg=0.7077 meanFGDice=0.5739 | best=0.5845 pat=4/100
[E386 i0000 EXP] tot=7.6431 seg(log)=0.6472 seg(bw)=0.0000 vol=1.6505 cent=1.1985 t=5.00 lr=9.00e-04
[E386 i0025 STD] tot=7.5665 seg(log)=0.7149 seg(bw)=0.0000 vol=1.5728 cent=1.1987 t=5.00 lr=9.00e-04
[E386 i0050 EXP] tot=7.6372 seg(log)=0.6820 seg(bw)=0.0000 vol=1.6435 cent=1.1988 t=5.00 lr=9.00e-04
[E386 i0075 STD] tot=7.5889 seg(log)=0.7278 seg(bw)=0.0000 vol=1.5891 cent=1.2000 t=5.00 lr=9.00e-04
[E386 i0100 EXP] tot=7.6489 seg(log)=0.6309 seg(bw)=0.0000 vol=1.6554 cent=1.1987 t=5.00 lr=9.00e-04
[E386 i0125 STD] tot=7.5690 seg(log)=0.7243 seg(bw)=0.0000 vol=1.5752 cent=1.1988 t=5.00 lr=9.00e-04
[E386 i0150 EXP] tot=7.6431 seg(log)=0.6546 seg(bw)=0.0000 vol=1.6503 cent=1.1986 t=5.00 lr=9.00e-04
[E386 i0175 STD] tot=7.6068 seg(log)=0.6601 seg(bw)=0.0000 vol=1.6139 cent=1.1986 t=5.00 lr=9.00e-04
[E386] train tot=7.6145 seg(log)=0.6763 seg(bw)=0.0000 vol=1.6204 cent=1.1988 | val seg=0.6906 meanFGDice=0.5756 | best=0.5845 pat=5/100
[E387 i0000 EXP] tot=7.6487 seg(log)=0.6329 seg(bw)=0.0000 vol=1.6537 cent=1.1990 t=5.00 lr=9.00e-04
[E387 i0025 STD] tot=7.5936 seg(log)=0.7100 seg(bw)=0.0000 vol=1.5990 cent=1.1989 t=5.00 lr=9.00e-04
[E387 i0050 EXP] tot=7.6421 seg(log)=0.6843 seg(bw)=0.0000 vol=1.6485 cent=1.1987 t=5.00 lr=9.00e-04
[E387 i0075 STD] tot=7.5629 seg(log)=0.7294 seg(bw)=0.0000 vol=1.5696 cent=1.1987 t=5.00 lr=9.00e-04
[E387 i0100 EXP] tot=7.6449 seg(log)=0.6594 seg(bw)=0.0000 vol=1.6508 cent=1.1988 t=5.00 lr=9.00e-04
[E387 i0125 STD] tot=7.5684 seg(log)=0.7660 seg(bw)=0.0000 vol=1.5702 cent=1.1996 t=5.00 lr=9.00e-04
[E387 i0150 EXP] tot=7.6431 seg(log)=0.6542 seg(bw)=0.0000 vol=1.6504 cent=1.1985 t=5.00 lr=9.00e-04
[E387 i0175 STD] tot=7.5867 seg(log)=0.6953 seg(bw)=0.0000 vol=1.5938 cent=1.1986 t=5.00 lr=9.00e-04
[E387] train tot=7.6145 seg(log)=0.6889 seg(bw)=0.0000 vol=1.6207 cent=1.1988 | val seg=0.7319 meanFGDice=0.5685 | best=0.5845 pat=6/100
[E388 i0000 EXP] tot=7.6459 seg(log)=0.6484 seg(bw)=0.0000 vol=1.6529 cent=1.1986 t=5.00 lr=9.00e-04
[E388 i0025 STD] tot=7.5838 seg(log)=0.7260 seg(bw)=0.0000 vol=1.5871 cent=1.1993 t=5.00 lr=9.00e-04
[E388 i0050 EXP] tot=7.6471 seg(log)=0.6487 seg(bw)=0.0000 vol=1.6536 cent=1.1987 t=5.00 lr=9.00e-04
[E388 i0075 STD] tot=7.5975 seg(log)=0.7104 seg(bw)=0.0000 vol=1.6027 cent=1.1990 t=5.00 lr=9.00e-04
[E388 i0100 EXP] tot=7.6445 seg(log)=0.6271 seg(bw)=0.0000 vol=1.6519 cent=1.1985 t=5.00 lr=9.00e-04
[E388 i0125 STD] tot=7.5779 seg(log)=0.7186 seg(bw)=0.0000 vol=1.5846 cent=1.1987 t=5.00 lr=9.00e-04
[E388 i0150 EXP] tot=7.6313 seg(log)=0.6987 seg(bw)=0.0000 vol=1.6382 cent=1.1986 t=5.00 lr=9.00e-04
[E388 i0175 STD] tot=7.5828 seg(log)=0.7218 seg(bw)=0.0000 vol=1.5897 cent=1.1986 t=5.00 lr=9.00e-04
[E388] train tot=7.6142 seg(log)=0.6799 seg(bw)=0.0000 vol=1.6206 cent=1.1987 | val seg=0.6980 meanFGDice=0.5779 | best=0.5845 pat=7/100
[E389 i0000 EXP] tot=7.6365 seg(log)=0.6819 seg(bw)=0.0000 vol=1.6431 cent=1.1987 t=5.00 lr=9.00e-04
[E389 i0025 STD] tot=7.5904 seg(log)=0.6752 seg(bw)=0.0000 vol=1.5964 cent=1.1988 t=5.00 lr=9.00e-04
[E389 i0050 EXP] tot=7.6396 seg(log)=0.6595 seg(bw)=0.0000 vol=1.6465 cent=1.1986 t=5.00 lr=9.00e-04
[E389 i0075 STD] tot=7.5642 seg(log)=0.7401 seg(bw)=0.0000 vol=1.5711 cent=1.1986 t=5.00 lr=9.00e-04
[E389 i0100 EXP] tot=7.6468 seg(log)=0.6285 seg(bw)=0.0000 vol=1.6545 cent=1.1985 t=5.00 lr=9.00e-04
[E389 i0125 STD] tot=7.5893 seg(log)=0.7179 seg(bw)=0.0000 vol=1.5963 cent=1.1986 t=5.00 lr=9.00e-04
[E389 i0150 EXP] tot=7.6492 seg(log)=0.6352 seg(bw)=0.0000 vol=1.6549 cent=1.1988 t=5.00 lr=9.00e-04
[E389 i0175 STD] tot=7.5770 seg(log)=0.7107 seg(bw)=0.0000 vol=1.5829 cent=1.1988 t=5.00 lr=9.00e-04
[E389] train tot=7.6147 seg(log)=0.6818 seg(bw)=0.0000 vol=1.6209 cent=1.1988 | val seg=0.7002 meanFGDice=0.5792 | best=0.5845 pat=8/100
[E390 i0000 EXP] tot=7.6419 seg(log)=0.6753 seg(bw)=0.0000 vol=1.6467 cent=1.1990 t=5.00 lr=9.00e-04
[E390 i0025 STD] tot=7.5748 seg(log)=0.7377 seg(bw)=0.0000 vol=1.5821 cent=1.1985 t=5.00 lr=9.00e-04
[E390 i0050 EXP] tot=7.6484 seg(log)=0.6259 seg(bw)=0.0000 vol=1.6549 cent=1.1987 t=5.00 lr=9.00e-04
[E390 i0075 STD] tot=7.5741 seg(log)=0.7316 seg(bw)=0.0000 vol=1.5783 cent=1.1992 t=5.00 lr=9.00e-04
[E390 i0100 EXP] tot=7.6439 seg(log)=0.6646 seg(bw)=0.0000 vol=1.6505 cent=1.1987 t=5.00 lr=9.00e-04
[E390 i0125 STD] tot=7.5926 seg(log)=0.7111 seg(bw)=0.0000 vol=1.5953 cent=1.1995 t=5.00 lr=9.00e-04
[E390 i0150 EXP] tot=7.6494 seg(log)=0.6364 seg(bw)=0.0000 vol=1.6564 cent=1.1986 t=5.00 lr=9.00e-04
[E390 i0175 STD] tot=7.5863 seg(log)=0.6806 seg(bw)=0.0000 vol=1.5918 cent=1.1989 t=5.00 lr=9.00e-04
[E390] train tot=7.6146 seg(log)=0.6818 seg(bw)=0.0000 vol=1.6206 cent=1.1988 | val seg=0.7018 meanFGDice=0.5744 | best=0.5845 pat=9/100
[E391 i0000 EXP] tot=7.6427 seg(log)=0.6729 seg(bw)=0.0000 vol=1.6480 cent=1.1989 t=5.00 lr=9.00e-04
[E391 i0025 STD] tot=7.5849 seg(log)=0.6907 seg(bw)=0.0000 vol=1.5887 cent=1.1992 t=5.00 lr=9.00e-04
[E391 i0050 EXP] tot=7.6503 seg(log)=0.6263 seg(bw)=0.0000 vol=1.6572 cent=1.1986 t=5.00 lr=9.00e-04
[E391 i0075 STD] tot=7.5812 seg(log)=0.7180 seg(bw)=0.0000 vol=1.5876 cent=1.1987 t=5.00 lr=9.00e-04
[E391 i0100 EXP] tot=7.6401 seg(log)=0.6832 seg(bw)=0.0000 vol=1.6466 cent=1.1987 t=5.00 lr=9.00e-04
[E391 i0125 STD] tot=7.6157 seg(log)=0.6527 seg(bw)=0.0000 vol=1.6166 cent=1.1998 t=5.00 lr=9.00e-04
[E391 i0150 EXP] tot=7.6380 seg(log)=0.6696 seg(bw)=0.0000 vol=1.6446 cent=1.1987 t=5.00 lr=9.00e-04
[E391 i0175 STD] tot=7.5848 seg(log)=0.6922 seg(bw)=0.0000 vol=1.5907 cent=1.1988 t=5.00 lr=9.00e-04
[E391] train tot=7.6146 seg(log)=0.6813 seg(bw)=0.0000 vol=1.6206 cent=1.1988 | val seg=0.7120 meanFGDice=0.5709 | best=0.5845 pat=10/100
[E392 i0000 EXP] tot=7.6486 seg(log)=0.6337 seg(bw)=0.0000 vol=1.6557 cent=1.1986 t=5.00 lr=9.00e-04
[E392 i0025 STD] tot=7.5903 seg(log)=0.6888 seg(bw)=0.0000 vol=1.5963 cent=1.1988 t=5.00 lr=9.00e-04
[E392 i0050 EXP] tot=7.6426 seg(log)=0.6715 seg(bw)=0.0000 vol=1.6492 cent=1.1987 t=5.00 lr=9.00e-04
[E392 i0075 STD] tot=7.5732 seg(log)=0.7123 seg(bw)=0.0000 vol=1.5789 cent=1.1989 t=5.00 lr=9.00e-04
[E392 i0100 EXP] tot=7.6496 seg(log)=0.6271 seg(bw)=0.0000 vol=1.6567 cent=1.1986 t=5.00 lr=9.00e-04
[E392 i0125 STD] tot=7.5777 seg(log)=0.7028 seg(bw)=0.0000 vol=1.5841 cent=1.1987 t=5.00 lr=9.00e-04
[E392 i0150 EXP] tot=7.6445 seg(log)=0.6531 seg(bw)=0.0000 vol=1.6514 cent=1.1986 t=5.00 lr=9.00e-04
[E392 i0175 STD] tot=7.5930 seg(log)=0.7057 seg(bw)=0.0000 vol=1.5963 cent=1.1993 t=5.00 lr=9.00e-04
[E392] train tot=7.6147 seg(log)=0.6799 seg(bw)=0.0000 vol=1.6207 cent=1.1988 | val seg=0.7294 meanFGDice=0.5667 | best=0.5845 pat=11/100
[E393 i0000 EXP] tot=7.6413 seg(log)=0.6603 seg(bw)=0.0000 vol=1.6483 cent=1.1986 t=5.00 lr=9.00e-04
[E393 i0025 STD] tot=7.5906 seg(log)=0.6972 seg(bw)=0.0000 vol=1.5980 cent=1.1985 t=5.00 lr=9.00e-04
[E393 i0050 EXP] tot=7.6363 seg(log)=0.7189 seg(bw)=0.0000 vol=1.6423 cent=1.1988 t=5.00 lr=9.00e-04
[E393 i0075 STD] tot=7.5935 seg(log)=0.6986 seg(bw)=0.0000 vol=1.5986 cent=1.1990 t=5.00 lr=9.00e-04
[E393 i0100 EXP] tot=7.6455 seg(log)=0.6488 seg(bw)=0.0000 vol=1.6522 cent=1.1987 t=5.00 lr=9.00e-04
[E393 i0125 STD] tot=7.6077 seg(log)=0.6684 seg(bw)=0.0000 vol=1.6134 cent=1.1989 t=5.00 lr=9.00e-04
[E393 i0150 EXP] tot=7.6519 seg(log)=0.6115 seg(bw)=0.0000 vol=1.6593 cent=1.1985 t=5.00 lr=9.00e-04
[E393 i0175 STD] tot=7.5962 seg(log)=0.6935 seg(bw)=0.0000 vol=1.6033 cent=1.1986 t=5.00 lr=9.00e-04
[E393] train tot=7.6143 seg(log)=0.6802 seg(bw)=0.0000 vol=1.6204 cent=1.1988 | val seg=0.7100 meanFGDice=0.5700 | best=0.5845 pat=12/100
[E394 i0000 EXP] tot=7.6429 seg(log)=0.6876 seg(bw)=0.0000 vol=1.6465 cent=1.1993 t=5.00 lr=9.00e-04
[E394 i0025 STD] tot=7.6086 seg(log)=0.6703 seg(bw)=0.0000 vol=1.6152 cent=1.1987 t=5.00 lr=9.00e-04
[E394 i0050 EXP] tot=7.6438 seg(log)=0.6792 seg(bw)=0.0000 vol=1.6452 cent=1.1997 t=5.00 lr=9.00e-04
[E394 i0075 STD] tot=7.5950 seg(log)=0.6533 seg(bw)=0.0000 vol=1.6014 cent=1.1987 t=5.00 lr=9.00e-04
[E394 i0100 EXP] tot=7.6363 seg(log)=0.6954 seg(bw)=0.0000 vol=1.6426 cent=1.1987 t=5.00 lr=9.00e-04
[E394 i0125 STD] tot=7.5841 seg(log)=0.7161 seg(bw)=0.0000 vol=1.5854 cent=1.1997 t=5.00 lr=9.00e-04
[E394 i0150 EXP] tot=7.6388 seg(log)=0.6824 seg(bw)=0.0000 vol=1.6447 cent=1.1988 t=5.00 lr=9.00e-04
[E394 i0175 STD] tot=7.5796 seg(log)=0.7089 seg(bw)=0.0000 vol=1.5853 cent=1.1989 t=5.00 lr=9.00e-04
[E394] train tot=7.6149 seg(log)=0.6759 seg(bw)=0.0000 vol=1.6205 cent=1.1989 | val seg=0.7003 meanFGDice=0.5718 | best=0.5845 pat=13/100
[E395 i0000 EXP] tot=7.6460 seg(log)=0.6393 seg(bw)=0.0000 vol=1.6528 cent=1.1986 t=5.00 lr=9.00e-04
[E395 i0025 STD] tot=7.6092 seg(log)=0.6391 seg(bw)=0.0000 vol=1.6145 cent=1.1990 t=5.00 lr=9.00e-04
[E395 i0050 EXP] tot=7.6437 seg(log)=0.6753 seg(bw)=0.0000 vol=1.6478 cent=1.1992 t=5.00 lr=9.00e-04
[E395 i0075 STD] tot=7.5885 seg(log)=0.6842 seg(bw)=0.0000 vol=1.5957 cent=1.1985 t=5.00 lr=9.00e-04
[E395 i0100 EXP] tot=7.6482 seg(log)=0.6244 seg(bw)=0.0000 vol=1.6546 cent=1.1987 t=5.00 lr=9.00e-04
[E395 i0125 STD] tot=7.5973 seg(log)=0.7043 seg(bw)=0.0000 vol=1.6041 cent=1.1986 t=5.00 lr=9.00e-04
[E395 i0150 EXP] tot=7.6417 seg(log)=0.6769 seg(bw)=0.0000 vol=1.6490 cent=1.1985 t=5.00 lr=9.00e-04
[E395 i0175 STD] tot=7.5898 seg(log)=0.7533 seg(bw)=0.0000 vol=1.5933 cent=1.1993 t=5.00 lr=9.00e-04
[E395] train tot=7.6152 seg(log)=0.6850 seg(bw)=0.0000 vol=1.6207 cent=1.1989 | val seg=0.7431 meanFGDice=0.5715 | best=0.5845 pat=14/100
[E396 i0000 EXP] tot=7.6505 seg(log)=0.6243 seg(bw)=0.0000 vol=1.6576 cent=1.1986 t=5.00 lr=9.00e-04
[E396 i0025 STD] tot=7.6010 seg(log)=0.6783 seg(bw)=0.0000 vol=1.6050 cent=1.1992 t=5.00 lr=9.00e-04
[E396 i0050 EXP] tot=7.6455 seg(log)=0.6469 seg(bw)=0.0000 vol=1.6519 cent=1.1987 t=5.00 lr=9.00e-04
[E396 i0075 STD] tot=7.5922 seg(log)=0.6643 seg(bw)=0.0000 vol=1.5977 cent=1.1989 t=5.00 lr=9.00e-04
[E396 i0100 EXP] tot=7.6518 seg(log)=0.6248 seg(bw)=0.0000 vol=1.6578 cent=1.1988 t=5.00 lr=9.00e-04
[E396 i0125 STD] tot=7.5745 seg(log)=0.7633 seg(bw)=0.0000 vol=1.5776 cent=1.1994 t=5.00 lr=9.00e-04
[E396 i0150 EXP] tot=7.6476 seg(log)=0.6669 seg(bw)=0.0000 vol=1.6482 cent=1.1999 t=5.00 lr=9.00e-04
[E396 i0175 STD] tot=7.5855 seg(log)=0.6877 seg(bw)=0.0000 vol=1.5926 cent=1.1986 t=5.00 lr=9.00e-04
[E396] train tot=7.6155 seg(log)=0.6825 seg(bw)=0.0000 vol=1.6206 cent=1.1990 | val seg=0.6977 meanFGDice=0.5797 | best=0.5845 pat=15/100
[E397 i0000 EXP] tot=7.6470 seg(log)=0.6470 seg(bw)=0.0000 vol=1.6512 cent=1.1992 t=5.00 lr=9.00e-04
[E397 i0025 STD] tot=7.5878 seg(log)=0.6812 seg(bw)=0.0000 vol=1.5933 cent=1.1989 t=5.00 lr=9.00e-04
[E397 i0050 EXP] tot=7.6437 seg(log)=0.6728 seg(bw)=0.0000 vol=1.6510 cent=1.1985 t=5.00 lr=9.00e-04
[E397 i0075 STD] tot=7.5974 seg(log)=0.6777 seg(bw)=0.0000 vol=1.6015 cent=1.1992 t=5.00 lr=9.00e-04
[E397 i0100 EXP] tot=7.6433 seg(log)=0.6639 seg(bw)=0.0000 vol=1.6485 cent=1.1990 t=5.00 lr=9.00e-04
[E397 i0125 STD] tot=7.6151 seg(log)=0.6591 seg(bw)=0.0000 vol=1.6188 cent=1.1993 t=5.00 lr=9.00e-04
[E397 i0150 EXP] tot=7.6431 seg(log)=0.6674 seg(bw)=0.0000 vol=1.6497 cent=1.1987 t=5.00 lr=9.00e-04
[E397 i0175 STD] tot=7.5888 seg(log)=0.6956 seg(bw)=0.0000 vol=1.5945 cent=1.1989 t=5.00 lr=9.00e-04
[E397] train tot=7.6151 seg(log)=0.6862 seg(bw)=0.0000 vol=1.6205 cent=1.1989 | val seg=0.6859 meanFGDice=0.5732 | best=0.5845 pat=16/100
[E398 i0000 EXP] tot=7.6303 seg(log)=0.7231 seg(bw)=0.0000 vol=1.6368 cent=1.1987 t=5.00 lr=9.00e-04
[E398 i0025 STD] tot=7.5953 seg(log)=0.7005 seg(bw)=0.0000 vol=1.5990 cent=1.1992 t=5.00 lr=9.00e-04
[E398 i0050 EXP] tot=7.6471 seg(log)=0.6623 seg(bw)=0.0000 vol=1.6525 cent=1.1989 t=5.00 lr=9.00e-04
[E398 i0075 STD] tot=7.5890 seg(log)=0.7303 seg(bw)=0.0000 vol=1.5932 cent=1.1992 t=5.00 lr=9.00e-04
[E398 i0100 EXP] tot=7.6509 seg(log)=0.7254 seg(bw)=0.0000 vol=1.6489 cent=1.2004 t=5.00 lr=9.00e-04
[E398 i0125 STD] tot=7.6088 seg(log)=0.8788 seg(bw)=0.0000 vol=1.5981 cent=1.2021 t=5.00 lr=9.00e-04
[E398 i0150 EXP] tot=7.6522 seg(log)=0.6486 seg(bw)=0.0000 vol=1.6551 cent=1.1994 t=5.00 lr=9.00e-04
[E398 i0175 STD] tot=7.5929 seg(log)=0.7075 seg(bw)=0.0000 vol=1.5920 cent=1.2002 t=5.00 lr=9.00e-04
[E398] train tot=7.6199 seg(log)=0.7027 seg(bw)=0.0000 vol=1.6211 cent=1.1998 | val seg=0.7199 meanFGDice=0.5643 | best=0.5845 pat=17/100
[E399 i0000 EXP] tot=7.6526 seg(log)=0.6597 seg(bw)=0.0000 vol=1.6494 cent=1.2006 t=5.00 lr=9.00e-04
[E399 i0025 STD] tot=7.5784 seg(log)=0.7645 seg(bw)=0.0000 vol=1.5797 cent=1.1997 t=5.00 lr=9.00e-04
[E399 i0050 EXP] tot=7.6455 seg(log)=0.6697 seg(bw)=0.0000 vol=1.6506 cent=1.1990 t=5.00 lr=9.00e-04
[E399 i0075 STD] tot=7.5790 seg(log)=0.6950 seg(bw)=0.0000 vol=1.5811 cent=1.1996 t=5.00 lr=9.00e-04
[E399 i0100 EXP] tot=7.6510 seg(log)=0.6301 seg(bw)=0.0000 vol=1.6559 cent=1.1990 t=5.00 lr=9.00e-04
[E399 i0125 STD] tot=7.6079 seg(log)=0.6653 seg(bw)=0.0000 vol=1.6096 cent=1.1997 t=5.00 lr=9.00e-04
[E399 i0150 EXP] tot=7.6515 seg(log)=0.6342 seg(bw)=0.0000 vol=1.6578 cent=1.1987 t=5.00 lr=9.00e-04
[E399 i0175 STD] tot=7.5952 seg(log)=0.6983 seg(bw)=0.0000 vol=1.5980 cent=1.1994 t=5.00 lr=9.00e-04
[E399] train tot=7.6169 seg(log)=0.6800 seg(bw)=0.0000 vol=1.6207 cent=1.1993 | val seg=0.6947 meanFGDice=0.5771 | best=0.5845 pat=18/100
[E400 i0000 EXP] tot=7.6467 seg(log)=0.6620 seg(bw)=0.0000 vol=1.6532 cent=1.1987 t=5.00 lr=9.00e-04
[E400 i0025 STD] tot=7.5849 seg(log)=0.6886 seg(bw)=0.0000 vol=1.5918 cent=1.1986 t=5.00 lr=9.00e-04
[E400 i0050 EXP] tot=7.6506 seg(log)=0.6092 seg(bw)=0.0000 vol=1.6581 cent=1.1985 t=5.00 lr=9.00e-04
[E400 i0075 STD] tot=7.6066 seg(log)=0.6815 seg(bw)=0.0000 vol=1.6116 cent=1.1990 t=5.00 lr=9.00e-04
[E400 i0100 EXP] tot=7.6450 seg(log)=0.6796 seg(bw)=0.0000 vol=1.6496 cent=1.1991 t=5.00 lr=9.00e-04
[E400 i0125 STD] tot=7.5856 seg(log)=0.7012 seg(bw)=0.0000 vol=1.5885 cent=1.1994 t=5.00 lr=9.00e-04
[E400 i0150 EXP] tot=7.6426 seg(log)=0.6823 seg(bw)=0.0000 vol=1.6476 cent=1.1990 t=5.00 lr=9.00e-04
[E400 i0175 STD] tot=7.5810 seg(log)=0.6852 seg(bw)=0.0000 vol=1.5872 cent=1.1988 t=5.00 lr=9.00e-04
[E400] train tot=7.6151 seg(log)=0.6789 seg(bw)=0.0000 vol=1.6202 cent=1.1990 | val seg=0.7034 meanFGDice=0.5757 | best=0.5845 pat=19/100
[E401 i0000 EXP] tot=7.6423 seg(log)=0.6698 seg(bw)=0.0000 vol=1.6492 cent=1.1986 t=5.00 lr=9.00e-04
[E401 i0025 STD] tot=7.5792 seg(log)=0.6922 seg(bw)=0.0000 vol=1.5849 cent=1.1989 t=5.00 lr=9.00e-04
[E401 i0050 EXP] tot=7.6440 seg(log)=0.6425 seg(bw)=0.0000 vol=1.6505 cent=1.1987 t=5.00 lr=9.00e-04
[E401 i0075 STD] tot=7.5883 seg(log)=0.7032 seg(bw)=0.0000 vol=1.5939 cent=1.1989 t=5.00 lr=9.00e-04
[E401 i0100 EXP] tot=7.6487 seg(log)=0.6287 seg(bw)=0.0000 vol=1.6550 cent=1.1987 t=5.00 lr=9.00e-04
[E401 i0125 STD] tot=7.5904 seg(log)=0.6861 seg(bw)=0.0000 vol=1.5973 cent=1.1986 t=5.00 lr=9.00e-04
[E401 i0150 EXP] tot=7.6466 seg(log)=0.6502 seg(bw)=0.0000 vol=1.6526 cent=1.1988 t=5.00 lr=9.00e-04
[E401 i0175 STD] tot=7.5914 seg(log)=0.6886 seg(bw)=0.0000 vol=1.5936 cent=1.1996 t=5.00 lr=9.00e-04
[E401] train tot=7.6146 seg(log)=0.6791 seg(bw)=0.0000 vol=1.6202 cent=1.1989 | val seg=0.7118 meanFGDice=0.5777 | best=0.5845 pat=20/100
[E402 i0000 EXP] tot=7.6456 seg(log)=0.6489 seg(bw)=0.0000 vol=1.6530 cent=1.1985 t=5.00 lr=9.00e-04
[E402 i0025 STD] tot=7.5855 seg(log)=0.7018 seg(bw)=0.0000 vol=1.5912 cent=1.1989 t=5.00 lr=9.00e-04
[E402 i0050 EXP] tot=7.6442 seg(log)=0.6656 seg(bw)=0.0000 vol=1.6505 cent=1.1987 t=5.00 lr=9.00e-04
[E402 i0075 STD] tot=7.5895 seg(log)=0.6969 seg(bw)=0.0000 vol=1.5960 cent=1.1987 t=5.00 lr=9.00e-04
[E402 i0100 EXP] tot=7.6483 seg(log)=0.6319 seg(bw)=0.0000 vol=1.6555 cent=1.1986 t=5.00 lr=9.00e-04
[E402 i0125 STD] tot=7.5691 seg(log)=0.7751 seg(bw)=0.0000 vol=1.5767 cent=1.1985 t=5.00 lr=9.00e-04
[E402 i0150 EXP] tot=7.6440 seg(log)=0.6272 seg(bw)=0.0000 vol=1.6504 cent=1.1987 t=5.00 lr=9.00e-04
[E402 i0175 STD] tot=7.5914 seg(log)=0.6777 seg(bw)=0.0000 vol=1.5976 cent=1.1988 t=5.00 lr=9.00e-04
[E402] train tot=7.6149 seg(log)=0.6793 seg(bw)=0.0000 vol=1.6207 cent=1.1988 | val seg=0.7039 meanFGDice=0.5782 | best=0.5845 pat=21/100
[E403 i0000 EXP] tot=7.6420 seg(log)=0.6410 seg(bw)=0.0000 vol=1.6494 cent=1.1985 t=5.00 lr=9.00e-04
[E403 i0025 STD] tot=7.5933 seg(log)=0.6956 seg(bw)=0.0000 vol=1.5985 cent=1.1990 t=5.00 lr=9.00e-04
[E403 i0050 EXP] tot=7.6459 seg(log)=0.6421 seg(bw)=0.0000 vol=1.6522 cent=1.1987 t=5.00 lr=9.00e-04
[E403 i0075 STD] tot=7.5880 seg(log)=0.6911 seg(bw)=0.0000 vol=1.5944 cent=1.1987 t=5.00 lr=9.00e-04
[E403 i0100 EXP] tot=7.6435 seg(log)=0.6769 seg(bw)=0.0000 vol=1.6498 cent=1.1987 t=5.00 lr=9.00e-04
[E403 i0125 STD] tot=7.5765 seg(log)=0.7387 seg(bw)=0.0000 vol=1.5808 cent=1.1992 t=5.00 lr=9.00e-04
[E403 i0150 EXP] tot=7.6365 seg(log)=0.6935 seg(bw)=0.0000 vol=1.6425 cent=1.1988 t=5.00 lr=9.00e-04
[E403 i0175 STD] tot=7.5992 seg(log)=0.6749 seg(bw)=0.0000 vol=1.6049 cent=1.1989 t=5.00 lr=9.00e-04
[E403] train tot=7.6152 seg(log)=0.6834 seg(bw)=0.0000 vol=1.6210 cent=1.1988 | val seg=0.7106 meanFGDice=0.5768 | best=0.5845 pat=22/100
[E404 i0000 EXP] tot=7.6458 seg(log)=0.6398 seg(bw)=0.0000 vol=1.6521 cent=1.1987 t=5.00 lr=9.00e-04
[E404 i0025 STD] tot=7.5773 seg(log)=0.6949 seg(bw)=0.0000 vol=1.5844 cent=1.1986 t=5.00 lr=9.00e-04
[E404 i0050 EXP] tot=7.6419 seg(log)=0.6576 seg(bw)=0.0000 vol=1.6498 cent=1.1984 t=5.00 lr=9.00e-04
[E404 i0075 STD] tot=7.5795 seg(log)=0.7242 seg(bw)=0.0000 vol=1.5847 cent=1.1990 t=5.00 lr=9.00e-04
[E404 i0100 EXP] tot=7.6472 seg(log)=0.6308 seg(bw)=0.0000 vol=1.6546 cent=1.1985 t=5.00 lr=9.00e-04
[E404 i0125 STD] tot=7.5666 seg(log)=0.7341 seg(bw)=0.0000 vol=1.5725 cent=1.1988 t=5.00 lr=9.00e-04
[E404 i0150 EXP] tot=7.6424 seg(log)=0.6888 seg(bw)=0.0000 vol=1.6460 cent=1.1993 t=5.00 lr=9.00e-04
[E404 i0175 STD] tot=7.5590 seg(log)=0.7783 seg(bw)=0.0000 vol=1.5621 cent=1.1994 t=5.00 lr=9.00e-04
[E404] train tot=7.6145 seg(log)=0.6792 seg(bw)=0.0000 vol=1.6206 cent=1.1988 | val seg=0.7198 meanFGDice=0.5692 | best=0.5845 pat=23/100
[E405 i0000 EXP] tot=7.6297 seg(log)=0.7400 seg(bw)=0.0000 vol=1.6347 cent=1.1990 t=5.00 lr=9.00e-04
[E405 i0025 STD] tot=7.5778 seg(log)=0.7077 seg(bw)=0.0000 vol=1.5851 cent=1.1985 t=5.00 lr=9.00e-04
[E405 i0050 EXP] tot=7.6451 seg(log)=0.6599 seg(bw)=0.0000 vol=1.6499 cent=1.1990 t=5.00 lr=9.00e-04
[E405 i0075 STD] tot=7.5714 seg(log)=0.7225 seg(bw)=0.0000 vol=1.5773 cent=1.1988 t=5.00 lr=9.00e-04
[E405 i0100 EXP] tot=7.6457 seg(log)=0.6297 seg(bw)=0.0000 vol=1.6527 cent=1.1986 t=5.00 lr=9.00e-04
[E405 i0125 STD] tot=7.5832 seg(log)=0.7168 seg(bw)=0.0000 vol=1.5888 cent=1.1989 t=5.00 lr=9.00e-04
[E405 i0150 EXP] tot=7.6410 seg(log)=0.6649 seg(bw)=0.0000 vol=1.6468 cent=1.1989 t=5.00 lr=9.00e-04
[E405 i0175 STD] tot=7.5971 seg(log)=0.6716 seg(bw)=0.0000 vol=1.6037 cent=1.1987 t=5.00 lr=9.00e-04
[E405] train tot=7.6146 seg(log)=0.6816 seg(bw)=0.0000 vol=1.6206 cent=1.1988 | val seg=0.7091 meanFGDice=0.5751 | best=0.5845 pat=24/100
[E406 i0000 EXP] tot=7.6456 seg(log)=0.6415 seg(bw)=0.0000 vol=1.6525 cent=1.1986 t=5.00 lr=9.00e-04
[E406 i0025 STD] tot=7.5935 seg(log)=0.6689 seg(bw)=0.0000 vol=1.5996 cent=1.1988 t=5.00 lr=9.00e-04
[E406 i0050 EXP] tot=7.6423 seg(log)=0.6639 seg(bw)=0.0000 vol=1.6487 cent=1.1987 t=5.00 lr=9.00e-04
[E406 i0075 STD] tot=7.5758 seg(log)=0.7082 seg(bw)=0.0000 vol=1.5818 cent=1.1988 t=5.00 lr=9.00e-04
[E406 i0100 EXP] tot=7.6472 seg(log)=0.6297 seg(bw)=0.0000 vol=1.6537 cent=1.1987 t=5.00 lr=9.00e-04
[E406 i0125 STD] tot=7.5770 seg(log)=0.6908 seg(bw)=0.0000 vol=1.5821 cent=1.1990 t=5.00 lr=9.00e-04
[E406 i0150 EXP] tot=7.6387 seg(log)=0.6842 seg(bw)=0.0000 vol=1.6452 cent=1.1987 t=5.00 lr=9.00e-04
[E406 i0175 STD] tot=7.5973 seg(log)=0.7360 seg(bw)=0.0000 vol=1.6000 cent=1.1995 t=5.00 lr=9.00e-04
[E406] train tot=7.6144 seg(log)=0.6742 seg(bw)=0.0000 vol=1.6204 cent=1.1988 | val seg=0.7217 meanFGDice=0.5775 | best=0.5845 pat=25/100
[E407 i0000 EXP] tot=7.6419 seg(log)=0.6872 seg(bw)=0.0000 vol=1.6433 cent=1.1997 t=5.00 lr=9.00e-04
[E407 i0025 STD] tot=7.6043 seg(log)=0.6837 seg(bw)=0.0000 vol=1.6092 cent=1.1990 t=5.00 lr=9.00e-04
[E407 i0050 EXP] tot=7.6497 seg(log)=0.6411 seg(bw)=0.0000 vol=1.6544 cent=1.1991 t=5.00 lr=9.00e-04
[E407 i0075 STD] tot=7.6049 seg(log)=0.6717 seg(bw)=0.0000 vol=1.6101 cent=1.1990 t=5.00 lr=9.00e-04
[E407 i0100 EXP] tot=7.6475 seg(log)=0.6393 seg(bw)=0.0000 vol=1.6533 cent=1.1988 t=5.00 lr=9.00e-04
[E407 i0125 STD] tot=7.5936 seg(log)=0.6715 seg(bw)=0.0000 vol=1.5991 cent=1.1989 t=5.00 lr=9.00e-04
[E407 i0150 EXP] tot=7.6339 seg(log)=0.7122 seg(bw)=0.0000 vol=1.6404 cent=1.1987 t=5.00 lr=9.00e-04
[E407 i0175 STD] tot=7.5905 seg(log)=0.6784 seg(bw)=0.0000 vol=1.5937 cent=1.1994 t=5.00 lr=9.00e-04
[E407] train tot=7.6150 seg(log)=0.6773 seg(bw)=0.0000 vol=1.6207 cent=1.1989 | val seg=0.7112 meanFGDice=0.5727 | best=0.5845 pat=26/100
[E408 i0000 EXP] tot=7.6364 seg(log)=0.7002 seg(bw)=0.0000 vol=1.6425 cent=1.1988 t=5.00 lr=9.00e-04
[E408 i0025 STD] tot=7.5951 seg(log)=0.6792 seg(bw)=0.0000 vol=1.6007 cent=1.1989 t=5.00 lr=9.00e-04
[E408 i0050 EXP] tot=7.6492 seg(log)=0.6189 seg(bw)=0.0000 vol=1.6560 cent=1.1986 t=5.00 lr=9.00e-04
[E408 i0075 STD] tot=7.5976 seg(log)=0.6461 seg(bw)=0.0000 vol=1.6029 cent=1.1989 t=5.00 lr=9.00e-04
[E408 i0100 EXP] tot=7.6429 seg(log)=0.6525 seg(bw)=0.0000 vol=1.6490 cent=1.1988 t=5.00 lr=9.00e-04
[E408 i0125 STD] tot=7.5814 seg(log)=0.6955 seg(bw)=0.0000 vol=1.5844 cent=1.1994 t=5.00 lr=9.00e-04
[E408 i0150 EXP] tot=7.6426 seg(log)=0.6742 seg(bw)=0.0000 vol=1.6456 cent=1.1994 t=5.00 lr=9.00e-04
[E408 i0175 STD] tot=7.5957 seg(log)=0.6839 seg(bw)=0.0000 vol=1.6000 cent=1.1991 t=5.00 lr=9.00e-04
[E408] train tot=7.6154 seg(log)=0.6739 seg(bw)=0.0000 vol=1.6208 cent=1.1989 | val seg=0.6937 meanFGDice=0.5782 | best=0.5845 pat=27/100
[E409 i0000 EXP] tot=7.6403 seg(log)=0.6796 seg(bw)=0.0000 vol=1.6450 cent=1.1991 t=5.00 lr=9.00e-04
[E409 i0025 STD] tot=7.5843 seg(log)=0.6730 seg(bw)=0.0000 vol=1.5881 cent=1.1992 t=5.00 lr=9.00e-04
[E409 i0050 EXP] tot=7.6369 seg(log)=0.7273 seg(bw)=0.0000 vol=1.6422 cent=1.1989 t=5.00 lr=9.00e-04
[E409 i0075 STD] tot=7.5924 seg(log)=0.6625 seg(bw)=0.0000 vol=1.5988 cent=1.1987 t=5.00 lr=9.00e-04
[E409 i0100 EXP] tot=7.6422 seg(log)=0.6834 seg(bw)=0.0000 vol=1.6464 cent=1.1992 t=5.00 lr=9.00e-04
[E409 i0125 STD] tot=7.5830 seg(log)=0.6865 seg(bw)=0.0000 vol=1.5874 cent=1.1991 t=5.00 lr=9.00e-04
[E409 i0150 EXP] tot=7.6454 seg(log)=0.6600 seg(bw)=0.0000 vol=1.6478 cent=1.1995 t=5.00 lr=9.00e-04
[E409 i0175 STD] tot=7.5863 seg(log)=0.6945 seg(bw)=0.0000 vol=1.5927 cent=1.1987 t=5.00 lr=9.00e-04
[E409] train tot=7.6161 seg(log)=0.6752 seg(bw)=0.0000 vol=1.6208 cent=1.1991 | val seg=0.7058 meanFGDice=0.5783 | best=0.5845 pat=28/100
[E410 i0000 EXP] tot=7.6380 seg(log)=0.6916 seg(bw)=0.0000 vol=1.6437 cent=1.1988 t=5.00 lr=9.00e-04
[E410 i0025 STD] tot=7.5788 seg(log)=0.7297 seg(bw)=0.0000 vol=1.5797 cent=1.1998 t=5.00 lr=9.00e-04
[E410 i0050 EXP] tot=7.6412 seg(log)=0.6746 seg(bw)=0.0000 vol=1.6485 cent=1.1985 t=5.00 lr=9.00e-04
[E410 i0075 STD] tot=7.6022 seg(log)=0.6480 seg(bw)=0.0000 vol=1.6048 cent=1.1995 t=5.00 lr=9.00e-04
[E410 i0100 EXP] tot=7.6535 seg(log)=0.6480 seg(bw)=0.0000 vol=1.6568 cent=1.1993 t=5.00 lr=9.00e-04
[E410 i0125 STD] tot=7.5995 seg(log)=0.6518 seg(bw)=0.0000 vol=1.6049 cent=1.1989 t=5.00 lr=9.00e-04
[E410 i0150 EXP] tot=7.6420 seg(log)=0.6655 seg(bw)=0.0000 vol=1.6467 cent=1.1991 t=5.00 lr=9.00e-04
[E410 i0175 STD] tot=7.5989 seg(log)=0.6451 seg(bw)=0.0000 vol=1.6029 cent=1.1992 t=5.00 lr=9.00e-04
[E410] train tot=7.6165 seg(log)=0.6752 seg(bw)=0.0000 vol=1.6211 cent=1.1991 | val seg=0.6557 meanFGDice=0.5844 | best=0.5845 pat=29/100
[E411 i0000 EXP] tot=7.6408 seg(log)=0.6537 seg(bw)=0.0000 vol=1.6481 cent=1.1985 t=5.00 lr=9.00e-04
[E411 i0025 STD] tot=7.5975 seg(log)=0.6549 seg(bw)=0.0000 vol=1.6036 cent=1.1988 t=5.00 lr=9.00e-04
[E411 i0050 EXP] tot=7.6437 seg(log)=0.6589 seg(bw)=0.0000 vol=1.6503 cent=1.1987 t=5.00 lr=9.00e-04
[E411 i0075 STD] tot=7.5827 seg(log)=0.6536 seg(bw)=0.0000 vol=1.5875 cent=1.1990 t=5.00 lr=9.00e-04
[E411 i0100 EXP] tot=7.6351 seg(log)=0.7223 seg(bw)=0.0000 vol=1.6408 cent=1.1989 t=5.00 lr=9.00e-04
[E411 i0125 STD] tot=7.5794 seg(log)=0.6987 seg(bw)=0.0000 vol=1.5860 cent=1.1987 t=5.00 lr=9.00e-04
[E411 i0150 EXP] tot=7.6323 seg(log)=0.7312 seg(bw)=0.0000 vol=1.6393 cent=1.1986 t=5.00 lr=9.00e-04
[E411 i0175 STD] tot=7.5675 seg(log)=0.7259 seg(bw)=0.0000 vol=1.5722 cent=1.1991 t=5.00 lr=9.00e-04
[E411] train tot=7.6155 seg(log)=0.6711 seg(bw)=0.0000 vol=1.6209 cent=1.1989 | val seg=0.6865 meanFGDice=0.5771 | best=0.5845 pat=30/100
[E412 i0000 EXP] tot=7.6485 seg(log)=0.6403 seg(bw)=0.0000 vol=1.6541 cent=1.1989 t=5.00 lr=9.00e-04
[E412 i0025 STD] tot=7.5919 seg(log)=0.6629 seg(bw)=0.0000 vol=1.5989 cent=1.1986 t=5.00 lr=9.00e-04
[E412 i0050 EXP] tot=7.6374 seg(log)=0.7052 seg(bw)=0.0000 vol=1.6418 cent=1.1991 t=5.00 lr=9.00e-04
[E412 i0075 STD] tot=7.5974 seg(log)=0.6575 seg(bw)=0.0000 vol=1.6034 cent=1.1988 t=5.00 lr=9.00e-04
[E412 i0100 EXP] tot=7.6491 seg(log)=0.6460 seg(bw)=0.0000 vol=1.6549 cent=1.1988 t=5.00 lr=9.00e-04
[E412 i0125 STD] tot=7.5910 seg(log)=0.6978 seg(bw)=0.0000 vol=1.5964 cent=1.1989 t=5.00 lr=9.00e-04
[E412 i0150 EXP] tot=7.6346 seg(log)=0.7165 seg(bw)=0.0000 vol=1.6408 cent=1.1988 t=5.00 lr=9.00e-04
[E412 i0175 STD] tot=7.5770 seg(log)=0.7009 seg(bw)=0.0000 vol=1.5837 cent=1.1987 t=5.00 lr=9.00e-04
[E412] train tot=7.6145 seg(log)=0.6734 seg(bw)=0.0000 vol=1.6204 cent=1.1988 | val seg=0.6776 meanFGDice=0.5821 | best=0.5845 pat=31/100
[E413 i0000 EXP] tot=7.6487 seg(log)=0.6256 seg(bw)=0.0000 vol=1.6558 cent=1.1986 t=5.00 lr=9.00e-04
[E413 i0025 STD] tot=7.5842 seg(log)=0.6726 seg(bw)=0.0000 vol=1.5912 cent=1.1986 t=5.00 lr=9.00e-04
[E413 i0050 EXP] tot=7.6522 seg(log)=0.6197 seg(bw)=0.0000 vol=1.6585 cent=1.1988 t=5.00 lr=9.00e-04
[E413 i0075 STD] tot=7.5911 seg(log)=0.6605 seg(bw)=0.0000 vol=1.5964 cent=1.1989 t=5.00 lr=9.00e-04
[E413 i0100 EXP] tot=7.6515 seg(log)=0.6505 seg(bw)=0.0000 vol=1.6576 cent=1.1988 t=5.00 lr=9.00e-04
[E413 i0125 STD] tot=7.5614 seg(log)=0.7161 seg(bw)=0.0000 vol=1.5683 cent=1.1986 t=5.00 lr=9.00e-04
[E413 i0150 EXP] tot=7.6512 seg(log)=0.6317 seg(bw)=0.0000 vol=1.6574 cent=1.1988 t=5.00 lr=9.00e-04
[E413 i0175 STD] tot=7.5995 seg(log)=0.6505 seg(bw)=0.0000 vol=1.6060 cent=1.1987 t=5.00 lr=9.00e-04
[E413] train tot=7.6143 seg(log)=0.6729 seg(bw)=0.0000 vol=1.6205 cent=1.1988 | val seg=0.6773 meanFGDice=0.5789 | best=0.5845 pat=32/100
[E414 i0000 EXP] tot=7.6447 seg(log)=0.6762 seg(bw)=0.0000 vol=1.6488 cent=1.1992 t=5.00 lr=9.00e-04
[E414 i0025 STD] tot=7.5842 seg(log)=0.6732 seg(bw)=0.0000 vol=1.5896 cent=1.1989 t=5.00 lr=9.00e-04
[E414 i0050 EXP] tot=7.6429 seg(log)=0.6791 seg(bw)=0.0000 vol=1.6496 cent=1.1987 t=5.00 lr=9.00e-04
[E414 i0075 STD] tot=7.5756 seg(log)=0.7143 seg(bw)=0.0000 vol=1.5759 cent=1.1999 t=5.00 lr=9.00e-04
[E414 i0100 EXP] tot=7.6511 seg(log)=0.6280 seg(bw)=0.0000 vol=1.6575 cent=1.1987 t=5.00 lr=9.00e-04
[E414 i0125 STD] tot=7.5818 seg(log)=0.7122 seg(bw)=0.0000 vol=1.5879 cent=1.1988 t=5.00 lr=9.00e-04
[E414 i0150 EXP] tot=7.6452 seg(log)=0.6317 seg(bw)=0.0000 vol=1.6511 cent=1.1988 t=5.00 lr=9.00e-04
[E414 i0175 STD] tot=7.6029 seg(log)=0.6376 seg(bw)=0.0000 vol=1.6093 cent=1.1987 t=5.00 lr=9.00e-04
[E414] train tot=7.6148 seg(log)=0.6737 seg(bw)=0.0000 vol=1.6202 cent=1.1989 | val seg=0.6750 meanFGDice=0.5846 | best=0.5846 pat=0/100
[E415 i0000 EXP] tot=7.6383 seg(log)=0.6901 seg(bw)=0.0000 vol=1.6443 cent=1.1988 t=5.00 lr=9.00e-04
[E415 i0025 STD] tot=7.6032 seg(log)=0.6423 seg(bw)=0.0000 vol=1.6071 cent=1.1992 t=5.00 lr=9.00e-04
[E415 i0050 EXP] tot=7.6397 seg(log)=0.6861 seg(bw)=0.0000 vol=1.6463 cent=1.1987 t=5.00 lr=9.00e-04
[E415 i0075 STD] tot=7.5988 seg(log)=0.6684 seg(bw)=0.0000 vol=1.6038 cent=1.1990 t=5.00 lr=9.00e-04
[E415 i0100 EXP] tot=7.6349 seg(log)=0.7293 seg(bw)=0.0000 vol=1.6394 cent=1.1991 t=5.00 lr=9.00e-04
[E415 i0125 STD] tot=7.5823 seg(log)=0.6244 seg(bw)=0.0000 vol=1.5877 cent=1.1989 t=5.00 lr=9.00e-04
[E415 i0150 EXP] tot=7.6425 seg(log)=0.6673 seg(bw)=0.0000 vol=1.6495 cent=1.1986 t=5.00 lr=9.00e-04
[E415 i0175 STD] tot=7.6030 seg(log)=0.5906 seg(bw)=0.0000 vol=1.6079 cent=1.1990 t=5.00 lr=9.00e-04
[E415] train tot=7.6154 seg(log)=0.6696 seg(bw)=0.0000 vol=1.6208 cent=1.1989 | val seg=0.6814 meanFGDice=0.5751 | best=0.5846 pat=1/100
[E416 i0000 EXP] tot=7.6397 seg(log)=0.7113 seg(bw)=0.0000 vol=1.6431 cent=1.1993 t=5.00 lr=9.00e-04
[E416 i0025 STD] tot=7.5698 seg(log)=0.7067 seg(bw)=0.0000 vol=1.5753 cent=1.1989 t=5.00 lr=9.00e-04
[E416 i0050 EXP] tot=7.6448 seg(log)=0.6455 seg(bw)=0.0000 vol=1.6515 cent=1.1987 t=5.00 lr=9.00e-04
[E416 i0075 STD] tot=7.5805 seg(log)=0.6646 seg(bw)=0.0000 vol=1.5852 cent=1.1991 t=5.00 lr=9.00e-04
[E416 i0100 EXP] tot=7.6471 seg(log)=0.6290 seg(bw)=0.0000 vol=1.6525 cent=1.1989 t=5.00 lr=9.00e-04
[E416 i0125 STD] tot=7.5873 seg(log)=0.6688 seg(bw)=0.0000 vol=1.5940 cent=1.1987 t=5.00 lr=9.00e-04
[E416 i0150 EXP] tot=7.6416 seg(log)=0.7042 seg(bw)=0.0000 vol=1.6467 cent=1.1990 t=5.00 lr=9.00e-04
[E416 i0175 STD] tot=7.5783 seg(log)=0.7039 seg(bw)=0.0000 vol=1.5840 cent=1.1988 t=5.00 lr=9.00e-04
[E416] train tot=7.6152 seg(log)=0.6639 seg(bw)=0.0000 vol=1.6207 cent=1.1989 | val seg=0.6841 meanFGDice=0.5752 | best=0.5846 pat=2/100
[E417 i0000 EXP] tot=7.6397 seg(log)=0.6789 seg(bw)=0.0000 vol=1.6462 cent=1.1987 t=5.00 lr=9.00e-04
[E417 i0025 STD] tot=7.5776 seg(log)=0.6841 seg(bw)=0.0000 vol=1.5839 cent=1.1987 t=5.00 lr=9.00e-04
[E417 i0050 EXP] tot=7.6447 seg(log)=0.6608 seg(bw)=0.0000 vol=1.6511 cent=1.1987 t=5.00 lr=9.00e-04
[E417 i0075 STD] tot=7.5932 seg(log)=0.6790 seg(bw)=0.0000 vol=1.5997 cent=1.1987 t=5.00 lr=9.00e-04
[E417 i0100 EXP] tot=7.6392 seg(log)=0.7034 seg(bw)=0.0000 vol=1.6446 cent=1.1989 t=5.00 lr=9.00e-04
[E417 i0125 STD] tot=7.5995 seg(log)=0.6547 seg(bw)=0.0000 vol=1.6052 cent=1.1989 t=5.00 lr=9.00e-04
[E417 i0150 EXP] tot=7.6434 seg(log)=0.6553 seg(bw)=0.0000 vol=1.6507 cent=1.1985 t=5.00 lr=9.00e-04
[E417 i0175 STD] tot=7.5800 seg(log)=0.7136 seg(bw)=0.0000 vol=1.5865 cent=1.1987 t=5.00 lr=9.00e-04
[E417] train tot=7.6151 seg(log)=0.6735 seg(bw)=0.0000 vol=1.6206 cent=1.1989 | val seg=0.7685 meanFGDice=0.5644 | best=0.5846 pat=3/100
[E418 i0000 EXP] tot=7.6465 seg(log)=0.6508 seg(bw)=0.0000 vol=1.6526 cent=1.1988 t=5.00 lr=9.00e-04
[E418 i0025 STD] tot=7.5805 seg(log)=0.6644 seg(bw)=0.0000 vol=1.5830 cent=1.1995 t=5.00 lr=9.00e-04
[E418 i0050 EXP] tot=7.6550 seg(log)=0.6149 seg(bw)=0.0000 vol=1.6610 cent=1.1988 t=5.00 lr=9.00e-04
[E418 i0075 STD] tot=7.5842 seg(log)=0.6534 seg(bw)=0.0000 vol=1.5885 cent=1.1991 t=5.00 lr=9.00e-04
[E418 i0100 EXP] tot=7.6518 seg(log)=0.6169 seg(bw)=0.0000 vol=1.6578 cent=1.1988 t=5.00 lr=9.00e-04
[E418 i0125 STD] tot=7.5896 seg(log)=0.6550 seg(bw)=0.0000 vol=1.5949 cent=1.1989 t=5.00 lr=9.00e-04
[E418 i0150 EXP] tot=7.6413 seg(log)=0.6642 seg(bw)=0.0000 vol=1.6468 cent=1.1989 t=5.00 lr=9.00e-04
[E418 i0175 STD] tot=7.5722 seg(log)=0.6940 seg(bw)=0.0000 vol=1.5763 cent=1.1992 t=5.00 lr=9.00e-04
[E418] train tot=7.6153 seg(log)=0.6714 seg(bw)=0.0000 vol=1.6207 cent=1.1989 | val seg=0.7092 meanFGDice=0.5732 | best=0.5846 pat=4/100
[E419 i0000 EXP] tot=7.6452 seg(log)=0.6510 seg(bw)=0.0000 vol=1.6511 cent=1.1988 t=5.00 lr=9.00e-04
[E419 i0025 STD] tot=7.5908 seg(log)=0.6696 seg(bw)=0.0000 vol=1.5985 cent=1.1985 t=5.00 lr=9.00e-04
[E419 i0050 EXP] tot=7.6378 seg(log)=0.7008 seg(bw)=0.0000 vol=1.6435 cent=1.1989 t=5.00 lr=9.00e-04
[E419 i0075 STD] tot=7.5764 seg(log)=0.6837 seg(bw)=0.0000 vol=1.5833 cent=1.1986 t=5.00 lr=9.00e-04
[E419 i0100 EXP] tot=7.6473 seg(log)=0.6464 seg(bw)=0.0000 vol=1.6536 cent=1.1987 t=5.00 lr=9.00e-04
[E419 i0125 STD] tot=7.5842 seg(log)=0.6927 seg(bw)=0.0000 vol=1.5901 cent=1.1988 t=5.00 lr=9.00e-04
[E419 i0150 EXP] tot=7.6475 seg(log)=0.6290 seg(bw)=0.0000 vol=1.6547 cent=1.1986 t=5.00 lr=9.00e-04
[E419 i0175 STD] tot=7.5948 seg(log)=0.6563 seg(bw)=0.0000 vol=1.6001 cent=1.1989 t=5.00 lr=9.00e-04
[E419] train tot=7.6145 seg(log)=0.6742 seg(bw)=0.0000 vol=1.6203 cent=1.1988 | val seg=0.6925 meanFGDice=0.5789 | best=0.5846 pat=5/100
[E420 i0000 EXP] tot=7.6413 seg(log)=0.6708 seg(bw)=0.0000 vol=1.6484 cent=1.1986 t=5.00 lr=9.00e-04
[E420 i0025 STD] tot=7.5704 seg(log)=0.7097 seg(bw)=0.0000 vol=1.5767 cent=1.1987 t=5.00 lr=9.00e-04
[E420 i0050 EXP] tot=7.6441 seg(log)=0.6429 seg(bw)=0.0000 vol=1.6507 cent=1.1987 t=5.00 lr=9.00e-04
[E420 i0075 STD] tot=7.5875 seg(log)=0.6274 seg(bw)=0.0000 vol=1.5951 cent=1.1985 t=5.00 lr=9.00e-04
[E420 i0100 EXP] tot=7.6436 seg(log)=0.6565 seg(bw)=0.0000 vol=1.6499 cent=1.1988 t=5.00 lr=9.00e-04
[E420 i0125 STD] tot=7.6027 seg(log)=0.6725 seg(bw)=0.0000 vol=1.6087 cent=1.1988 t=5.00 lr=9.00e-04
[E420 i0150 EXP] tot=7.6389 seg(log)=0.6808 seg(bw)=0.0000 vol=1.6456 cent=1.1987 t=5.00 lr=9.00e-04
[E420 i0175 STD] tot=7.5648 seg(log)=0.6816 seg(bw)=0.0000 vol=1.5709 cent=1.1988 t=5.00 lr=9.00e-04
[E420] train tot=7.6146 seg(log)=0.6716 seg(bw)=0.0000 vol=1.6201 cent=1.1989 | val seg=0.6939 meanFGDice=0.5716 | best=0.5846 pat=6/100
[E421 i0000 EXP] tot=7.6469 seg(log)=0.6828 seg(bw)=0.0000 vol=1.6476 cent=1.1999 t=5.00 lr=9.00e-04
[E421 i0025 STD] tot=7.5794 seg(log)=0.7594 seg(bw)=0.0000 vol=1.5834 cent=1.1992 t=5.00 lr=9.00e-04
[E421 i0050 EXP] tot=7.6507 seg(log)=0.6252 seg(bw)=0.0000 vol=1.6580 cent=1.1985 t=5.00 lr=9.00e-04
[E421 i0075 STD] tot=7.5743 seg(log)=0.7213 seg(bw)=0.0000 vol=1.5803 cent=1.1988 t=5.00 lr=9.00e-04
[E421 i0100 EXP] tot=7.6492 seg(log)=0.6561 seg(bw)=0.0000 vol=1.6526 cent=1.1993 t=5.00 lr=9.00e-04
[E421 i0125 STD] tot=7.5744 seg(log)=0.7300 seg(bw)=0.0000 vol=1.5767 cent=1.1996 t=5.00 lr=9.00e-04
[E421 i0150 EXP] tot=7.6356 seg(log)=0.7128 seg(bw)=0.0000 vol=1.6401 cent=1.1991 t=5.00 lr=9.00e-04
[E421 i0175 STD] tot=7.6088 seg(log)=0.6555 seg(bw)=0.0000 vol=1.6125 cent=1.1992 t=5.00 lr=9.00e-04
[E421] train tot=7.6148 seg(log)=0.6779 seg(bw)=0.0000 vol=1.6202 cent=1.1989 | val seg=0.7045 meanFGDice=0.5791 | best=0.5846 pat=7/100
[E422 i0000 EXP] tot=7.6506 seg(log)=0.6160 seg(bw)=0.0000 vol=1.6574 cent=1.1986 t=5.00 lr=9.00e-04
[E422 i0025 STD] tot=7.5914 seg(log)=0.6952 seg(bw)=0.0000 vol=1.5942 cent=1.1995 t=5.00 lr=9.00e-04
[E422 i0050 EXP] tot=7.6456 seg(log)=0.6583 seg(bw)=0.0000 vol=1.6508 cent=1.1990 t=5.00 lr=9.00e-04
[E422 i0075 STD] tot=7.5835 seg(log)=0.6717 seg(bw)=0.0000 vol=1.5885 cent=1.1990 t=5.00 lr=9.00e-04
[E422 i0100 EXP] tot=7.6422 seg(log)=0.6779 seg(bw)=0.0000 vol=1.6468 cent=1.1991 t=5.00 lr=9.00e-04
[E422 i0125 STD] tot=7.6002 seg(log)=0.6336 seg(bw)=0.0000 vol=1.6066 cent=1.1987 t=5.00 lr=9.00e-04
[E422 i0150 EXP] tot=7.6437 seg(log)=0.6698 seg(bw)=0.0000 vol=1.6477 cent=1.1992 t=5.00 lr=9.00e-04
[E422 i0175 STD] tot=7.6042 seg(log)=0.6495 seg(bw)=0.0000 vol=1.6090 cent=1.1990 t=5.00 lr=9.00e-04
[E422] train tot=7.6156 seg(log)=0.6700 seg(bw)=0.0000 vol=1.6208 cent=1.1990 | val seg=0.6952 meanFGDice=0.5735 | best=0.5846 pat=8/100
[E423 i0000 EXP] tot=7.6454 seg(log)=0.6511 seg(bw)=0.0000 vol=1.6522 cent=1.1986 t=5.00 lr=9.00e-04
[E423 i0025 STD] tot=7.5954 seg(log)=0.6408 seg(bw)=0.0000 vol=1.6014 cent=1.1988 t=5.00 lr=9.00e-04
[E423 i0050 EXP] tot=7.6393 seg(log)=0.6898 seg(bw)=0.0000 vol=1.6451 cent=1.1988 t=5.00 lr=9.00e-04
[E423 i0075 STD] tot=7.5694 seg(log)=0.7382 seg(bw)=0.0000 vol=1.5738 cent=1.1991 t=5.00 lr=9.00e-04
[E423 i0100 EXP] tot=7.6465 seg(log)=0.6371 seg(bw)=0.0000 vol=1.6518 cent=1.1989 t=5.00 lr=9.00e-04
[E423 i0125 STD] tot=7.5992 seg(log)=0.6750 seg(bw)=0.0000 vol=1.5997 cent=1.1999 t=5.00 lr=9.00e-04
[E423 i0150 EXP] tot=7.6519 seg(log)=0.6321 seg(bw)=0.0000 vol=1.6560 cent=1.1992 t=5.00 lr=9.00e-04
[E423 i0175 STD] tot=7.5967 seg(log)=0.6653 seg(bw)=0.0000 vol=1.6019 cent=1.1990 t=5.00 lr=9.00e-04
[E423] train tot=7.6152 seg(log)=0.6724 seg(bw)=0.0000 vol=1.6201 cent=1.1990 | val seg=0.6684 meanFGDice=0.5809 | best=0.5846 pat=9/100
[E424 i0000 EXP] tot=7.6441 seg(log)=0.6461 seg(bw)=0.0000 vol=1.6511 cent=1.1986 t=5.00 lr=9.00e-04
[E424 i0025 STD] tot=7.5897 seg(log)=0.6556 seg(bw)=0.0000 vol=1.5955 cent=1.1988 t=5.00 lr=9.00e-04
[E424 i0050 EXP] tot=7.6480 seg(log)=0.6463 seg(bw)=0.0000 vol=1.6544 cent=1.1987 t=5.00 lr=9.00e-04
[E424 i0075 STD] tot=7.5715 seg(log)=0.7088 seg(bw)=0.0000 vol=1.5775 cent=1.1988 t=5.00 lr=9.00e-04
[E424 i0100 EXP] tot=7.6363 seg(log)=0.7694 seg(bw)=0.0000 vol=1.6350 cent=1.2003 t=5.00 lr=9.00e-04
[E424 i0125 STD] tot=7.5721 seg(log)=0.6960 seg(bw)=0.0000 vol=1.5785 cent=1.1987 t=5.00 lr=9.00e-04
[E424 i0150 EXP] tot=7.6436 seg(log)=0.6884 seg(bw)=0.0000 vol=1.6476 cent=1.1992 t=5.00 lr=9.00e-04
[E424 i0175 STD] tot=7.5957 seg(log)=0.6248 seg(bw)=0.0000 vol=1.6020 cent=1.1987 t=5.00 lr=9.00e-04
[E424] train tot=7.6152 seg(log)=0.6746 seg(bw)=0.0000 vol=1.6205 cent=1.1989 | val seg=0.6707 meanFGDice=0.5779 | best=0.5846 pat=10/100
[E425 i0000 EXP] tot=7.6504 seg(log)=0.6327 seg(bw)=0.0000 vol=1.6563 cent=1.1988 t=5.00 lr=9.00e-04
[E425 i0025 STD] tot=7.6060 seg(log)=0.6615 seg(bw)=0.0000 vol=1.6113 cent=1.1989 t=5.00 lr=9.00e-04
[E425 i0050 EXP] tot=7.6454 seg(log)=0.6752 seg(bw)=0.0000 vol=1.6482 cent=1.1994 t=5.00 lr=9.00e-04
[E425 i0075 STD] tot=7.5875 seg(log)=0.6661 seg(bw)=0.0000 vol=1.5905 cent=1.1994 t=5.00 lr=9.00e-04
[E425 i0100 EXP] tot=7.6486 seg(log)=0.6268 seg(bw)=0.0000 vol=1.6553 cent=1.1987 t=5.00 lr=9.00e-04
[E425 i0125 STD] tot=7.5891 seg(log)=0.6954 seg(bw)=0.0000 vol=1.5938 cent=1.1991 t=5.00 lr=9.00e-04
[E425 i0150 EXP] tot=7.6413 seg(log)=0.6803 seg(bw)=0.0000 vol=1.6480 cent=1.1987 t=5.00 lr=9.00e-04
[E425 i0175 STD] tot=7.5752 seg(log)=0.6828 seg(bw)=0.0000 vol=1.5782 cent=1.1994 t=5.00 lr=9.00e-04
[E425] train tot=7.6158 seg(log)=0.6707 seg(bw)=0.0000 vol=1.6207 cent=1.1990 | val seg=0.6803 meanFGDice=0.5674 | best=0.5846 pat=11/100
[E426 i0000 EXP] tot=7.6483 seg(log)=0.6660 seg(bw)=0.0000 vol=1.6506 cent=1.1995 t=5.00 lr=9.00e-04
[E426 i0025 STD] tot=7.6005 seg(log)=0.6498 seg(bw)=0.0000 vol=1.6052 cent=1.1991 t=5.00 lr=9.00e-04
[E426 i0050 EXP] tot=7.6478 seg(log)=0.6834 seg(bw)=0.0000 vol=1.6466 cent=1.2002 t=5.00 lr=9.00e-04
[E426 i0075 STD] tot=7.6034 seg(log)=0.6436 seg(bw)=0.0000 vol=1.6088 cent=1.1989 t=5.00 lr=9.00e-04
[E426 i0100 EXP] tot=7.6438 seg(log)=0.6365 seg(bw)=0.0000 vol=1.6510 cent=1.1986 t=5.00 lr=9.00e-04
[E426 i0125 STD] tot=7.5940 seg(log)=0.6659 seg(bw)=0.0000 vol=1.5996 cent=1.1989 t=5.00 lr=9.00e-04
[E426 i0150 EXP] tot=7.6414 seg(log)=0.6658 seg(bw)=0.0000 vol=1.6471 cent=1.1989 t=5.00 lr=9.00e-04
[E426 i0175 STD] tot=7.6090 seg(log)=0.6398 seg(bw)=0.0000 vol=1.6144 cent=1.1989 t=5.00 lr=9.00e-04
[E426] train tot=7.6157 seg(log)=0.6696 seg(bw)=0.0000 vol=1.6209 cent=1.1990 | val seg=0.6877 meanFGDice=0.5763 | best=0.5846 pat=12/100
[E427 i0000 EXP] tot=7.6479 seg(log)=0.6361 seg(bw)=0.0000 vol=1.6539 cent=1.1988 t=5.00 lr=9.00e-04
[E427 i0025 STD] tot=7.5853 seg(log)=0.6591 seg(bw)=0.0000 vol=1.5891 cent=1.1992 t=5.00 lr=9.00e-04
[E427 i0050 EXP] tot=7.6460 seg(log)=0.6536 seg(bw)=0.0000 vol=1.6516 cent=1.1989 t=5.00 lr=9.00e-04
[E427 i0075 STD] tot=7.5911 seg(log)=0.6379 seg(bw)=0.0000 vol=1.5963 cent=1.1990 t=5.00 lr=9.00e-04
[E427 i0100 EXP] tot=7.6408 seg(log)=0.6669 seg(bw)=0.0000 vol=1.6479 cent=1.1986 t=5.00 lr=9.00e-04
[E427 i0125 STD] tot=7.5942 seg(log)=0.6406 seg(bw)=0.0000 vol=1.5983 cent=1.1992 t=5.00 lr=9.00e-04
[E427 i0150 EXP] tot=7.6411 seg(log)=0.6693 seg(bw)=0.0000 vol=1.6478 cent=1.1987 t=5.00 lr=9.00e-04
[E427 i0175 STD] tot=7.5939 seg(log)=0.6814 seg(bw)=0.0000 vol=1.6004 cent=1.1987 t=5.00 lr=9.00e-04
[E427] train tot=7.6153 seg(log)=0.6648 seg(bw)=0.0000 vol=1.6208 cent=1.1989 | val seg=0.7164 meanFGDice=0.5703 | best=0.5846 pat=13/100
[E428 i0000 EXP] tot=7.6459 seg(log)=0.6463 seg(bw)=0.0000 vol=1.6527 cent=1.1986 t=5.00 lr=9.00e-04
[E428 i0025 STD] tot=7.5905 seg(log)=0.6657 seg(bw)=0.0000 vol=1.5980 cent=1.1985 t=5.00 lr=9.00e-04
[E428 i0050 EXP] tot=7.6444 seg(log)=0.6393 seg(bw)=0.0000 vol=1.6512 cent=1.1986 t=5.00 lr=9.00e-04
[E428 i0075 STD] tot=7.5987 seg(log)=0.6494 seg(bw)=0.0000 vol=1.6046 cent=1.1988 t=5.00 lr=9.00e-04
[E428 i0100 EXP] tot=7.6360 seg(log)=0.6953 seg(bw)=0.0000 vol=1.6435 cent=1.1985 t=5.00 lr=9.00e-04
[E428 i0125 STD] tot=7.5828 seg(log)=0.6798 seg(bw)=0.0000 vol=1.5890 cent=1.1988 t=5.00 lr=9.00e-04
[E428 i0150 EXP] tot=7.6364 seg(log)=0.7330 seg(bw)=0.0000 vol=1.6394 cent=1.1994 t=5.00 lr=9.00e-04
[E428 i0175 STD] tot=7.5915 seg(log)=0.6486 seg(bw)=0.0000 vol=1.5977 cent=1.1988 t=5.00 lr=9.00e-04
[E428] train tot=7.6150 seg(log)=0.6658 seg(bw)=0.0000 vol=1.6205 cent=1.1989 | val seg=0.6563 meanFGDice=0.5832 | best=0.5846 pat=14/100
[E429 i0000 EXP] tot=7.6470 seg(log)=0.6353 seg(bw)=0.0000 vol=1.6535 cent=1.1987 t=5.00 lr=9.00e-04
[E429 i0025 STD] tot=7.5871 seg(log)=0.6510 seg(bw)=0.0000 vol=1.5926 cent=1.1989 t=5.00 lr=9.00e-04
[E429 i0050 EXP] tot=7.6448 seg(log)=0.6516 seg(bw)=0.0000 vol=1.6505 cent=1.1989 t=5.00 lr=9.00e-04
[E429 i0075 STD] tot=7.5803 seg(log)=0.7171 seg(bw)=0.0000 vol=1.5813 cent=1.1998 t=5.00 lr=9.00e-04
[E429 i0100 EXP] tot=7.6480 seg(log)=0.6360 seg(bw)=0.0000 vol=1.6545 cent=1.1987 t=5.00 lr=9.00e-04
[E429 i0125 STD] tot=7.6093 seg(log)=0.6546 seg(bw)=0.0000 vol=1.6119 cent=1.1995 t=5.00 lr=9.00e-04
[E429 i0150 EXP] tot=7.6492 seg(log)=0.6250 seg(bw)=0.0000 vol=1.6564 cent=1.1986 t=5.00 lr=9.00e-04
[E429 i0175 STD] tot=7.5653 seg(log)=0.8066 seg(bw)=0.0000 vol=1.5693 cent=1.1992 t=5.00 lr=9.00e-04
[E429] train tot=7.6151 seg(log)=0.6707 seg(bw)=0.0000 vol=1.6206 cent=1.1989 | val seg=0.7280 meanFGDice=0.5711 | best=0.5846 pat=15/100
[E430 i0000 EXP] tot=7.6404 seg(log)=0.6829 seg(bw)=0.0000 vol=1.6468 cent=1.1987 t=5.00 lr=9.00e-04
[E430 i0025 STD] tot=7.5837 seg(log)=0.7269 seg(bw)=0.0000 vol=1.5890 cent=1.1989 t=5.00 lr=9.00e-04
[E430 i0050 EXP] tot=7.6374 seg(log)=0.6956 seg(bw)=0.0000 vol=1.6441 cent=1.1986 t=5.00 lr=9.00e-04
[E430 i0075 STD] tot=7.5955 seg(log)=0.6534 seg(bw)=0.0000 vol=1.6015 cent=1.1988 t=5.00 lr=9.00e-04
[E430 i0100 EXP] tot=7.6504 seg(log)=0.6154 seg(bw)=0.0000 vol=1.6578 cent=1.1985 t=5.00 lr=9.00e-04
[E430 i0125 STD] tot=7.5716 seg(log)=0.6978 seg(bw)=0.0000 vol=1.5781 cent=1.1987 t=5.00 lr=9.00e-04
[E430 i0150 EXP] tot=7.6510 seg(log)=0.6260 seg(bw)=0.0000 vol=1.6573 cent=1.1987 t=5.00 lr=9.00e-04
[E430 i0175 STD] tot=7.5812 seg(log)=0.6717 seg(bw)=0.0000 vol=1.5867 cent=1.1989 t=5.00 lr=9.00e-04
[E430] train tot=7.6149 seg(log)=0.6712 seg(bw)=0.0000 vol=1.6206 cent=1.1989 | val seg=0.6757 meanFGDice=0.5786 | best=0.5846 pat=16/100
[E431 i0000 EXP] tot=7.6503 seg(log)=0.6305 seg(bw)=0.0000 vol=1.6553 cent=1.1990 t=5.00 lr=9.00e-04
[E431 i0025 STD] tot=7.5709 seg(log)=0.7182 seg(bw)=0.0000 vol=1.5751 cent=1.1992 t=5.00 lr=9.00e-04
[E431 i0050 EXP] tot=7.6528 seg(log)=0.6122 seg(bw)=0.0000 vol=1.6591 cent=1.1987 t=5.00 lr=9.00e-04
[E431 i0075 STD] tot=7.5808 seg(log)=0.6773 seg(bw)=0.0000 vol=1.5883 cent=1.1985 t=5.00 lr=9.00e-04
[E431 i0100 EXP] tot=7.6395 seg(log)=0.6789 seg(bw)=0.0000 vol=1.6456 cent=1.1988 t=5.00 lr=9.00e-04
[E431 i0125 STD] tot=7.5942 seg(log)=0.6381 seg(bw)=0.0000 vol=1.5998 cent=1.1989 t=5.00 lr=9.00e-04
[E431 i0150 EXP] tot=7.6459 seg(log)=0.6326 seg(bw)=0.0000 vol=1.6514 cent=1.1989 t=5.00 lr=9.00e-04
[E431 i0175 STD] tot=7.5965 seg(log)=0.6478 seg(bw)=0.0000 vol=1.6000 cent=1.1993 t=5.00 lr=9.00e-04
[E431] train tot=7.6150 seg(log)=0.6671 seg(bw)=0.0000 vol=1.6205 cent=1.1989 | val seg=0.6818 meanFGDice=0.5770 | best=0.5846 pat=17/100
[E432 i0000 EXP] tot=7.6484 seg(log)=0.6271 seg(bw)=0.0000 vol=1.6554 cent=1.1986 t=5.00 lr=9.00e-04
[E432 i0025 STD] tot=7.6071 seg(log)=0.6359 seg(bw)=0.0000 vol=1.6144 cent=1.1985 t=5.00 lr=9.00e-04
[E432 i0050 EXP] tot=7.6361 seg(log)=0.7256 seg(bw)=0.0000 vol=1.6425 cent=1.1987 t=5.00 lr=9.00e-04
[E432 i0075 STD] tot=7.5713 seg(log)=0.6678 seg(bw)=0.0000 vol=1.5777 cent=1.1987 t=5.00 lr=9.00e-04
[E432 i0100 EXP] tot=7.6408 seg(log)=0.6831 seg(bw)=0.0000 vol=1.6469 cent=1.1988 t=5.00 lr=9.00e-04
[E432 i0125 STD] tot=7.5812 seg(log)=0.6798 seg(bw)=0.0000 vol=1.5885 cent=1.1986 t=5.00 lr=9.00e-04
[E432 i0150 EXP] tot=7.6473 seg(log)=0.6323 seg(bw)=0.0000 vol=1.6548 cent=1.1985 t=5.00 lr=9.00e-04
[E432 i0175 STD] tot=7.5913 seg(log)=0.6578 seg(bw)=0.0000 vol=1.5980 cent=1.1987 t=5.00 lr=9.00e-04
[E432] train tot=7.6147 seg(log)=0.6677 seg(bw)=0.0000 vol=1.6203 cent=1.1989 | val seg=0.6656 meanFGDice=0.5771 | best=0.5846 pat=18/100
[E433 i0000 EXP] tot=7.6361 seg(log)=0.6698 seg(bw)=0.0000 vol=1.6425 cent=1.1987 t=5.00 lr=9.00e-04
[E433 i0025 STD] tot=7.6045 seg(log)=0.6454 seg(bw)=0.0000 vol=1.6062 cent=1.1997 t=5.00 lr=9.00e-04
[E433 i0050 EXP] tot=7.6458 seg(log)=0.6434 seg(bw)=0.0000 vol=1.6531 cent=1.1985 t=5.00 lr=9.00e-04
[E433 i0075 STD] tot=7.5954 seg(log)=0.6578 seg(bw)=0.0000 vol=1.5989 cent=1.1993 t=5.00 lr=9.00e-04
[E433 i0100 EXP] tot=7.6393 seg(log)=0.6644 seg(bw)=0.0000 vol=1.6449 cent=1.1989 t=5.00 lr=9.00e-04
[E433 i0125 STD] tot=7.6010 seg(log)=0.6123 seg(bw)=0.0000 vol=1.6069 cent=1.1988 t=5.00 lr=9.00e-04
[E433 i0150 EXP] tot=7.6361 seg(log)=0.7058 seg(bw)=0.0000 vol=1.6422 cent=1.1988 t=5.00 lr=9.00e-04
[E433 i0175 STD] tot=7.5860 seg(log)=0.6689 seg(bw)=0.0000 vol=1.5921 cent=1.1988 t=5.00 lr=9.00e-04
[E433] train tot=7.6153 seg(log)=0.6620 seg(bw)=0.0000 vol=1.6206 cent=1.1989 | val seg=0.6817 meanFGDice=0.5751 | best=0.5846 pat=19/100
[E434 i0000 EXP] tot=7.6402 seg(log)=0.6949 seg(bw)=0.0000 vol=1.6459 cent=1.1989 t=5.00 lr=9.00e-04
[E434 i0025 STD] tot=7.5914 seg(log)=0.6644 seg(bw)=0.0000 vol=1.5948 cent=1.1993 t=5.00 lr=9.00e-04
[E434 i0050 EXP] tot=7.6388 seg(log)=0.7190 seg(bw)=0.0000 vol=1.6438 cent=1.1990 t=5.00 lr=9.00e-04
[E434 i0075 STD] tot=7.5938 seg(log)=0.6610 seg(bw)=0.0000 vol=1.5992 cent=1.1989 t=5.00 lr=9.00e-04
[E434 i0100 EXP] tot=7.6632 seg(log)=0.6217 seg(bw)=0.0000 vol=1.6567 cent=1.2013 t=5.00 lr=9.00e-04
[E434 i0125 STD] tot=7.5950 seg(log)=0.6676 seg(bw)=0.0000 vol=1.5983 cent=1.1993 t=5.00 lr=9.00e-04
[E434 i0150 EXP] tot=7.6430 seg(log)=0.8081 seg(bw)=0.0000 vol=1.6422 cent=1.2002 t=5.00 lr=9.00e-04
[E434 i0175 STD] tot=7.6048 seg(log)=0.6790 seg(bw)=0.0000 vol=1.6055 cent=1.1999 t=5.00 lr=9.00e-04
[E434] train tot=7.6191 seg(log)=0.6920 seg(bw)=0.0000 vol=1.6206 cent=1.1997 | val seg=0.6758 meanFGDice=0.5758 | best=0.5846 pat=20/100
[E435 i0000 EXP] tot=7.6522 seg(log)=0.6119 seg(bw)=0.0000 vol=1.6572 cent=1.1990 t=5.00 lr=9.00e-04
[E435 i0025 STD] tot=7.5784 seg(log)=0.6885 seg(bw)=0.0000 vol=1.5827 cent=1.1991 t=5.00 lr=9.00e-04
[E435 i0050 EXP] tot=7.6499 seg(log)=0.6396 seg(bw)=0.0000 vol=1.6550 cent=1.1990 t=5.00 lr=9.00e-04
[E435 i0075 STD] tot=7.5932 seg(log)=0.6574 seg(bw)=0.0000 vol=1.5986 cent=1.1989 t=5.00 lr=9.00e-04
[E435 i0100 EXP] tot=7.6518 seg(log)=0.6110 seg(bw)=0.0000 vol=1.6591 cent=1.1985 t=5.00 lr=9.00e-04
[E435 i0125 STD] tot=7.6070 seg(log)=0.6703 seg(bw)=0.0000 vol=1.6113 cent=1.1991 t=5.00 lr=9.00e-04
[E435 i0150 EXP] tot=7.6436 seg(log)=0.6773 seg(bw)=0.0000 vol=1.6477 cent=1.1992 t=5.00 lr=9.00e-04
[E435 i0175 STD] tot=7.5784 seg(log)=0.6775 seg(bw)=0.0000 vol=1.5839 cent=1.1989 t=5.00 lr=9.00e-04
[E435] train tot=7.6163 seg(log)=0.6735 seg(bw)=0.0000 vol=1.6206 cent=1.1991 | val seg=0.6755 meanFGDice=0.5823 | best=0.5846 pat=21/100
[E436 i0000 EXP] tot=7.6455 seg(log)=0.6777 seg(bw)=0.0000 vol=1.6503 cent=1.1990 t=5.00 lr=9.00e-04
[E436 i0025 STD] tot=7.5748 seg(log)=0.7047 seg(bw)=0.0000 vol=1.5811 cent=1.1987 t=5.00 lr=9.00e-04
[E436 i0050 EXP] tot=7.6462 seg(log)=0.6614 seg(bw)=0.0000 vol=1.6528 cent=1.1987 t=5.00 lr=9.00e-04
[E436 i0075 STD] tot=7.5784 seg(log)=0.6713 seg(bw)=0.0000 vol=1.5852 cent=1.1986 t=5.00 lr=9.00e-04
[E436 i0100 EXP] tot=7.6432 seg(log)=0.6597 seg(bw)=0.0000 vol=1.6507 cent=1.1985 t=5.00 lr=9.00e-04
[E436 i0125 STD] tot=7.5803 seg(log)=0.6585 seg(bw)=0.0000 vol=1.5859 cent=1.1989 t=5.00 lr=9.00e-04
[E436 i0150 EXP] tot=7.6504 seg(log)=0.6469 seg(bw)=0.0000 vol=1.6559 cent=1.1989 t=5.00 lr=9.00e-04
[E436 i0175 STD] tot=7.5863 seg(log)=0.6694 seg(bw)=0.0000 vol=1.5919 cent=1.1989 t=5.00 lr=9.00e-04
[E436] train tot=7.6147 seg(log)=0.6714 seg(bw)=0.0000 vol=1.6203 cent=1.1989 | val seg=0.6738 meanFGDice=0.5777 | best=0.5846 pat=22/100
[E437 i0000 EXP] tot=7.6490 seg(log)=0.6479 seg(bw)=0.0000 vol=1.6546 cent=1.1989 t=5.00 lr=9.00e-04
[E437 i0025 STD] tot=7.5943 seg(log)=0.6830 seg(bw)=0.0000 vol=1.6015 cent=1.1986 t=5.00 lr=9.00e-04
[E437 i0050 EXP] tot=7.6460 seg(log)=0.6518 seg(bw)=0.0000 vol=1.6524 cent=1.1987 t=5.00 lr=9.00e-04
[E437 i0075 STD] tot=7.6024 seg(log)=0.6399 seg(bw)=0.0000 vol=1.6078 cent=1.1989 t=5.00 lr=9.00e-04
[E437 i0100 EXP] tot=7.6461 seg(log)=0.6366 seg(bw)=0.0000 vol=1.6530 cent=1.1986 t=5.00 lr=9.00e-04
[E437 i0125 STD] tot=7.5804 seg(log)=0.7196 seg(bw)=0.0000 vol=1.5847 cent=1.1991 t=5.00 lr=9.00e-04
[E437 i0150 EXP] tot=7.6426 seg(log)=0.6701 seg(bw)=0.0000 vol=1.6492 cent=1.1987 t=5.00 lr=9.00e-04
[E437 i0175 STD] tot=7.5631 seg(log)=0.7902 seg(bw)=0.0000 vol=1.5645 cent=1.1997 t=5.00 lr=9.00e-04
[E437] train tot=7.6152 seg(log)=0.6713 seg(bw)=0.0000 vol=1.6206 cent=1.1989 | val seg=0.6984 meanFGDice=0.5706 | best=0.5846 pat=23/100
[E438 i0000 EXP] tot=7.6468 seg(log)=0.6378 seg(bw)=0.0000 vol=1.6540 cent=1.1986 t=5.00 lr=9.00e-04
[E438 i0025 STD] tot=7.5778 seg(log)=0.7209 seg(bw)=0.0000 vol=1.5843 cent=1.1987 t=5.00 lr=9.00e-04
[E438 i0050 EXP] tot=7.6427 seg(log)=0.6773 seg(bw)=0.0000 vol=1.6497 cent=1.1986 t=5.00 lr=9.00e-04
[E438 i0075 STD] tot=7.5886 seg(log)=0.6885 seg(bw)=0.0000 vol=1.5948 cent=1.1988 t=5.00 lr=9.00e-04
[E438 i0100 EXP] tot=7.6415 seg(log)=0.6625 seg(bw)=0.0000 vol=1.6475 cent=1.1988 t=5.00 lr=9.00e-04
[E438 i0125 STD] tot=7.5934 seg(log)=0.6889 seg(bw)=0.0000 vol=1.5994 cent=1.1988 t=5.00 lr=9.00e-04
[E438 i0150 EXP] tot=7.6429 seg(log)=0.6637 seg(bw)=0.0000 vol=1.6488 cent=1.1988 t=5.00 lr=9.00e-04
[E438 i0175 STD] tot=7.5847 seg(log)=0.6943 seg(bw)=0.0000 vol=1.5912 cent=1.1987 t=5.00 lr=9.00e-04
[E438] train tot=7.6150 seg(log)=0.6754 seg(bw)=0.0000 vol=1.6209 cent=1.1988 | val seg=0.6790 meanFGDice=0.5829 | best=0.5846 pat=24/100
[E439 i0000 EXP] tot=7.6537 seg(log)=0.6152 seg(bw)=0.0000 vol=1.6609 cent=1.1986 t=5.00 lr=9.00e-04
[E439 i0025 STD] tot=7.5852 seg(log)=0.6856 seg(bw)=0.0000 vol=1.5909 cent=1.1989 t=5.00 lr=9.00e-04
[E439 i0050 EXP] tot=7.6461 seg(log)=0.6501 seg(bw)=0.0000 vol=1.6537 cent=1.1985 t=5.00 lr=9.00e-04
[E439 i0075 STD] tot=7.5766 seg(log)=0.6893 seg(bw)=0.0000 vol=1.5837 cent=1.1986 t=5.00 lr=9.00e-04
[E439 i0100 EXP] tot=7.6450 seg(log)=0.6409 seg(bw)=0.0000 vol=1.6519 cent=1.1986 t=5.00 lr=9.00e-04
[E439 i0125 STD] tot=7.5826 seg(log)=0.7184 seg(bw)=0.0000 vol=1.5886 cent=1.1988 t=5.00 lr=9.00e-04
[E439 i0150 EXP] tot=7.6318 seg(log)=0.7410 seg(bw)=0.0000 vol=1.6381 cent=1.1987 t=5.00 lr=9.00e-04
[E439 i0175 STD] tot=7.5966 seg(log)=0.6548 seg(bw)=0.0000 vol=1.6033 cent=1.1987 t=5.00 lr=9.00e-04
[E439] train tot=7.6145 seg(log)=0.6728 seg(bw)=0.0000 vol=1.6206 cent=1.1988 | val seg=0.7066 meanFGDice=0.5695 | best=0.5846 pat=25/100
[E440 i0000 EXP] tot=7.6396 seg(log)=0.6885 seg(bw)=0.0000 vol=1.6460 cent=1.1987 t=5.00 lr=9.00e-04
[E440 i0025 STD] tot=7.6077 seg(log)=0.6510 seg(bw)=0.0000 vol=1.6134 cent=1.1989 t=5.00 lr=9.00e-04
[E440 i0050 EXP] tot=7.6526 seg(log)=0.6041 seg(bw)=0.0000 vol=1.6591 cent=1.1987 t=5.00 lr=9.00e-04
[E440 i0075 STD] tot=7.5844 seg(log)=0.6694 seg(bw)=0.0000 vol=1.5910 cent=1.1987 t=5.00 lr=9.00e-04
[E440 i0100 EXP] tot=7.6475 seg(log)=0.6324 seg(bw)=0.0000 vol=1.6550 cent=1.1985 t=5.00 lr=9.00e-04
[E440 i0125 STD] tot=7.5724 seg(log)=0.6926 seg(bw)=0.0000 vol=1.5796 cent=1.1986 t=5.00 lr=9.00e-04
[E440 i0150 EXP] tot=7.6406 seg(log)=0.6702 seg(bw)=0.0000 vol=1.6476 cent=1.1986 t=5.00 lr=9.00e-04
[E440 i0175 STD] tot=7.5848 seg(log)=0.7286 seg(bw)=0.0000 vol=1.5893 cent=1.1991 t=5.00 lr=9.00e-04
[E440] train tot=7.6141 seg(log)=0.6704 seg(bw)=0.0000 vol=1.6202 cent=1.1988 | val seg=0.7087 meanFGDice=0.5707 | best=0.5846 pat=26/100
[E441 i0000 EXP] tot=7.6431 seg(log)=0.6690 seg(bw)=0.0000 vol=1.6479 cent=1.1991 t=5.00 lr=9.00e-04
[E441 i0025 STD] tot=7.5968 seg(log)=0.6795 seg(bw)=0.0000 vol=1.6035 cent=1.1987 t=5.00 lr=9.00e-04
[E441 i0050 EXP] tot=7.6430 seg(log)=0.6431 seg(bw)=0.0000 vol=1.6499 cent=1.1986 t=5.00 lr=9.00e-04
[E441 i0075 STD] tot=7.5806 seg(log)=0.7001 seg(bw)=0.0000 vol=1.5845 cent=1.1992 t=5.00 lr=9.00e-04
[E441 i0100 EXP] tot=7.6492 seg(log)=0.6332 seg(bw)=0.0000 vol=1.6557 cent=1.1987 t=5.00 lr=9.00e-04
[E441 i0125 STD] tot=7.5970 seg(log)=0.6644 seg(bw)=0.0000 vol=1.6027 cent=1.1989 t=5.00 lr=9.00e-04
[E441 i0150 EXP] tot=7.6426 seg(log)=0.6799 seg(bw)=0.0000 vol=1.6493 cent=1.1987 t=5.00 lr=9.00e-04
[E441 i0175 STD] tot=7.5724 seg(log)=0.7561 seg(bw)=0.0000 vol=1.5769 cent=1.1991 t=5.00 lr=9.00e-04
[E441] train tot=7.6145 seg(log)=0.6757 seg(bw)=0.0000 vol=1.6204 cent=1.1988 | val seg=0.6900 meanFGDice=0.5766 | best=0.5846 pat=27/100
[E442 i0000 EXP] tot=7.6378 seg(log)=0.6876 seg(bw)=0.0000 vol=1.6450 cent=1.1986 t=5.00 lr=9.00e-04
[E442 i0025 STD] tot=7.5838 seg(log)=0.6819 seg(bw)=0.0000 vol=1.5895 cent=1.1989 t=5.00 lr=9.00e-04
[E442 i0050 EXP] tot=7.6442 seg(log)=0.6422 seg(bw)=0.0000 vol=1.6516 cent=1.1985 t=5.00 lr=9.00e-04
[E442 i0075 STD] tot=7.5928 seg(log)=0.6766 seg(bw)=0.0000 vol=1.5969 cent=1.1992 t=5.00 lr=9.00e-04
[E442 i0100 EXP] tot=7.6470 seg(log)=0.6555 seg(bw)=0.0000 vol=1.6536 cent=1.1987 t=5.00 lr=9.00e-04
[E442 i0125 STD] tot=7.5740 seg(log)=0.7202 seg(bw)=0.0000 vol=1.5785 cent=1.1991 t=5.00 lr=9.00e-04
[E442 i0150 EXP] tot=7.6453 seg(log)=0.6684 seg(bw)=0.0000 vol=1.6521 cent=1.1986 t=5.00 lr=9.00e-04
[E442 i0175 STD] tot=7.5956 seg(log)=0.6938 seg(bw)=0.0000 vol=1.6000 cent=1.1991 t=5.00 lr=9.00e-04
[E442] train tot=7.6146 seg(log)=0.6711 seg(bw)=0.0000 vol=1.6205 cent=1.1988 | val seg=0.6698 meanFGDice=0.5804 | best=0.5846 pat=28/100
[E443 i0000 EXP] tot=7.6451 seg(log)=0.6646 seg(bw)=0.0000 vol=1.6494 cent=1.1991 t=5.00 lr=9.00e-04
[E443 i0025 STD] tot=7.6119 seg(log)=0.6482 seg(bw)=0.0000 vol=1.6182 cent=1.1987 t=5.00 lr=9.00e-04
[E443 i0050 EXP] tot=7.6446 seg(log)=0.6595 seg(bw)=0.0000 vol=1.6519 cent=1.1985 t=5.00 lr=9.00e-04
[E443 i0075 STD] tot=7.6014 seg(log)=0.6671 seg(bw)=0.0000 vol=1.6085 cent=1.1986 t=5.00 lr=9.00e-04
[E443 i0100 EXP] tot=7.6431 seg(log)=0.6646 seg(bw)=0.0000 vol=1.6486 cent=1.1989 t=5.00 lr=9.00e-04
[E443 i0125 STD] tot=7.5832 seg(log)=0.6938 seg(bw)=0.0000 vol=1.5903 cent=1.1986 t=5.00 lr=9.00e-04
[E443 i0150 EXP] tot=7.6504 seg(log)=0.6534 seg(bw)=0.0000 vol=1.6541 cent=1.1993 t=5.00 lr=9.00e-04
[E443 i0175 STD] tot=7.6008 seg(log)=0.6544 seg(bw)=0.0000 vol=1.6073 cent=1.1987 t=5.00 lr=9.00e-04
[E443] train tot=7.6147 seg(log)=0.6790 seg(bw)=0.0000 vol=1.6207 cent=1.1988 | val seg=0.6819 meanFGDice=0.5772 | best=0.5846 pat=29/100
[E444 i0000 EXP] tot=7.6414 seg(log)=0.6894 seg(bw)=0.0000 vol=1.6481 cent=1.1987 t=5.00 lr=9.00e-04
[E444 i0025 STD] tot=7.5614 seg(log)=0.7715 seg(bw)=0.0000 vol=1.5631 cent=1.1997 t=5.00 lr=9.00e-04
[E444 i0050 EXP] tot=7.6496 seg(log)=0.6387 seg(bw)=0.0000 vol=1.6564 cent=1.1986 t=5.00 lr=9.00e-04
[E444 i0075 STD] tot=7.5685 seg(log)=0.6956 seg(bw)=0.0000 vol=1.5725 cent=1.1992 t=5.00 lr=9.00e-04
[E444 i0100 EXP] tot=7.6447 seg(log)=0.6596 seg(bw)=0.0000 vol=1.6510 cent=1.1987 t=5.00 lr=9.00e-04
[E444 i0125 STD] tot=7.5785 seg(log)=0.6885 seg(bw)=0.0000 vol=1.5812 cent=1.1995 t=5.00 lr=9.00e-04
[E444 i0150 EXP] tot=7.6432 seg(log)=0.6840 seg(bw)=0.0000 vol=1.6494 cent=1.1988 t=5.00 lr=9.00e-04
[E444 i0175 STD] tot=7.5938 seg(log)=0.6481 seg(bw)=0.0000 vol=1.6001 cent=1.1987 t=5.00 lr=9.00e-04
[E444] train tot=7.6145 seg(log)=0.6721 seg(bw)=0.0000 vol=1.6202 cent=1.1989 | val seg=0.6793 meanFGDice=0.5805 | best=0.5846 pat=30/100
[E445 i0000 EXP] tot=7.6453 seg(log)=0.6586 seg(bw)=0.0000 vol=1.6494 cent=1.1992 t=5.00 lr=9.00e-04
[E445 i0025 STD] tot=7.5978 seg(log)=0.6435 seg(bw)=0.0000 vol=1.6037 cent=1.1988 t=5.00 lr=9.00e-04
[E445 i0050 EXP] tot=7.6411 seg(log)=0.6898 seg(bw)=0.0000 vol=1.6466 cent=1.1989 t=5.00 lr=9.00e-04
[E445 i0075 STD] tot=7.5879 seg(log)=0.6957 seg(bw)=0.0000 vol=1.5943 cent=1.1987 t=5.00 lr=9.00e-04
[E445 i0100 EXP] tot=7.6443 seg(log)=0.6421 seg(bw)=0.0000 vol=1.6513 cent=1.1986 t=5.00 lr=9.00e-04
[E445 i0125 STD] tot=7.6007 seg(log)=0.6878 seg(bw)=0.0000 vol=1.6064 cent=1.1989 t=5.00 lr=9.00e-04
[E445 i0150 EXP] tot=7.6422 seg(log)=0.6762 seg(bw)=0.0000 vol=1.6486 cent=1.1987 t=5.00 lr=9.00e-04
[E445 i0175 STD] tot=7.5984 seg(log)=0.6243 seg(bw)=0.0000 vol=1.6040 cent=1.1989 t=5.00 lr=9.00e-04
[E445] train tot=7.6157 seg(log)=0.6714 seg(bw)=0.0000 vol=1.6207 cent=1.1990 | val seg=0.6873 meanFGDice=0.5733 | best=0.5846 pat=31/100
[E446 i0000 EXP] tot=7.6494 seg(log)=0.6340 seg(bw)=0.0000 vol=1.6533 cent=1.1992 t=5.00 lr=9.00e-04
[E446 i0025 STD] tot=7.5933 seg(log)=0.6586 seg(bw)=0.0000 vol=1.5983 cent=1.1990 t=5.00 lr=9.00e-04
[E446 i0050 EXP] tot=7.6479 seg(log)=0.6372 seg(bw)=0.0000 vol=1.6549 cent=1.1986 t=5.00 lr=9.00e-04
[E446 i0075 STD] tot=7.5939 seg(log)=0.6723 seg(bw)=0.0000 vol=1.5978 cent=1.1992 t=5.00 lr=9.00e-04
[E446 i0100 EXP] tot=7.6459 seg(log)=0.6535 seg(bw)=0.0000 vol=1.6513 cent=1.1989 t=5.00 lr=9.00e-04
[E446 i0125 STD] tot=7.5611 seg(log)=0.7183 seg(bw)=0.0000 vol=1.5661 cent=1.1990 t=5.00 lr=9.00e-04
[E446 i0150 EXP] tot=7.6462 seg(log)=0.7235 seg(bw)=0.0000 vol=1.6468 cent=1.1999 t=5.00 lr=9.00e-04
[E446 i0175 STD] tot=7.5900 seg(log)=0.6865 seg(bw)=0.0000 vol=1.5946 cent=1.1991 t=5.00 lr=9.00e-04
[E446] train tot=7.6156 seg(log)=0.6772 seg(bw)=0.0000 vol=1.6203 cent=1.1991 | val seg=0.7108 meanFGDice=0.5590 | best=0.5846 pat=32/100
[E447 i0000 EXP] tot=7.6463 seg(log)=0.6984 seg(bw)=0.0000 vol=1.6499 cent=1.1993 t=5.00 lr=9.00e-04
[E447 i0025 STD] tot=7.5642 seg(log)=0.7046 seg(bw)=0.0000 vol=1.5713 cent=1.1986 t=5.00 lr=9.00e-04
[E447 i0050 EXP] tot=7.6446 seg(log)=0.6709 seg(bw)=0.0000 vol=1.6497 cent=1.1990 t=5.00 lr=9.00e-04
[E447 i0075 STD] tot=7.5861 seg(log)=0.6365 seg(bw)=0.0000 vol=1.5932 cent=1.1986 t=5.00 lr=9.00e-04
[E447 i0100 EXP] tot=7.6471 seg(log)=0.6499 seg(bw)=0.0000 vol=1.6531 cent=1.1988 t=5.00 lr=9.00e-04
[E447 i0125 STD] tot=7.5889 seg(log)=0.6900 seg(bw)=0.0000 vol=1.5912 cent=1.1995 t=5.00 lr=9.00e-04
[E447 i0150 EXP] tot=7.6462 seg(log)=0.6385 seg(bw)=0.0000 vol=1.6511 cent=1.1990 t=5.00 lr=9.00e-04
[E447 i0175 STD] tot=7.6032 seg(log)=0.6372 seg(bw)=0.0000 vol=1.6085 cent=1.1989 t=5.00 lr=9.00e-04
[E447] train tot=7.6165 seg(log)=0.6735 seg(bw)=0.0000 vol=1.6208 cent=1.1991 | val seg=0.6734 meanFGDice=0.5752 | best=0.5846 pat=33/100
[E448 i0000 EXP] tot=7.6533 seg(log)=0.6234 seg(bw)=0.0000 vol=1.6591 cent=1.1988 t=5.00 lr=9.00e-04
[E448 i0025 STD] tot=7.6036 seg(log)=0.6307 seg(bw)=0.0000 vol=1.6062 cent=1.1995 t=5.00 lr=9.00e-04
[E448 i0050 EXP] tot=7.6459 seg(log)=0.6600 seg(bw)=0.0000 vol=1.6516 cent=1.1989 t=5.00 lr=9.00e-04
[E448 i0075 STD] tot=7.5810 seg(log)=0.7061 seg(bw)=0.0000 vol=1.5795 cent=1.2003 t=5.00 lr=9.00e-04
[E448 i0100 EXP] tot=7.6443 seg(log)=0.6629 seg(bw)=0.0000 vol=1.6512 cent=1.1986 t=5.00 lr=9.00e-04
[E448 i0125 STD] tot=7.5716 seg(log)=0.7429 seg(bw)=0.0000 vol=1.5759 cent=1.1991 t=5.00 lr=9.00e-04
[E448 i0150 EXP] tot=7.6469 seg(log)=0.6680 seg(bw)=0.0000 vol=1.6507 cent=1.1992 t=5.00 lr=9.00e-04
[E448 i0175 STD] tot=7.5827 seg(log)=0.6558 seg(bw)=0.0000 vol=1.5892 cent=1.1987 t=5.00 lr=9.00e-04
[E448] train tot=7.6144 seg(log)=0.6662 seg(bw)=0.0000 vol=1.6201 cent=1.1989 | val seg=0.6778 meanFGDice=0.5776 | best=0.5846 pat=34/100
[E449 i0000 EXP] tot=7.6457 seg(log)=0.6436 seg(bw)=0.0000 vol=1.6521 cent=1.1987 t=5.00 lr=9.00e-04
[E449 i0025 STD] tot=7.5915 seg(log)=0.6517 seg(bw)=0.0000 vol=1.5986 cent=1.1986 t=5.00 lr=9.00e-04
[E449 i0050 EXP] tot=7.6439 seg(log)=0.6706 seg(bw)=0.0000 vol=1.6503 cent=1.1987 t=5.00 lr=9.00e-04
[E449 i0075 STD] tot=7.5763 seg(log)=0.7071 seg(bw)=0.0000 vol=1.5824 cent=1.1988 t=5.00 lr=9.00e-04
[E449 i0100 EXP] tot=7.6388 seg(log)=0.6903 seg(bw)=0.0000 vol=1.6455 cent=1.1987 t=5.00 lr=9.00e-04
[E449 i0125 STD] tot=7.5871 seg(log)=0.6791 seg(bw)=0.0000 vol=1.5916 cent=1.1991 t=5.00 lr=9.00e-04
[E449 i0150 EXP] tot=7.6419 seg(log)=0.6729 seg(bw)=0.0000 vol=1.6491 cent=1.1986 t=5.00 lr=9.00e-04
[E449 i0175 STD] tot=7.5711 seg(log)=0.7201 seg(bw)=0.0000 vol=1.5771 cent=1.1988 t=5.00 lr=9.00e-04
[E449] train tot=7.6144 seg(log)=0.6715 seg(bw)=0.0000 vol=1.6203 cent=1.1988 | val seg=0.6780 meanFGDice=0.5815 | best=0.5846 pat=35/100
[E450 i0000 EXP] tot=7.6510 seg(log)=0.6310 seg(bw)=0.0000 vol=1.6573 cent=1.1987 t=5.00 lr=9.00e-04
[E450 i0025 STD] tot=7.5922 seg(log)=0.6870 seg(bw)=0.0000 vol=1.5986 cent=1.1987 t=5.00 lr=9.00e-04
[E450 i0050 EXP] tot=7.6417 seg(log)=0.6731 seg(bw)=0.0000 vol=1.6495 cent=1.1984 t=5.00 lr=9.00e-04
[E450 i0075 STD] tot=7.6008 seg(log)=0.6660 seg(bw)=0.0000 vol=1.6079 cent=1.1986 t=5.00 lr=9.00e-04
[E450 i0100 EXP] tot=7.6445 seg(log)=0.6817 seg(bw)=0.0000 vol=1.6501 cent=1.1989 t=5.00 lr=9.00e-04
[E450 i0125 STD] tot=7.5731 seg(log)=0.6770 seg(bw)=0.0000 vol=1.5780 cent=1.1990 t=5.00 lr=9.00e-04
[E450 i0150 EXP] tot=7.6437 seg(log)=0.6622 seg(bw)=0.0000 vol=1.6509 cent=1.1986 t=5.00 lr=9.00e-04
[E450 i0175 STD] tot=7.5954 seg(log)=0.6731 seg(bw)=0.0000 vol=1.6014 cent=1.1988 t=5.00 lr=9.00e-04
[E450] train tot=7.6145 seg(log)=0.6769 seg(bw)=0.0000 vol=1.6207 cent=1.1988 | val seg=0.6668 meanFGDice=0.5737 | best=0.5846 pat=36/100
[E451 i0000 EXP] tot=7.6469 seg(log)=0.6423 seg(bw)=0.0000 vol=1.6528 cent=1.1988 t=5.00 lr=9.00e-04
[E451 i0025 STD] tot=7.5818 seg(log)=0.6588 seg(bw)=0.0000 vol=1.5859 cent=1.1992 t=5.00 lr=9.00e-04
[E451 i0050 EXP] tot=7.6441 seg(log)=0.6673 seg(bw)=0.0000 vol=1.6512 cent=1.1986 t=5.00 lr=9.00e-04
[E451 i0075 STD] tot=7.5727 seg(log)=0.7467 seg(bw)=0.0000 vol=1.5795 cent=1.1986 t=5.00 lr=9.00e-04
[E451 i0100 EXP] tot=7.6478 seg(log)=0.6376 seg(bw)=0.0000 vol=1.6523 cent=1.1991 t=5.00 lr=9.00e-04
[E451 i0125 STD] tot=7.5996 seg(log)=0.6374 seg(bw)=0.0000 vol=1.6067 cent=1.1986 t=5.00 lr=9.00e-04
[E451 i0150 EXP] tot=7.6354 seg(log)=0.6905 seg(bw)=0.0000 vol=1.6432 cent=1.1984 t=5.00 lr=9.00e-04
[E451 i0175 STD] tot=7.5882 seg(log)=0.6765 seg(bw)=0.0000 vol=1.5953 cent=1.1986 t=5.00 lr=9.00e-04
[E451] train tot=7.6150 seg(log)=0.6685 seg(bw)=0.0000 vol=1.6209 cent=1.1988 | val seg=0.6923 meanFGDice=0.5713 | best=0.5846 pat=37/100
[E452 i0000 EXP] tot=7.6444 seg(log)=0.6786 seg(bw)=0.0000 vol=1.6519 cent=1.1985 t=5.00 lr=9.00e-04
[E452 i0025 STD] tot=7.5817 seg(log)=0.6509 seg(bw)=0.0000 vol=1.5879 cent=1.1988 t=5.00 lr=9.00e-04
[E452 i0050 EXP] tot=7.6450 seg(log)=0.6586 seg(bw)=0.0000 vol=1.6507 cent=1.1989 t=5.00 lr=9.00e-04
[E452 i0075 STD] tot=7.5870 seg(log)=0.6703 seg(bw)=0.0000 vol=1.5929 cent=1.1988 t=5.00 lr=9.00e-04
[E452 i0100 EXP] tot=7.6470 seg(log)=0.6439 seg(bw)=0.0000 vol=1.6542 cent=1.1986 t=5.00 lr=9.00e-04
[E452 i0125 STD] tot=7.5730 seg(log)=0.7079 seg(bw)=0.0000 vol=1.5793 cent=1.1987 t=5.00 lr=9.00e-04
[E452 i0150 EXP] tot=7.6484 seg(log)=0.6492 seg(bw)=0.0000 vol=1.6522 cent=1.1992 t=5.00 lr=9.00e-04
[E452 i0175 STD] tot=7.5970 seg(log)=0.6395 seg(bw)=0.0000 vol=1.6039 cent=1.1986 t=5.00 lr=9.00e-04
[E452] train tot=7.6145 seg(log)=0.6748 seg(bw)=0.0000 vol=1.6202 cent=1.1988 | val seg=0.6687 meanFGDice=0.5805 | best=0.5846 pat=38/100
[E453 i0000 EXP] tot=7.6381 seg(log)=0.6641 seg(bw)=0.0000 vol=1.6450 cent=1.1986 t=5.00 lr=9.00e-04
[E453 i0025 STD] tot=7.5859 seg(log)=0.6530 seg(bw)=0.0000 vol=1.5922 cent=1.1988 t=5.00 lr=9.00e-04
[E453 i0050 EXP] tot=7.6481 seg(log)=0.6423 seg(bw)=0.0000 vol=1.6522 cent=1.1992 t=5.00 lr=9.00e-04
[E453 i0075 STD] tot=7.5803 seg(log)=0.6736 seg(bw)=0.0000 vol=1.5863 cent=1.1988 t=5.00 lr=9.00e-04
[E453 i0100 EXP] tot=7.6443 seg(log)=0.6692 seg(bw)=0.0000 vol=1.6508 cent=1.1987 t=5.00 lr=9.00e-04
[E453 i0125 STD] tot=7.5873 seg(log)=0.6436 seg(bw)=0.0000 vol=1.5946 cent=1.1985 t=5.00 lr=9.00e-04
[E453 i0150 EXP] tot=7.6423 seg(log)=0.6673 seg(bw)=0.0000 vol=1.6499 cent=1.1985 t=5.00 lr=9.00e-04
[E453 i0175 STD] tot=7.5877 seg(log)=0.6699 seg(bw)=0.0000 vol=1.5926 cent=1.1990 t=5.00 lr=9.00e-04
[E453] train tot=7.6150 seg(log)=0.6667 seg(bw)=0.0000 vol=1.6205 cent=1.1989 | val seg=0.6915 meanFGDice=0.5733 | best=0.5846 pat=39/100
[E454 i0000 EXP] tot=7.6456 seg(log)=0.6495 seg(bw)=0.0000 vol=1.6524 cent=1.1986 t=5.00 lr=9.00e-04
[E454 i0025 STD] tot=7.6135 seg(log)=0.6380 seg(bw)=0.0000 vol=1.6164 cent=1.1994 t=5.00 lr=9.00e-04
[E454 i0050 EXP] tot=7.6369 seg(log)=0.6879 seg(bw)=0.0000 vol=1.6441 cent=1.1986 t=5.00 lr=9.00e-04
[E454 i0075 STD] tot=7.5925 seg(log)=0.6129 seg(bw)=0.0000 vol=1.5934 cent=1.1998 t=5.00 lr=9.00e-04
[E454 i0100 EXP] tot=7.6473 seg(log)=0.6542 seg(bw)=0.0000 vol=1.6511 cent=1.1992 t=5.00 lr=9.00e-04
[E454 i0125 STD] tot=7.5636 seg(log)=0.7134 seg(bw)=0.0000 vol=1.5671 cent=1.1993 t=5.00 lr=9.00e-04
[E454 i0150 EXP] tot=7.6456 seg(log)=0.6674 seg(bw)=0.0000 vol=1.6504 cent=1.1990 t=5.00 lr=9.00e-04
[E454 i0175 STD] tot=7.5806 seg(log)=0.7002 seg(bw)=0.0000 vol=1.5812 cent=1.1999 t=5.00 lr=9.00e-04
[E454] train tot=7.6168 seg(log)=0.6725 seg(bw)=0.0000 vol=1.6209 cent=1.1992 | val seg=0.6539 meanFGDice=0.5841 | best=0.5846 pat=40/100
[E455 i0000 EXP] tot=7.6546 seg(log)=0.6008 seg(bw)=0.0000 vol=1.6582 cent=1.1993 t=5.00 lr=9.00e-04
[E455 i0025 STD] tot=7.5778 seg(log)=0.6879 seg(bw)=0.0000 vol=1.5845 cent=1.1987 t=5.00 lr=9.00e-04
[E455 i0050 EXP] tot=7.6355 seg(log)=0.7039 seg(bw)=0.0000 vol=1.6415 cent=1.1988 t=5.00 lr=9.00e-04
[E455 i0075 STD] tot=7.5873 seg(log)=0.6739 seg(bw)=0.0000 vol=1.5934 cent=1.1988 t=5.00 lr=9.00e-04
[E455 i0100 EXP] tot=7.6516 seg(log)=0.6425 seg(bw)=0.0000 vol=1.6550 cent=1.1993 t=5.00 lr=9.00e-04
[E455 i0125 STD] tot=7.5757 seg(log)=0.7413 seg(bw)=0.0000 vol=1.5814 cent=1.1989 t=5.00 lr=9.00e-04
[E455 i0150 EXP] tot=7.6464 seg(log)=0.6383 seg(bw)=0.0000 vol=1.6534 cent=1.1986 t=5.00 lr=9.00e-04
[E455 i0175 STD] tot=7.5892 seg(log)=0.6306 seg(bw)=0.0000 vol=1.5945 cent=1.1989 t=5.00 lr=9.00e-04
[E455] train tot=7.6156 seg(log)=0.6690 seg(bw)=0.0000 vol=1.6206 cent=1.1990 | val seg=0.7509 meanFGDice=0.5597 | best=0.5846 pat=41/100
[E456 i0000 EXP] tot=7.6460 seg(log)=0.6811 seg(bw)=0.0000 vol=1.6511 cent=1.1990 t=5.00 lr=9.00e-04
[E456 i0025 STD] tot=7.6011 seg(log)=0.6350 seg(bw)=0.0000 vol=1.6044 cent=1.1993 t=5.00 lr=9.00e-04
[E456 i0050 EXP] tot=7.6422 seg(log)=0.6614 seg(bw)=0.0000 vol=1.6488 cent=1.1987 t=5.00 lr=9.00e-04
[E456 i0075 STD] tot=7.5834 seg(log)=0.6856 seg(bw)=0.0000 vol=1.5875 cent=1.1992 t=5.00 lr=9.00e-04
[E456 i0100 EXP] tot=7.6456 seg(log)=0.6443 seg(bw)=0.0000 vol=1.6524 cent=1.1986 t=5.00 lr=9.00e-04
[E456 i0125 STD] tot=7.5952 seg(log)=0.6384 seg(bw)=0.0000 vol=1.6016 cent=1.1987 t=5.00 lr=9.00e-04
[E456 i0150 EXP] tot=7.6490 seg(log)=0.6387 seg(bw)=0.0000 vol=1.6555 cent=1.1987 t=5.00 lr=9.00e-04
[E456 i0175 STD] tot=7.5875 seg(log)=0.6220 seg(bw)=0.0000 vol=1.5912 cent=1.1993 t=5.00 lr=9.00e-04
[E456] train tot=7.6167 seg(log)=0.6615 seg(bw)=0.0000 vol=1.6213 cent=1.1991 | val seg=0.6661 meanFGDice=0.5792 | best=0.5846 pat=42/100
[E457 i0000 EXP] tot=7.6499 seg(log)=0.6260 seg(bw)=0.0000 vol=1.6558 cent=1.1988 t=5.00 lr=9.00e-04
[E457 i0025 STD] tot=7.5772 seg(log)=0.7162 seg(bw)=0.0000 vol=1.5783 cent=1.1998 t=5.00 lr=9.00e-04
[E457 i0050 EXP] tot=7.6484 seg(log)=0.6658 seg(bw)=0.0000 vol=1.6525 cent=1.1992 t=5.00 lr=9.00e-04
[E457 i0075 STD] tot=7.5841 seg(log)=0.6587 seg(bw)=0.0000 vol=1.5905 cent=1.1987 t=5.00 lr=9.00e-04
[E457 i0100 EXP] tot=7.6449 seg(log)=0.6548 seg(bw)=0.0000 vol=1.6519 cent=1.1986 t=5.00 lr=9.00e-04
[E457 i0125 STD] tot=7.5737 seg(log)=0.6857 seg(bw)=0.0000 vol=1.5806 cent=1.1986 t=5.00 lr=9.00e-04
[E457 i0150 EXP] tot=7.6364 seg(log)=0.7155 seg(bw)=0.0000 vol=1.6438 cent=1.1985 t=5.00 lr=9.00e-04
[E457 i0175 STD] tot=7.5944 seg(log)=0.6383 seg(bw)=0.0000 vol=1.5963 cent=1.1996 t=5.00 lr=9.00e-04
[E457] train tot=7.6149 seg(log)=0.6703 seg(bw)=0.0000 vol=1.6206 cent=1.1989 | val seg=0.6795 meanFGDice=0.5787 | best=0.5846 pat=43/100
[E458 i0000 EXP] tot=7.6497 seg(log)=0.6304 seg(bw)=0.0000 vol=1.6562 cent=1.1987 t=5.00 lr=9.00e-04
[E458 i0025 STD] tot=7.5853 seg(log)=0.6773 seg(bw)=0.0000 vol=1.5914 cent=1.1988 t=5.00 lr=9.00e-04
[E458 i0050 EXP] tot=7.6430 seg(log)=0.6613 seg(bw)=0.0000 vol=1.6491 cent=1.1988 t=5.00 lr=9.00e-04
[E458 i0075 STD] tot=7.5883 seg(log)=0.6524 seg(bw)=0.0000 vol=1.5941 cent=1.1989 t=5.00 lr=9.00e-04
[E458 i0100 EXP] tot=7.6537 seg(log)=0.5987 seg(bw)=0.0000 vol=1.6607 cent=1.1986 t=5.00 lr=9.00e-04
[E458 i0125 STD] tot=7.5880 seg(log)=0.6923 seg(bw)=0.0000 vol=1.5943 cent=1.1987 t=5.00 lr=9.00e-04
[E458 i0150 EXP] tot=7.6408 seg(log)=0.6825 seg(bw)=0.0000 vol=1.6470 cent=1.1988 t=5.00 lr=9.00e-04
[E458 i0175 STD] tot=7.5689 seg(log)=0.7201 seg(bw)=0.0000 vol=1.5744 cent=1.1989 t=5.00 lr=9.00e-04
[E458] train tot=7.6145 seg(log)=0.6649 seg(bw)=0.0000 vol=1.6206 cent=1.1988 | val seg=0.6834 meanFGDice=0.5761 | best=0.5846 pat=44/100
[E459 i0000 EXP] tot=7.6519 seg(log)=0.6130 seg(bw)=0.0000 vol=1.6590 cent=1.1986 t=5.00 lr=9.00e-04
[E459 i0025 STD] tot=7.5915 seg(log)=0.6578 seg(bw)=0.0000 vol=1.5983 cent=1.1986 t=5.00 lr=9.00e-04
[E459 i0050 EXP] tot=7.6425 seg(log)=0.6409 seg(bw)=0.0000 vol=1.6496 cent=1.1986 t=5.00 lr=9.00e-04
[E459 i0075 STD] tot=7.5916 seg(log)=0.6800 seg(bw)=0.0000 vol=1.5965 cent=1.1990 t=5.00 lr=9.00e-04
[E459 i0100 EXP] tot=7.6461 seg(log)=0.6492 seg(bw)=0.0000 vol=1.6533 cent=1.1985 t=5.00 lr=9.00e-04
[E459 i0125 STD] tot=7.5871 seg(log)=0.6536 seg(bw)=0.0000 vol=1.5935 cent=1.1987 t=5.00 lr=9.00e-04
[E459 i0150 EXP] tot=7.6478 seg(log)=0.6428 seg(bw)=0.0000 vol=1.6522 cent=1.1991 t=5.00 lr=9.00e-04
[E459 i0175 STD] tot=7.5951 seg(log)=0.6476 seg(bw)=0.0000 vol=1.6014 cent=1.1987 t=5.00 lr=9.00e-04
[E459] train tot=7.6149 seg(log)=0.6691 seg(bw)=0.0000 vol=1.6207 cent=1.1988 | val seg=0.6971 meanFGDice=0.5733 | best=0.5846 pat=45/100
[E460 i0000 EXP] tot=7.6478 seg(log)=0.6273 seg(bw)=0.0000 vol=1.6552 cent=1.1985 t=5.00 lr=9.00e-04
[E460 i0025 STD] tot=7.5898 seg(log)=0.6759 seg(bw)=0.0000 vol=1.5963 cent=1.1987 t=5.00 lr=9.00e-04
[E460 i0050 EXP] tot=7.6412 seg(log)=0.6979 seg(bw)=0.0000 vol=1.6456 cent=1.1991 t=5.00 lr=9.00e-04
[E460 i0075 STD] tot=7.5920 seg(log)=0.6947 seg(bw)=0.0000 vol=1.5943 cent=1.1995 t=5.00 lr=9.00e-04
[E460 i0100 EXP] tot=7.6522 seg(log)=0.6236 seg(bw)=0.0000 vol=1.6586 cent=1.1987 t=5.00 lr=9.00e-04
[E460 i0125 STD] tot=7.5707 seg(log)=0.7075 seg(bw)=0.0000 vol=1.5754 cent=1.1991 t=5.00 lr=9.00e-04
[E460 i0150 EXP] tot=7.6393 seg(log)=0.6756 seg(bw)=0.0000 vol=1.6464 cent=1.1986 t=5.00 lr=9.00e-04
[E460 i0175 STD] tot=7.5761 seg(log)=0.7142 seg(bw)=0.0000 vol=1.5813 cent=1.1990 t=5.00 lr=9.00e-04
[E460] train tot=7.6146 seg(log)=0.6704 seg(bw)=0.0000 vol=1.6207 cent=1.1988 | val seg=0.6744 meanFGDice=0.5753 | best=0.5846 pat=46/100
[E461 i0000 EXP] tot=7.6478 seg(log)=0.6351 seg(bw)=0.0000 vol=1.6553 cent=1.1985 t=5.00 lr=9.00e-04
[E461 i0025 STD] tot=7.5868 seg(log)=0.6640 seg(bw)=0.0000 vol=1.5913 cent=1.1991 t=5.00 lr=9.00e-04
[E461 i0050 EXP] tot=7.6373 seg(log)=0.6909 seg(bw)=0.0000 vol=1.6423 cent=1.1990 t=5.00 lr=9.00e-04
[E461 i0075 STD] tot=7.5841 seg(log)=0.7055 seg(bw)=0.0000 vol=1.5888 cent=1.1991 t=5.00 lr=9.00e-04
[E461 i0100 EXP] tot=7.6477 seg(log)=0.6418 seg(bw)=0.0000 vol=1.6550 cent=1.1985 t=5.00 lr=9.00e-04
[E461 i0125 STD] tot=7.5905 seg(log)=0.6576 seg(bw)=0.0000 vol=1.5970 cent=1.1987 t=5.00 lr=9.00e-04
[E461 i0150 EXP] tot=7.6430 seg(log)=0.6627 seg(bw)=0.0000 vol=1.6496 cent=1.1987 t=5.00 lr=9.00e-04
[E461 i0175 STD] tot=7.6031 seg(log)=0.6446 seg(bw)=0.0000 vol=1.6094 cent=1.1987 t=5.00 lr=9.00e-04
[E461] train tot=7.6144 seg(log)=0.6684 seg(bw)=0.0000 vol=1.6205 cent=1.1988 | val seg=0.7021 meanFGDice=0.5735 | best=0.5846 pat=47/100
[E462 i0000 EXP] tot=7.6389 seg(log)=0.6981 seg(bw)=0.0000 vol=1.6442 cent=1.1989 t=5.00 lr=9.00e-04
[E462 i0025 STD] tot=7.5663 seg(log)=0.6896 seg(bw)=0.0000 vol=1.5733 cent=1.1986 t=5.00 lr=9.00e-04
[E462 i0050 EXP] tot=7.6511 seg(log)=0.6268 seg(bw)=0.0000 vol=1.6569 cent=1.1988 t=5.00 lr=9.00e-04
[E462 i0075 STD] tot=7.5866 seg(log)=0.6550 seg(bw)=0.0000 vol=1.5923 cent=1.1989 t=5.00 lr=9.00e-04
[E462 i0100 EXP] tot=7.6404 seg(log)=0.6858 seg(bw)=0.0000 vol=1.6468 cent=1.1987 t=5.00 lr=9.00e-04
[E462 i0125 STD] tot=7.5761 seg(log)=0.6897 seg(bw)=0.0000 vol=1.5832 cent=1.1986 t=5.00 lr=9.00e-04
[E462 i0150 EXP] tot=7.6460 seg(log)=0.6723 seg(bw)=0.0000 vol=1.6531 cent=1.1986 t=5.00 lr=9.00e-04
[E462 i0175 STD] tot=7.5911 seg(log)=0.6562 seg(bw)=0.0000 vol=1.5976 cent=1.1987 t=5.00 lr=9.00e-04
[E462] train tot=7.6148 seg(log)=0.6747 seg(bw)=0.0000 vol=1.6205 cent=1.1989 | val seg=0.6684 meanFGDice=0.5808 | best=0.5846 pat=48/100
[E463 i0000 EXP] tot=7.6559 seg(log)=0.6132 seg(bw)=0.0000 vol=1.6617 cent=1.1988 t=5.00 lr=9.00e-04
[E463 i0025 STD] tot=7.5781 seg(log)=0.6732 seg(bw)=0.0000 vol=1.5852 cent=1.1986 t=5.00 lr=9.00e-04
[E463 i0050 EXP] tot=7.6520 seg(log)=0.6326 seg(bw)=0.0000 vol=1.6572 cent=1.1989 t=5.00 lr=9.00e-04
[E463 i0075 STD] tot=7.5830 seg(log)=0.6720 seg(bw)=0.0000 vol=1.5891 cent=1.1988 t=5.00 lr=9.00e-04
[E463 i0100 EXP] tot=7.6495 seg(log)=0.6459 seg(bw)=0.0000 vol=1.6560 cent=1.1987 t=5.00 lr=9.00e-04
[E463 i0125 STD] tot=7.5975 seg(log)=0.6456 seg(bw)=0.0000 vol=1.6034 cent=1.1988 t=5.00 lr=9.00e-04
[E463 i0150 EXP] tot=7.6506 seg(log)=0.6341 seg(bw)=0.0000 vol=1.6573 cent=1.1987 t=5.00 lr=9.00e-04
[E463 i0175 STD] tot=7.5981 seg(log)=0.6861 seg(bw)=0.0000 vol=1.6005 cent=1.1995 t=5.00 lr=9.00e-04
[E463] train tot=7.6148 seg(log)=0.6719 seg(bw)=0.0000 vol=1.6203 cent=1.1989 | val seg=0.7063 meanFGDice=0.5652 | best=0.5846 pat=49/100
[E464 i0000 EXP] tot=7.6401 seg(log)=0.6688 seg(bw)=0.0000 vol=1.6476 cent=1.1985 t=5.00 lr=9.00e-04
[E464 i0025 STD] tot=7.5740 seg(log)=0.6789 seg(bw)=0.0000 vol=1.5810 cent=1.1986 t=5.00 lr=9.00e-04
[E464 i0050 EXP] tot=7.6377 seg(log)=0.6997 seg(bw)=0.0000 vol=1.6423 cent=1.1991 t=5.00 lr=9.00e-04
[E464 i0075 STD] tot=7.5943 seg(log)=0.6710 seg(bw)=0.0000 vol=1.5984 cent=1.1992 t=5.00 lr=9.00e-04
[E464 i0100 EXP] tot=7.6402 seg(log)=0.7138 seg(bw)=0.0000 vol=1.6464 cent=1.1988 t=5.00 lr=9.00e-04
[E464 i0125 STD] tot=7.6068 seg(log)=0.6328 seg(bw)=0.0000 vol=1.6138 cent=1.1986 t=5.00 lr=9.00e-04
[E464 i0150 EXP] tot=7.6374 seg(log)=0.6964 seg(bw)=0.0000 vol=1.6438 cent=1.1987 t=5.00 lr=9.00e-04
[E464 i0175 STD] tot=7.5992 seg(log)=0.6640 seg(bw)=0.0000 vol=1.6063 cent=1.1986 t=5.00 lr=9.00e-04
[E464] train tot=7.6153 seg(log)=0.6746 seg(bw)=0.0000 vol=1.6210 cent=1.1989 | val seg=0.6742 meanFGDice=0.5783 | best=0.5846 pat=50/100
[E465 i0000 EXP] tot=7.6337 seg(log)=0.7481 seg(bw)=0.0000 vol=1.6397 cent=1.1988 t=5.00 lr=9.00e-04
[E465 i0025 STD] tot=7.5918 seg(log)=0.6636 seg(bw)=0.0000 vol=1.5966 cent=1.1990 t=5.00 lr=9.00e-04
[E465 i0050 EXP] tot=7.6422 seg(log)=0.6784 seg(bw)=0.0000 vol=1.6490 cent=1.1986 t=5.00 lr=9.00e-04
[E465 i0075 STD] tot=7.5905 seg(log)=0.6887 seg(bw)=0.0000 vol=1.5951 cent=1.1991 t=5.00 lr=9.00e-04
[E465 i0100 EXP] tot=7.6381 seg(log)=0.6888 seg(bw)=0.0000 vol=1.6454 cent=1.1986 t=5.00 lr=9.00e-04
[E465 i0125 STD] tot=7.5889 seg(log)=0.6512 seg(bw)=0.0000 vol=1.5951 cent=1.1988 t=5.00 lr=9.00e-04
[E465 i0150 EXP] tot=7.6466 seg(log)=0.6495 seg(bw)=0.0000 vol=1.6529 cent=1.1987 t=5.00 lr=9.00e-04
[E465 i0175 STD] tot=7.5776 seg(log)=0.6803 seg(bw)=0.0000 vol=1.5820 cent=1.1991 t=5.00 lr=9.00e-04
[E465] train tot=7.6147 seg(log)=0.6777 seg(bw)=0.0000 vol=1.6203 cent=1.1989 | val seg=0.6859 meanFGDice=0.5740 | best=0.5846 pat=51/100
[E466 i0000 EXP] tot=7.6369 seg(log)=0.7022 seg(bw)=0.0000 vol=1.6437 cent=1.1986 t=5.00 lr=9.00e-04
[E466 i0025 STD] tot=7.5814 seg(log)=0.6809 seg(bw)=0.0000 vol=1.5836 cent=1.1996 t=5.00 lr=9.00e-04
[E466 i0050 EXP] tot=7.6452 seg(log)=0.6602 seg(bw)=0.0000 vol=1.6508 cent=1.1989 t=5.00 lr=9.00e-04
[E466 i0075 STD] tot=7.5782 seg(log)=0.6753 seg(bw)=0.0000 vol=1.5847 cent=1.1987 t=5.00 lr=9.00e-04
[E466 i0100 EXP] tot=7.6426 seg(log)=0.6566 seg(bw)=0.0000 vol=1.6497 cent=1.1986 t=5.00 lr=9.00e-04
[E466 i0125 STD] tot=7.5721 seg(log)=0.7249 seg(bw)=0.0000 vol=1.5752 cent=1.1994 t=5.00 lr=9.00e-04
[E466 i0150 EXP] tot=7.6419 seg(log)=0.6961 seg(bw)=0.0000 vol=1.6491 cent=1.1986 t=5.00 lr=9.00e-04
[E466 i0175 STD] tot=7.5930 seg(log)=0.6792 seg(bw)=0.0000 vol=1.5984 cent=1.1989 t=5.00 lr=9.00e-04
[E466] train tot=7.6153 seg(log)=0.6768 seg(bw)=0.0000 vol=1.6206 cent=1.1989 | val seg=0.6953 meanFGDice=0.5696 | best=0.5846 pat=52/100
[E467 i0000 EXP] tot=7.6408 seg(log)=0.6738 seg(bw)=0.0000 vol=1.6465 cent=1.1989 t=5.00 lr=9.00e-04
[E467 i0025 STD] tot=7.5978 seg(log)=0.6797 seg(bw)=0.0000 vol=1.6044 cent=1.1987 t=5.00 lr=9.00e-04
[E467 i0050 EXP] tot=7.6466 seg(log)=0.6536 seg(bw)=0.0000 vol=1.6534 cent=1.1986 t=5.00 lr=9.00e-04
[E467 i0075 STD] tot=7.5911 seg(log)=0.6913 seg(bw)=0.0000 vol=1.5967 cent=1.1989 t=5.00 lr=9.00e-04
[E467 i0100 EXP] tot=7.6485 seg(log)=0.6379 seg(bw)=0.0000 vol=1.6547 cent=1.1988 t=5.00 lr=9.00e-04
[E467 i0125 STD] tot=7.5911 seg(log)=0.6482 seg(bw)=0.0000 vol=1.5986 cent=1.1985 t=5.00 lr=9.00e-04
[E467 i0150 EXP] tot=7.6379 seg(log)=0.7049 seg(bw)=0.0000 vol=1.6417 cent=1.1992 t=5.00 lr=9.00e-04
[E467 i0175 STD] tot=7.6017 seg(log)=0.6162 seg(bw)=0.0000 vol=1.6066 cent=1.1990 t=5.00 lr=9.00e-04
[E467] train tot=7.6150 seg(log)=0.6741 seg(bw)=0.0000 vol=1.6203 cent=1.1989 | val seg=0.6593 meanFGDice=0.5880 | best=0.5880 pat=0/100
[E468 i0000 EXP] tot=7.6436 seg(log)=0.6544 seg(bw)=0.0000 vol=1.6495 cent=1.1988 t=5.00 lr=9.00e-04
[E468 i0025 STD] tot=7.5936 seg(log)=0.6438 seg(bw)=0.0000 vol=1.5976 cent=1.1992 t=5.00 lr=9.00e-04
[E468 i0050 EXP] tot=7.6454 seg(log)=0.6505 seg(bw)=0.0000 vol=1.6511 cent=1.1989 t=5.00 lr=9.00e-04
[E468 i0075 STD] tot=7.5967 seg(log)=0.6576 seg(bw)=0.0000 vol=1.6036 cent=1.1986 t=5.00 lr=9.00e-04
[E468 i0100 EXP] tot=7.6339 seg(log)=0.7132 seg(bw)=0.0000 vol=1.6389 cent=1.1990 t=5.00 lr=9.00e-04
[E468 i0125 STD] tot=7.5927 seg(log)=0.6773 seg(bw)=0.0000 vol=1.5970 cent=1.1992 t=5.00 lr=9.00e-04
[E468 i0150 EXP] tot=7.6445 seg(log)=0.6492 seg(bw)=0.0000 vol=1.6492 cent=1.1991 t=5.00 lr=9.00e-04
[E468 i0175 STD] tot=7.5918 seg(log)=0.6834 seg(bw)=0.0000 vol=1.5971 cent=1.1989 t=5.00 lr=9.00e-04
[E468] train tot=7.6157 seg(log)=0.6718 seg(bw)=0.0000 vol=1.6203 cent=1.1991 | val seg=0.6819 meanFGDice=0.5790 | best=0.5880 pat=1/100
[E469 i0000 EXP] tot=7.6455 seg(log)=0.6443 seg(bw)=0.0000 vol=1.6526 cent=1.1986 t=5.00 lr=9.00e-04
[E469 i0025 STD] tot=7.6066 seg(log)=0.6807 seg(bw)=0.0000 vol=1.6084 cent=1.1996 t=5.00 lr=9.00e-04
[E469 i0050 EXP] tot=7.6502 seg(log)=0.6372 seg(bw)=0.0000 vol=1.6564 cent=1.1988 t=5.00 lr=9.00e-04
[E469 i0075 STD] tot=7.5901 seg(log)=0.6574 seg(bw)=0.0000 vol=1.5969 cent=1.1986 t=5.00 lr=9.00e-04
[E469 i0100 EXP] tot=7.6532 seg(log)=0.6265 seg(bw)=0.0000 vol=1.6592 cent=1.1988 t=5.00 lr=9.00e-04
[E469 i0125 STD] tot=7.5817 seg(log)=0.6885 seg(bw)=0.0000 vol=1.5860 cent=1.1991 t=5.00 lr=9.00e-04
[E469 i0150 EXP] tot=7.6517 seg(log)=0.6411 seg(bw)=0.0000 vol=1.6574 cent=1.1989 t=5.00 lr=9.00e-04
[E469 i0175 STD] tot=7.5800 seg(log)=0.7581 seg(bw)=0.0000 vol=1.5822 cent=1.1996 t=5.00 lr=9.00e-04
[E469] train tot=7.6155 seg(log)=0.6801 seg(bw)=0.0000 vol=1.6205 cent=1.1990 | val seg=0.8061 meanFGDice=0.5621 | best=0.5880 pat=2/100
[E470 i0000 EXP] tot=7.6419 seg(log)=0.6877 seg(bw)=0.0000 vol=1.6464 cent=1.1991 t=5.00 lr=9.00e-04
[E470 i0025 STD] tot=7.6095 seg(log)=0.6386 seg(bw)=0.0000 vol=1.6145 cent=1.1990 t=5.00 lr=9.00e-04
[E470 i0050 EXP] tot=7.6337 seg(log)=0.7174 seg(bw)=0.0000 vol=1.6410 cent=1.1985 t=5.00 lr=9.00e-04
[E470 i0075 STD] tot=7.5830 seg(log)=0.6897 seg(bw)=0.0000 vol=1.5879 cent=1.1990 t=5.00 lr=9.00e-04
[E470 i0100 EXP] tot=7.6488 seg(log)=0.6429 seg(bw)=0.0000 vol=1.6552 cent=1.1987 t=5.00 lr=9.00e-04
[E470 i0125 STD] tot=7.5986 seg(log)=0.6767 seg(bw)=0.0000 vol=1.6025 cent=1.1992 t=5.00 lr=9.00e-04
[E470 i0150 EXP] tot=7.6511 seg(log)=0.6454 seg(bw)=0.0000 vol=1.6545 cent=1.1993 t=5.00 lr=9.00e-04
[E470 i0175 STD] tot=7.5652 seg(log)=0.7220 seg(bw)=0.0000 vol=1.5700 cent=1.1990 t=5.00 lr=9.00e-04
[E470] train tot=7.6151 seg(log)=0.6829 seg(bw)=0.0000 vol=1.6202 cent=1.1990 | val seg=0.6705 meanFGDice=0.5761 | best=0.5880 pat=3/100
[E471 i0000 EXP] tot=7.6388 seg(log)=0.7023 seg(bw)=0.0000 vol=1.6455 cent=1.1987 t=5.00 lr=9.00e-04
[E471 i0025 STD] tot=7.5856 seg(log)=0.6705 seg(bw)=0.0000 vol=1.5924 cent=1.1986 t=5.00 lr=9.00e-04
[E471 i0050 EXP] tot=7.6375 seg(log)=0.6937 seg(bw)=0.0000 vol=1.6444 cent=1.1986 t=5.00 lr=9.00e-04
[E471 i0075 STD] tot=7.5845 seg(log)=0.6630 seg(bw)=0.0000 vol=1.5897 cent=1.1990 t=5.00 lr=9.00e-04
[E471 i0100 EXP] tot=7.6435 seg(log)=0.7174 seg(bw)=0.0000 vol=1.6427 cent=1.2002 t=5.00 lr=9.00e-04
[E471 i0125 STD] tot=7.5941 seg(log)=0.6234 seg(bw)=0.0000 vol=1.6008 cent=1.1987 t=5.00 lr=9.00e-04
[E471 i0150 EXP] tot=7.6271 seg(log)=0.7350 seg(bw)=0.0000 vol=1.6337 cent=1.1987 t=5.00 lr=9.00e-04
[E471 i0175 STD] tot=7.5790 seg(log)=0.7118 seg(bw)=0.0000 vol=1.5844 cent=1.1989 t=5.00 lr=9.00e-04
[E471] train tot=7.6157 seg(log)=0.6719 seg(bw)=0.0000 vol=1.6207 cent=1.1990 | val seg=0.6943 meanFGDice=0.5712 | best=0.5880 pat=4/100
[E472 i0000 EXP] tot=7.6502 seg(log)=0.6267 seg(bw)=0.0000 vol=1.6571 cent=1.1986 t=5.00 lr=9.00e-04
[E472 i0025 STD] tot=7.5729 seg(log)=0.7113 seg(bw)=0.0000 vol=1.5788 cent=1.1988 t=5.00 lr=9.00e-04
[E472 i0050 EXP] tot=7.6469 seg(log)=0.6456 seg(bw)=0.0000 vol=1.6524 cent=1.1989 t=5.00 lr=9.00e-04
[E472 i0075 STD] tot=7.5564 seg(log)=0.7740 seg(bw)=0.0000 vol=1.5631 cent=1.1987 t=5.00 lr=9.00e-04
[E472 i0100 EXP] tot=7.6447 seg(log)=0.6453 seg(bw)=0.0000 vol=1.6514 cent=1.1987 t=5.00 lr=9.00e-04
[E472 i0125 STD] tot=7.5821 seg(log)=0.6682 seg(bw)=0.0000 vol=1.5889 cent=1.1986 t=5.00 lr=9.00e-04
[E472 i0150 EXP] tot=7.6464 seg(log)=0.6516 seg(bw)=0.0000 vol=1.6527 cent=1.1987 t=5.00 lr=9.00e-04
[E472 i0175 STD] tot=7.5793 seg(log)=0.7022 seg(bw)=0.0000 vol=1.5861 cent=1.1986 t=5.00 lr=9.00e-04
[E472] train tot=7.6145 seg(log)=0.6734 seg(bw)=0.0000 vol=1.6201 cent=1.1989 | val seg=0.6934 meanFGDice=0.5704 | best=0.5880 pat=5/100
[E473 i0000 EXP] tot=7.6342 seg(log)=0.7229 seg(bw)=0.0000 vol=1.6403 cent=1.1988 t=5.00 lr=9.00e-04
[E473 i0025 STD] tot=7.6024 seg(log)=0.6403 seg(bw)=0.0000 vol=1.6080 cent=1.1989 t=5.00 lr=9.00e-04
[E473 i0050 EXP] tot=7.6416 seg(log)=0.6678 seg(bw)=0.0000 vol=1.6472 cent=1.1989 t=5.00 lr=9.00e-04
[E473 i0075 STD] tot=7.6003 seg(log)=0.6690 seg(bw)=0.0000 vol=1.6060 cent=1.1989 t=5.00 lr=9.00e-04
[E473 i0100 EXP] tot=7.6495 seg(log)=0.6283 seg(bw)=0.0000 vol=1.6563 cent=1.1986 t=5.00 lr=9.00e-04
[E473 i0125 STD] tot=7.5852 seg(log)=0.7011 seg(bw)=0.0000 vol=1.5899 cent=1.1991 t=5.00 lr=9.00e-04
[E473 i0150 EXP] tot=7.6357 seg(log)=0.7396 seg(bw)=0.0000 vol=1.6374 cent=1.1997 t=5.00 lr=9.00e-04
[E473 i0175 STD] tot=7.5792 seg(log)=0.6721 seg(bw)=0.0000 vol=1.5847 cent=1.1989 t=5.00 lr=9.00e-04
[E473] train tot=7.6147 seg(log)=0.6698 seg(bw)=0.0000 vol=1.6205 cent=1.1989 | val seg=0.6747 meanFGDice=0.5752 | best=0.5880 pat=6/100
[E474 i0000 EXP] tot=7.6359 seg(log)=0.7158 seg(bw)=0.0000 vol=1.6432 cent=1.1986 t=5.00 lr=9.00e-04
[E474 i0025 STD] tot=7.5911 seg(log)=0.6614 seg(bw)=0.0000 vol=1.5977 cent=1.1987 t=5.00 lr=9.00e-04
[E474 i0050 EXP] tot=7.6343 seg(log)=0.7189 seg(bw)=0.0000 vol=1.6400 cent=1.1989 t=5.00 lr=9.00e-04
[E474 i0075 STD] tot=7.5964 seg(log)=0.6352 seg(bw)=0.0000 vol=1.6034 cent=1.1986 t=5.00 lr=9.00e-04
[E474 i0100 EXP] tot=7.6465 seg(log)=0.6441 seg(bw)=0.0000 vol=1.6534 cent=1.1986 t=5.00 lr=9.00e-04
[E474 i0125 STD] tot=7.5876 seg(log)=0.6597 seg(bw)=0.0000 vol=1.5940 cent=1.1987 t=5.00 lr=9.00e-04
[E474 i0150 EXP] tot=7.6418 seg(log)=0.6620 seg(bw)=0.0000 vol=1.6492 cent=1.1985 t=5.00 lr=9.00e-04
[E474 i0175 STD] tot=7.5837 seg(log)=0.6697 seg(bw)=0.0000 vol=1.5891 cent=1.1989 t=5.00 lr=9.00e-04
[E474] train tot=7.6148 seg(log)=0.6690 seg(bw)=0.0000 vol=1.6208 cent=1.1988 | val seg=0.6956 meanFGDice=0.5717 | best=0.5880 pat=7/100
[E475 i0000 EXP] tot=7.6451 seg(log)=0.6600 seg(bw)=0.0000 vol=1.6523 cent=1.1986 t=5.00 lr=9.00e-04
[E475 i0025 STD] tot=7.5629 seg(log)=0.7723 seg(bw)=0.0000 vol=1.5668 cent=1.1992 t=5.00 lr=9.00e-04
[E475 i0050 EXP] tot=7.6503 seg(log)=0.6166 seg(bw)=0.0000 vol=1.6569 cent=1.1987 t=5.00 lr=9.00e-04
[E475 i0075 STD] tot=7.5914 seg(log)=0.6649 seg(bw)=0.0000 vol=1.5900 cent=1.2003 t=5.00 lr=9.00e-04
[E475 i0100 EXP] tot=7.6368 seg(log)=0.6984 seg(bw)=0.0000 vol=1.6432 cent=1.1987 t=5.00 lr=9.00e-04
[E475 i0125 STD] tot=7.6011 seg(log)=0.6133 seg(bw)=0.0000 vol=1.6067 cent=1.1989 t=5.00 lr=9.00e-04
[E475 i0150 EXP] tot=7.6418 seg(log)=0.6843 seg(bw)=0.0000 vol=1.6443 cent=1.1995 t=5.00 lr=9.00e-04
[E475 i0175 STD] tot=7.5816 seg(log)=0.6680 seg(bw)=0.0000 vol=1.5872 cent=1.1989 t=5.00 lr=9.00e-04
[E475] train tot=7.6154 seg(log)=0.6615 seg(bw)=0.0000 vol=1.6208 cent=1.1989 | val seg=0.6693 meanFGDice=0.5739 | best=0.5880 pat=8/100
[E476 i0000 EXP] tot=7.6445 seg(log)=0.6491 seg(bw)=0.0000 vol=1.6512 cent=1.1987 t=5.00 lr=9.00e-04
[E476 i0025 STD] tot=7.5816 seg(log)=0.6768 seg(bw)=0.0000 vol=1.5872 cent=1.1989 t=5.00 lr=9.00e-04
[E476 i0050 EXP] tot=7.6420 seg(log)=0.6780 seg(bw)=0.0000 vol=1.6477 cent=1.1989 t=5.00 lr=9.00e-04
[E476 i0075 STD] tot=7.5715 seg(log)=0.6580 seg(bw)=0.0000 vol=1.5790 cent=1.1985 t=5.00 lr=9.00e-04
[E476 i0100 EXP] tot=7.6477 seg(log)=0.6219 seg(bw)=0.0000 vol=1.6548 cent=1.1986 t=5.00 lr=9.00e-04
[E476 i0125 STD] tot=7.5735 seg(log)=0.6934 seg(bw)=0.0000 vol=1.5791 cent=1.1989 t=5.00 lr=9.00e-04
[E476 i0150 EXP] tot=7.6337 seg(log)=0.7251 seg(bw)=0.0000 vol=1.6402 cent=1.1987 t=5.00 lr=9.00e-04
[E476 i0175 STD] tot=7.5725 seg(log)=0.7006 seg(bw)=0.0000 vol=1.5752 cent=1.1995 t=5.00 lr=9.00e-04
[E476] train tot=7.6148 seg(log)=0.6596 seg(bw)=0.0000 vol=1.6209 cent=1.1988 | val seg=0.6722 meanFGDice=0.5779 | best=0.5880 pat=9/100
[E477 i0000 EXP] tot=7.6441 seg(log)=0.6517 seg(bw)=0.0000 vol=1.6518 cent=1.1985 t=5.00 lr=9.00e-04
[E477 i0025 STD] tot=7.5848 seg(log)=0.6604 seg(bw)=0.0000 vol=1.5873 cent=1.1995 t=5.00 lr=9.00e-04
[E477 i0050 EXP] tot=7.6380 seg(log)=0.7077 seg(bw)=0.0000 vol=1.6451 cent=1.1986 t=5.00 lr=9.00e-04
[E477 i0075 STD] tot=7.5860 seg(log)=0.6815 seg(bw)=0.0000 vol=1.5882 cent=1.1995 t=5.00 lr=9.00e-04
[E477 i0100 EXP] tot=7.6528 seg(log)=0.6109 seg(bw)=0.0000 vol=1.6577 cent=1.1990 t=5.00 lr=9.00e-04
[E477 i0125 STD] tot=7.5873 seg(log)=0.6590 seg(bw)=0.0000 vol=1.5923 cent=1.1990 t=5.00 lr=9.00e-04
[E477 i0150 EXP] tot=7.6415 seg(log)=0.6837 seg(bw)=0.0000 vol=1.6481 cent=1.1987 t=5.00 lr=9.00e-04
[E477 i0175 STD] tot=7.5883 seg(log)=0.6378 seg(bw)=0.0000 vol=1.5940 cent=1.1989 t=5.00 lr=9.00e-04
[E477] train tot=7.6153 seg(log)=0.6698 seg(bw)=0.0000 vol=1.6207 cent=1.1989 | val seg=0.6827 meanFGDice=0.5731 | best=0.5880 pat=10/100
[E478 i0000 EXP] tot=7.6423 seg(log)=0.6689 seg(bw)=0.0000 vol=1.6479 cent=1.1989 t=5.00 lr=9.00e-04
[E478 i0025 STD] tot=7.6056 seg(log)=0.6361 seg(bw)=0.0000 vol=1.6088 cent=1.1994 t=5.00 lr=9.00e-04
[E478 i0050 EXP] tot=7.6406 seg(log)=0.6872 seg(bw)=0.0000 vol=1.6466 cent=1.1988 t=5.00 lr=9.00e-04
[E478 i0075 STD] tot=7.5933 seg(log)=0.6743 seg(bw)=0.0000 vol=1.5997 cent=1.1987 t=5.00 lr=9.00e-04
[E478 i0100 EXP] tot=7.6479 seg(log)=0.6612 seg(bw)=0.0000 vol=1.6523 cent=1.1991 t=5.00 lr=9.00e-04
[E478 i0125 STD] tot=7.5910 seg(log)=0.6722 seg(bw)=0.0000 vol=1.5966 cent=1.1989 t=5.00 lr=9.00e-04
[E478 i0150 EXP] tot=7.6405 seg(log)=0.6859 seg(bw)=0.0000 vol=1.6473 cent=1.1986 t=5.00 lr=9.00e-04
[E478 i0175 STD] tot=7.5872 seg(log)=0.7027 seg(bw)=0.0000 vol=1.5924 cent=1.1990 t=5.00 lr=9.00e-04
[E478] train tot=7.6155 seg(log)=0.6735 seg(bw)=0.0000 vol=1.6209 cent=1.1989 | val seg=0.6953 meanFGDice=0.5705 | best=0.5880 pat=11/100
[E479 i0000 EXP] tot=7.6489 seg(log)=0.6374 seg(bw)=0.0000 vol=1.6548 cent=1.1988 t=5.00 lr=9.00e-04
[E479 i0025 STD] tot=7.5838 seg(log)=0.6751 seg(bw)=0.0000 vol=1.5899 cent=1.1988 t=5.00 lr=9.00e-04
[E479 i0050 EXP] tot=7.6467 seg(log)=0.6468 seg(bw)=0.0000 vol=1.6532 cent=1.1987 t=5.00 lr=9.00e-04
[E479 i0075 STD] tot=7.5900 seg(log)=0.6678 seg(bw)=0.0000 vol=1.5954 cent=1.1989 t=5.00 lr=9.00e-04
[E479 i0100 EXP] tot=7.6398 seg(log)=0.7173 seg(bw)=0.0000 vol=1.6461 cent=1.1987 t=5.00 lr=9.00e-04
[E479 i0125 STD] tot=7.5899 seg(log)=0.7035 seg(bw)=0.0000 vol=1.5963 cent=1.1987 t=5.00 lr=9.00e-04
[E479 i0150 EXP] tot=7.6416 seg(log)=0.6810 seg(bw)=0.0000 vol=1.6482 cent=1.1987 t=5.00 lr=9.00e-04
[E479 i0175 STD] tot=7.5823 seg(log)=0.6887 seg(bw)=0.0000 vol=1.5897 cent=1.1985 t=5.00 lr=9.00e-04
[E479] train tot=7.6154 seg(log)=0.6851 seg(bw)=0.0000 vol=1.6204 cent=1.1990 | val seg=0.6956 meanFGDice=0.5705 | best=0.5880 pat=12/100
[E480 i0000 EXP] tot=7.6448 seg(log)=0.6705 seg(bw)=0.0000 vol=1.6510 cent=1.1988 t=5.00 lr=9.00e-04
[E480 i0025 STD] tot=7.6039 seg(log)=0.6603 seg(bw)=0.0000 vol=1.6082 cent=1.1991 t=5.00 lr=9.00e-04
[E480 i0050 EXP] tot=7.6425 seg(log)=0.6646 seg(bw)=0.0000 vol=1.6491 cent=1.1987 t=5.00 lr=9.00e-04
[E480 i0075 STD] tot=7.5710 seg(log)=0.7416 seg(bw)=0.0000 vol=1.5745 cent=1.1993 t=5.00 lr=9.00e-04
[E480 i0100 EXP] tot=7.6531 seg(log)=0.6326 seg(bw)=0.0000 vol=1.6581 cent=1.1990 t=5.00 lr=9.00e-04
[E480 i0125 STD] tot=7.5813 seg(log)=0.6959 seg(bw)=0.0000 vol=1.5842 cent=1.1994 t=5.00 lr=9.00e-04
[E480 i0150 EXP] tot=7.6512 seg(log)=0.6239 seg(bw)=0.0000 vol=1.6563 cent=1.1990 t=5.00 lr=9.00e-04
[E480 i0175 STD] tot=7.5986 seg(log)=0.6588 seg(bw)=0.0000 vol=1.6011 cent=1.1995 t=5.00 lr=9.00e-04
[E480] train tot=7.6153 seg(log)=0.6790 seg(bw)=0.0000 vol=1.6204 cent=1.1990 | val seg=0.6784 meanFGDice=0.5786 | best=0.5880 pat=13/100
[E481 i0000 EXP] tot=7.6474 seg(log)=0.6425 seg(bw)=0.0000 vol=1.6538 cent=1.1987 t=5.00 lr=9.00e-04
[E481 i0025 STD] tot=7.5886 seg(log)=0.6719 seg(bw)=0.0000 vol=1.5942 cent=1.1989 t=5.00 lr=9.00e-04
[E481 i0050 EXP] tot=7.6434 seg(log)=0.6722 seg(bw)=0.0000 vol=1.6498 cent=1.1987 t=5.00 lr=9.00e-04
[E481 i0075 STD] tot=7.5797 seg(log)=0.7347 seg(bw)=0.0000 vol=1.5870 cent=1.1985 t=5.00 lr=9.00e-04
[E481 i0100 EXP] tot=7.6494 seg(log)=0.6477 seg(bw)=0.0000 vol=1.6551 cent=1.1988 t=5.00 lr=9.00e-04
[E481 i0125 STD] tot=7.5758 seg(log)=0.6630 seg(bw)=0.0000 vol=1.5825 cent=1.1987 t=5.00 lr=9.00e-04
[E481 i0150 EXP] tot=7.6484 seg(log)=0.6456 seg(bw)=0.0000 vol=1.6547 cent=1.1988 t=5.00 lr=9.00e-04
[E481 i0175 STD] tot=7.5785 seg(log)=0.7017 seg(bw)=0.0000 vol=1.5852 cent=1.1987 t=5.00 lr=9.00e-04
[E481] train tot=7.6152 seg(log)=0.6662 seg(bw)=0.0000 vol=1.6207 cent=1.1989 | val seg=0.6616 meanFGDice=0.5820 | best=0.5880 pat=14/100
[E482 i0000 EXP] tot=7.6364 seg(log)=0.7170 seg(bw)=0.0000 vol=1.6423 cent=1.1988 t=5.00 lr=9.00e-04
[E482 i0025 STD] tot=7.5898 seg(log)=0.6633 seg(bw)=0.0000 vol=1.5956 cent=1.1988 t=5.00 lr=9.00e-04
[E482 i0050 EXP] tot=7.6373 seg(log)=0.7261 seg(bw)=0.0000 vol=1.6426 cent=1.1989 t=5.00 lr=9.00e-04
[E482 i0075 STD] tot=7.5883 seg(log)=0.6554 seg(bw)=0.0000 vol=1.5950 cent=1.1987 t=5.00 lr=9.00e-04
[E482 i0100 EXP] tot=7.6372 seg(log)=0.6944 seg(bw)=0.0000 vol=1.6443 cent=1.1986 t=5.00 lr=9.00e-04
[E482 i0125 STD] tot=7.5900 seg(log)=0.6851 seg(bw)=0.0000 vol=1.5966 cent=1.1987 t=5.00 lr=9.00e-04
[E482 i0150 EXP] tot=7.6459 seg(log)=0.6430 seg(bw)=0.0000 vol=1.6532 cent=1.1985 t=5.00 lr=9.00e-04
[E482 i0175 STD] tot=7.5825 seg(log)=0.6812 seg(bw)=0.0000 vol=1.5860 cent=1.1993 t=5.00 lr=9.00e-04
[E482] train tot=7.6149 seg(log)=0.6725 seg(bw)=0.0000 vol=1.6207 cent=1.1988 | val seg=0.6900 meanFGDice=0.5692 | best=0.5880 pat=15/100
[E483 i0000 EXP] tot=7.6378 seg(log)=0.7118 seg(bw)=0.0000 vol=1.6441 cent=1.1987 t=5.00 lr=9.00e-04
[E483 i0025 STD] tot=7.5646 seg(log)=0.7144 seg(bw)=0.0000 vol=1.5674 cent=1.1994 t=5.00 lr=9.00e-04
[E483 i0050 EXP] tot=7.6400 seg(log)=0.6761 seg(bw)=0.0000 vol=1.6474 cent=1.1985 t=5.00 lr=9.00e-04
[E483 i0075 STD] tot=7.6000 seg(log)=0.6322 seg(bw)=0.0000 vol=1.6073 cent=1.1985 t=5.00 lr=9.00e-04
[E483 i0100 EXP] tot=7.6478 seg(log)=0.6510 seg(bw)=0.0000 vol=1.6545 cent=1.1987 t=5.00 lr=9.00e-04
[E483 i0125 STD] tot=7.5990 seg(log)=0.6581 seg(bw)=0.0000 vol=1.6042 cent=1.1990 t=5.00 lr=9.00e-04
[E483 i0150 EXP] tot=7.6420 seg(log)=0.6805 seg(bw)=0.0000 vol=1.6483 cent=1.1987 t=5.00 lr=9.00e-04
[E483 i0175 STD] tot=7.5900 seg(log)=0.6994 seg(bw)=0.0000 vol=1.5863 cent=1.2007 t=5.00 lr=9.00e-04
[E483] train tot=7.6149 seg(log)=0.6779 seg(bw)=0.0000 vol=1.6207 cent=1.1988 | val seg=0.6992 meanFGDice=0.5705 | best=0.5880 pat=16/100
[E484 i0000 EXP] tot=7.6414 seg(log)=0.6788 seg(bw)=0.0000 vol=1.6490 cent=1.1985 t=5.00 lr=9.00e-04
[E484 i0025 STD] tot=7.5902 seg(log)=0.7026 seg(bw)=0.0000 vol=1.5972 cent=1.1986 t=5.00 lr=9.00e-04
[E484 i0050 EXP] tot=7.6560 seg(log)=0.6203 seg(bw)=0.0000 vol=1.6617 cent=1.1989 t=5.00 lr=9.00e-04
[E484 i0075 STD] tot=7.6015 seg(log)=0.6780 seg(bw)=0.0000 vol=1.6046 cent=1.1994 t=5.00 lr=9.00e-04
[E484 i0100 EXP] tot=7.6412 seg(log)=0.6879 seg(bw)=0.0000 vol=1.6477 cent=1.1987 t=5.00 lr=9.00e-04
[E484 i0125 STD] tot=7.5728 seg(log)=0.6739 seg(bw)=0.0000 vol=1.5809 cent=1.1984 t=5.00 lr=9.00e-04
[E484 i0150 EXP] tot=7.6510 seg(log)=0.6313 seg(bw)=0.0000 vol=1.6578 cent=1.1986 t=5.00 lr=9.00e-04
[E484 i0175 STD] tot=7.5863 seg(log)=0.6645 seg(bw)=0.0000 vol=1.5929 cent=1.1987 t=5.00 lr=9.00e-04
[E484] train tot=7.6137 seg(log)=0.6762 seg(bw)=0.0000 vol=1.6200 cent=1.1988 | val seg=0.6898 meanFGDice=0.5726 | best=0.5880 pat=17/100
[E485 i0000 EXP] tot=7.6412 seg(log)=0.7141 seg(bw)=0.0000 vol=1.6454 cent=1.1992 t=5.00 lr=9.00e-04
[E485 i0025 STD] tot=7.6005 seg(log)=0.6261 seg(bw)=0.0000 vol=1.6072 cent=1.1987 t=5.00 lr=9.00e-04
[E485 i0050 EXP] tot=7.6426 seg(log)=0.6741 seg(bw)=0.0000 vol=1.6499 cent=1.1986 t=5.00 lr=9.00e-04
[E485 i0075 STD] tot=7.5756 seg(log)=0.6804 seg(bw)=0.0000 vol=1.5824 cent=1.1986 t=5.00 lr=9.00e-04
[E485 i0100 EXP] tot=7.6415 seg(log)=0.6695 seg(bw)=0.0000 vol=1.6486 cent=1.1986 t=5.00 lr=9.00e-04
[E485 i0125 STD] tot=7.5886 seg(log)=0.6555 seg(bw)=0.0000 vol=1.5945 cent=1.1988 t=5.00 lr=9.00e-04
[E485 i0150 EXP] tot=7.6450 seg(log)=0.6708 seg(bw)=0.0000 vol=1.6504 cent=1.1989 t=5.00 lr=9.00e-04
[E485 i0175 STD] tot=7.5993 seg(log)=0.6327 seg(bw)=0.0000 vol=1.6065 cent=1.1986 t=5.00 lr=9.00e-04
[E485] train tot=7.6144 seg(log)=0.6706 seg(bw)=0.0000 vol=1.6206 cent=1.1988 | val seg=0.6762 meanFGDice=0.5794 | best=0.5880 pat=18/100
[E486 i0000 EXP] tot=7.6407 seg(log)=0.6580 seg(bw)=0.0000 vol=1.6482 cent=1.1985 t=5.00 lr=9.00e-04
[E486 i0025 STD] tot=7.5644 seg(log)=0.7256 seg(bw)=0.0000 vol=1.5667 cent=1.1995 t=5.00 lr=9.00e-04
[E486 i0050 EXP] tot=7.6443 seg(log)=0.6610 seg(bw)=0.0000 vol=1.6513 cent=1.1986 t=5.00 lr=9.00e-04
[E486 i0075 STD] tot=7.5699 seg(log)=0.7152 seg(bw)=0.0000 vol=1.5707 cent=1.1998 t=5.00 lr=9.00e-04
[E486 i0100 EXP] tot=7.6359 seg(log)=0.7009 seg(bw)=0.0000 vol=1.6431 cent=1.1986 t=5.00 lr=9.00e-04
[E486 i0125 STD] tot=7.5694 seg(log)=0.6856 seg(bw)=0.0000 vol=1.5753 cent=1.1988 t=5.00 lr=9.00e-04
[E486 i0150 EXP] tot=7.6472 seg(log)=0.6372 seg(bw)=0.0000 vol=1.6516 cent=1.1991 t=5.00 lr=9.00e-04
[E486 i0175 STD] tot=7.5886 seg(log)=0.6409 seg(bw)=0.0000 vol=1.5949 cent=1.1987 t=5.00 lr=9.00e-04
[E486] train tot=7.6146 seg(log)=0.6614 seg(bw)=0.0000 vol=1.6206 cent=1.1988 | val seg=0.6798 meanFGDice=0.5837 | best=0.5880 pat=19/100
[E487 i0000 EXP] tot=7.6393 seg(log)=0.6725 seg(bw)=0.0000 vol=1.6463 cent=1.1986 t=5.00 lr=9.00e-04
[E487 i0025 STD] tot=7.5941 seg(log)=0.6375 seg(bw)=0.0000 vol=1.5994 cent=1.1989 t=5.00 lr=9.00e-04
[E487 i0050 EXP] tot=7.6495 seg(log)=0.6279 seg(bw)=0.0000 vol=1.6561 cent=1.1987 t=5.00 lr=9.00e-04
[E487 i0075 STD] tot=7.6052 seg(log)=0.6431 seg(bw)=0.0000 vol=1.6106 cent=1.1989 t=5.00 lr=9.00e-04
[E487 i0100 EXP] tot=7.6497 seg(log)=0.6512 seg(bw)=0.0000 vol=1.6551 cent=1.1989 t=5.00 lr=9.00e-04
[E487 i0125 STD] tot=7.6014 seg(log)=0.6391 seg(bw)=0.0000 vol=1.6038 cent=1.1995 t=5.00 lr=9.00e-04
[E487 i0150 EXP] tot=7.6483 seg(log)=0.6349 seg(bw)=0.0000 vol=1.6527 cent=1.1991 t=5.00 lr=9.00e-04
[E487 i0175 STD] tot=7.6012 seg(log)=0.6209 seg(bw)=0.0000 vol=1.6084 cent=1.1986 t=5.00 lr=9.00e-04
[E487] train tot=7.6153 seg(log)=0.6689 seg(bw)=0.0000 vol=1.6210 cent=1.1989 | val seg=0.6699 meanFGDice=0.5771 | best=0.5880 pat=20/100
[E488 i0000 EXP] tot=7.6402 seg(log)=0.6818 seg(bw)=0.0000 vol=1.6469 cent=1.1987 t=5.00 lr=9.00e-04
[E488 i0025 STD] tot=7.6121 seg(log)=0.6450 seg(bw)=0.0000 vol=1.6136 cent=1.1997 t=5.00 lr=9.00e-04
[E488 i0050 EXP] tot=7.6283 seg(log)=0.7940 seg(bw)=0.0000 vol=1.6357 cent=1.1985 t=5.00 lr=9.00e-04
[E488 i0075 STD] tot=7.5895 seg(log)=0.6595 seg(bw)=0.0000 vol=1.5954 cent=1.1988 t=5.00 lr=9.00e-04
[E488 i0100 EXP] tot=7.6485 seg(log)=0.6473 seg(bw)=0.0000 vol=1.6536 cent=1.1990 t=5.00 lr=9.00e-04
[E488 i0125 STD] tot=7.5994 seg(log)=0.6656 seg(bw)=0.0000 vol=1.6065 cent=1.1986 t=5.00 lr=9.00e-04
[E488 i0150 EXP] tot=7.6456 seg(log)=0.6483 seg(bw)=0.0000 vol=1.6525 cent=1.1986 t=5.00 lr=9.00e-04
[E488 i0175 STD] tot=7.6012 seg(log)=0.6523 seg(bw)=0.0000 vol=1.6064 cent=1.1990 t=5.00 lr=9.00e-04
[E488] train tot=7.6151 seg(log)=0.6686 seg(bw)=0.0000 vol=1.6207 cent=1.1989 | val seg=0.6822 meanFGDice=0.5776 | best=0.5880 pat=21/100
[E489 i0000 EXP] tot=7.6451 seg(log)=0.6831 seg(bw)=0.0000 vol=1.6483 cent=1.1994 t=5.00 lr=9.00e-04
[E489 i0025 STD] tot=7.5728 seg(log)=0.6813 seg(bw)=0.0000 vol=1.5790 cent=1.1988 t=5.00 lr=9.00e-04
[E489 i0050 EXP] tot=7.6486 seg(log)=0.6461 seg(bw)=0.0000 vol=1.6547 cent=1.1988 t=5.00 lr=9.00e-04
[E489 i0075 STD] tot=7.5657 seg(log)=0.6911 seg(bw)=0.0000 vol=1.5719 cent=1.1988 t=5.00 lr=9.00e-04
[E489 i0100 EXP] tot=7.6516 seg(log)=0.6319 seg(bw)=0.0000 vol=1.6586 cent=1.1986 t=5.00 lr=9.00e-04
[E489 i0125 STD] tot=7.5934 seg(log)=0.6718 seg(bw)=0.0000 vol=1.5999 cent=1.1987 t=5.00 lr=9.00e-04
[E489 i0150 EXP] tot=7.6383 seg(log)=0.6862 seg(bw)=0.0000 vol=1.6441 cent=1.1989 t=5.00 lr=9.00e-04
[E489 i0175 STD] tot=7.5983 seg(log)=0.6367 seg(bw)=0.0000 vol=1.6029 cent=1.1991 t=5.00 lr=9.00e-04
[E489] train tot=7.6145 seg(log)=0.6663 seg(bw)=0.0000 vol=1.6203 cent=1.1988 | val seg=0.6850 meanFGDice=0.5728 | best=0.5880 pat=22/100
[E490 i0000 EXP] tot=7.6585 seg(log)=0.6615 seg(bw)=0.0000 vol=1.6531 cent=1.2011 t=5.00 lr=9.00e-04
[E490 i0025 STD] tot=7.5906 seg(log)=0.6201 seg(bw)=0.0000 vol=1.5980 cent=1.1985 t=5.00 lr=9.00e-04
[E490 i0050 EXP] tot=7.6422 seg(log)=0.6792 seg(bw)=0.0000 vol=1.6496 cent=1.1985 t=5.00 lr=9.00e-04
[E490 i0075 STD] tot=7.5702 seg(log)=0.6908 seg(bw)=0.0000 vol=1.5741 cent=1.1992 t=5.00 lr=9.00e-04
[E490 i0100 EXP] tot=7.6412 seg(log)=0.6762 seg(bw)=0.0000 vol=1.6467 cent=1.1989 t=5.00 lr=9.00e-04
[E490 i0125 STD] tot=7.6121 seg(log)=0.6415 seg(bw)=0.0000 vol=1.6166 cent=1.1991 t=5.00 lr=9.00e-04
[E490 i0150 EXP] tot=7.6492 seg(log)=0.6360 seg(bw)=0.0000 vol=1.6543 cent=1.1990 t=5.00 lr=9.00e-04
[E490 i0175 STD] tot=7.5918 seg(log)=0.6505 seg(bw)=0.0000 vol=1.5972 cent=1.1989 t=5.00 lr=9.00e-04
[E490] train tot=7.6160 seg(log)=0.6705 seg(bw)=0.0000 vol=1.6207 cent=1.1990 | val seg=0.6913 meanFGDice=0.5691 | best=0.5880 pat=23/100
[E491 i0000 EXP] tot=7.6473 seg(log)=0.6400 seg(bw)=0.0000 vol=1.6537 cent=1.1987 t=5.00 lr=9.00e-04
[E491 i0025 STD] tot=7.5984 seg(log)=0.6425 seg(bw)=0.0000 vol=1.6035 cent=1.1990 t=5.00 lr=9.00e-04
[E491 i0050 EXP] tot=7.6425 seg(log)=0.6453 seg(bw)=0.0000 vol=1.6481 cent=1.1989 t=5.00 lr=9.00e-04
[E491 i0075 STD] tot=7.5907 seg(log)=0.6115 seg(bw)=0.0000 vol=1.5976 cent=1.1986 t=5.00 lr=9.00e-04
[E491 i0100 EXP] tot=7.6495 seg(log)=0.6488 seg(bw)=0.0000 vol=1.6549 cent=1.1989 t=5.00 lr=9.00e-04
[E491 i0125 STD] tot=7.5998 seg(log)=0.6627 seg(bw)=0.0000 vol=1.6033 cent=1.1993 t=5.00 lr=9.00e-04
[E491 i0150 EXP] tot=7.6334 seg(log)=0.7712 seg(bw)=0.0000 vol=1.6366 cent=1.1994 t=5.00 lr=9.00e-04
[E491 i0175 STD] tot=7.5686 seg(log)=0.6874 seg(bw)=0.0000 vol=1.5743 cent=1.1989 t=5.00 lr=9.00e-04
[E491] train tot=7.6151 seg(log)=0.6596 seg(bw)=0.0000 vol=1.6200 cent=1.1990 | val seg=0.7211 meanFGDice=0.5603 | best=0.5880 pat=24/100
[E492 i0000 EXP] tot=7.6312 seg(log)=0.7779 seg(bw)=0.0000 vol=1.6366 cent=1.1989 t=5.00 lr=9.00e-04
[E492 i0025 STD] tot=7.5943 seg(log)=0.6394 seg(bw)=0.0000 vol=1.6008 cent=1.1987 t=5.00 lr=9.00e-04
[E492 i0050 EXP] tot=7.6416 seg(log)=0.6568 seg(bw)=0.0000 vol=1.6462 cent=1.1991 t=5.00 lr=9.00e-04
[E492 i0075 STD] tot=7.5932 seg(log)=0.6215 seg(bw)=0.0000 vol=1.5994 cent=1.1988 t=5.00 lr=9.00e-04
[E492 i0100 EXP] tot=7.6484 seg(log)=0.6276 seg(bw)=0.0000 vol=1.6553 cent=1.1986 t=5.00 lr=9.00e-04
[E492 i0125 STD] tot=7.5535 seg(log)=0.8423 seg(bw)=0.0000 vol=1.5575 cent=1.1992 t=5.00 lr=9.00e-04
[E492 i0150 EXP] tot=7.6536 seg(log)=0.5964 seg(bw)=0.0000 vol=1.6599 cent=1.1987 t=5.00 lr=9.00e-04
[E492 i0175 STD] tot=7.5908 seg(log)=0.6334 seg(bw)=0.0000 vol=1.5974 cent=1.1987 t=5.00 lr=9.00e-04
[E492] train tot=7.6153 seg(log)=0.6614 seg(bw)=0.0000 vol=1.6208 cent=1.1989 | val seg=0.6628 meanFGDice=0.5872 | best=0.5880 pat=25/100
[E493 i0000 EXP] tot=7.6496 seg(log)=0.6178 seg(bw)=0.0000 vol=1.6560 cent=1.1987 t=5.00 lr=9.00e-04
[E493 i0025 STD] tot=7.5905 seg(log)=0.6642 seg(bw)=0.0000 vol=1.5928 cent=1.1995 t=5.00 lr=9.00e-04
[E493 i0050 EXP] tot=7.6408 seg(log)=0.7002 seg(bw)=0.0000 vol=1.6447 cent=1.1992 t=5.00 lr=9.00e-04
[E493 i0075 STD] tot=7.5802 seg(log)=0.6742 seg(bw)=0.0000 vol=1.5851 cent=1.1990 t=5.00 lr=9.00e-04
[E493 i0100 EXP] tot=7.6413 seg(log)=0.6665 seg(bw)=0.0000 vol=1.6485 cent=1.1986 t=5.00 lr=9.00e-04
[E493 i0125 STD] tot=7.6081 seg(log)=0.6364 seg(bw)=0.0000 vol=1.6147 cent=1.1987 t=5.00 lr=9.00e-04
[E493 i0150 EXP] tot=7.6544 seg(log)=0.6219 seg(bw)=0.0000 vol=1.6613 cent=1.1986 t=5.00 lr=9.00e-04
[E493 i0175 STD] tot=7.6005 seg(log)=0.6554 seg(bw)=0.0000 vol=1.6044 cent=1.1992 t=5.00 lr=9.00e-04
[E493] train tot=7.6147 seg(log)=0.6670 seg(bw)=0.0000 vol=1.6205 cent=1.1988 | val seg=0.6693 meanFGDice=0.5736 | best=0.5880 pat=26/100
[E494 i0000 EXP] tot=7.6417 seg(log)=0.6753 seg(bw)=0.0000 vol=1.6475 cent=1.1988 t=5.00 lr=9.00e-04
[E494 i0025 STD] tot=7.6024 seg(log)=0.6360 seg(bw)=0.0000 vol=1.6053 cent=1.1994 t=5.00 lr=9.00e-04
[E494 i0050 EXP] tot=7.6464 seg(log)=0.6351 seg(bw)=0.0000 vol=1.6530 cent=1.1987 t=5.00 lr=9.00e-04
[E494 i0075 STD] tot=7.5646 seg(log)=0.6709 seg(bw)=0.0000 vol=1.5696 cent=1.1990 t=5.00 lr=9.00e-04
[E494 i0100 EXP] tot=7.6411 seg(log)=0.6875 seg(bw)=0.0000 vol=1.6456 cent=1.1991 t=5.00 lr=9.00e-04
[E494 i0125 STD] tot=7.5765 seg(log)=0.6650 seg(bw)=0.0000 vol=1.5832 cent=1.1987 t=5.00 lr=9.00e-04
[E494 i0150 EXP] tot=7.6498 seg(log)=0.6227 seg(bw)=0.0000 vol=1.6565 cent=1.1987 t=5.00 lr=9.00e-04
[E494 i0175 STD] tot=7.6049 seg(log)=0.7013 seg(bw)=0.0000 vol=1.6053 cent=1.1999 t=5.00 lr=9.00e-04
[E494] train tot=7.6149 seg(log)=0.6650 seg(bw)=0.0000 vol=1.6208 cent=1.1988 | val seg=0.6474 meanFGDice=0.5891 | best=0.5891 pat=0/100
[E495 i0000 EXP] tot=7.6349 seg(log)=0.7253 seg(bw)=0.0000 vol=1.6395 cent=1.1991 t=5.00 lr=9.00e-04
[E495 i0025 STD] tot=7.6110 seg(log)=0.6433 seg(bw)=0.0000 vol=1.6160 cent=1.1990 t=5.00 lr=9.00e-04
[E495 i0050 EXP] tot=7.6463 seg(log)=0.6418 seg(bw)=0.0000 vol=1.6536 cent=1.1985 t=5.00 lr=9.00e-04
[E495 i0075 STD] tot=7.5766 seg(log)=0.6817 seg(bw)=0.0000 vol=1.5801 cent=1.1993 t=5.00 lr=9.00e-04
[E495 i0100 EXP] tot=7.6447 seg(log)=0.6460 seg(bw)=0.0000 vol=1.6508 cent=1.1988 t=5.00 lr=9.00e-04
[E495 i0125 STD] tot=7.5591 seg(log)=0.6839 seg(bw)=0.0000 vol=1.5661 cent=1.1986 t=5.00 lr=9.00e-04
[E495 i0150 EXP] tot=7.6457 seg(log)=0.6526 seg(bw)=0.0000 vol=1.6502 cent=1.1991 t=5.00 lr=9.00e-04
[E495 i0175 STD] tot=7.5713 seg(log)=0.7155 seg(bw)=0.0000 vol=1.5738 cent=1.1995 t=5.00 lr=9.00e-04
[E495] train tot=7.6154 seg(log)=0.6582 seg(bw)=0.0000 vol=1.6207 cent=1.1989 | val seg=0.6707 meanFGDice=0.5798 | best=0.5891 pat=1/100
[E496 i0000 EXP] tot=7.6467 seg(log)=0.6823 seg(bw)=0.0000 vol=1.6488 cent=1.1996 t=5.00 lr=9.00e-04
[E496 i0025 STD] tot=7.5566 seg(log)=0.7866 seg(bw)=0.0000 vol=1.5618 cent=1.1990 t=5.00 lr=9.00e-04
[E496 i0050 EXP] tot=7.6514 seg(log)=0.6337 seg(bw)=0.0000 vol=1.6589 cent=1.1985 t=5.00 lr=9.00e-04
[E496 i0075 STD] tot=7.6125 seg(log)=0.6498 seg(bw)=0.0000 vol=1.6165 cent=1.1992 t=5.00 lr=9.00e-04
[E496 i0100 EXP] tot=7.6467 seg(log)=0.6552 seg(bw)=0.0000 vol=1.6533 cent=1.1987 t=5.00 lr=9.00e-04
[E496 i0125 STD] tot=7.6066 seg(log)=0.6322 seg(bw)=0.0000 vol=1.6084 cent=1.1997 t=5.00 lr=9.00e-04
[E496 i0150 EXP] tot=7.6356 seg(log)=0.7193 seg(bw)=0.0000 vol=1.6420 cent=1.1987 t=5.00 lr=9.00e-04
[E496 i0175 STD] tot=7.5842 seg(log)=0.6789 seg(bw)=0.0000 vol=1.5891 cent=1.1990 t=5.00 lr=9.00e-04
[E496] train tot=7.6153 seg(log)=0.6730 seg(bw)=0.0000 vol=1.6208 cent=1.1989 | val seg=0.6993 meanFGDice=0.5742 | best=0.5891 pat=2/100
[E497 i0000 EXP] tot=7.6364 seg(log)=0.6957 seg(bw)=0.0000 vol=1.6437 cent=1.1985 t=5.00 lr=9.00e-04
[E497 i0025 STD] tot=7.5792 seg(log)=0.6810 seg(bw)=0.0000 vol=1.5858 cent=1.1987 t=5.00 lr=9.00e-04
[E497 i0050 EXP] tot=7.6445 seg(log)=0.6503 seg(bw)=0.0000 vol=1.6507 cent=1.1987 t=5.00 lr=9.00e-04
[E497 i0075 STD] tot=7.5720 seg(log)=0.6761 seg(bw)=0.0000 vol=1.5765 cent=1.1991 t=5.00 lr=9.00e-04
[E497 i0100 EXP] tot=7.6475 seg(log)=0.6497 seg(bw)=0.0000 vol=1.6542 cent=1.1987 t=5.00 lr=9.00e-04
[E497 i0125 STD] tot=7.5849 seg(log)=0.6616 seg(bw)=0.0000 vol=1.5914 cent=1.1987 t=5.00 lr=9.00e-04
[E497 i0150 EXP] tot=7.6428 seg(log)=0.6883 seg(bw)=0.0000 vol=1.6486 cent=1.1988 t=5.00 lr=9.00e-04
[E497 i0175 STD] tot=7.5783 seg(log)=0.6913 seg(bw)=0.0000 vol=1.5801 cent=1.1996 t=5.00 lr=9.00e-04
[E497] train tot=7.6145 seg(log)=0.6663 seg(bw)=0.0000 vol=1.6202 cent=1.1989 | val seg=0.6598 meanFGDice=0.5809 | best=0.5891 pat=3/100
[E498 i0000 EXP] tot=7.6462 seg(log)=0.6493 seg(bw)=0.0000 vol=1.6532 cent=1.1986 t=5.00 lr=9.00e-04
[E498 i0025 STD] tot=7.5897 seg(log)=0.6564 seg(bw)=0.0000 vol=1.5964 cent=1.1987 t=5.00 lr=9.00e-04
[E498 i0050 EXP] tot=7.6439 seg(log)=0.6709 seg(bw)=0.0000 vol=1.6487 cent=1.1990 t=5.00 lr=9.00e-04
[E498 i0075 STD] tot=7.5833 seg(log)=0.6646 seg(bw)=0.0000 vol=1.5906 cent=1.1985 t=5.00 lr=9.00e-04
[E498 i0100 EXP] tot=7.6394 seg(log)=0.7132 seg(bw)=0.0000 vol=1.6442 cent=1.1991 t=5.00 lr=9.00e-04
[E498 i0125 STD] tot=7.5883 seg(log)=0.6591 seg(bw)=0.0000 vol=1.5949 cent=1.1987 t=5.00 lr=9.00e-04
[E498 i0150 EXP] tot=7.6431 seg(log)=0.6617 seg(bw)=0.0000 vol=1.6506 cent=1.1985 t=5.00 lr=9.00e-04
[E498 i0175 STD] tot=7.5794 seg(log)=0.7320 seg(bw)=0.0000 vol=1.5858 cent=1.1987 t=5.00 lr=9.00e-04
[E498] train tot=7.6149 seg(log)=0.6700 seg(bw)=0.0000 vol=1.6205 cent=1.1989 | val seg=0.7147 meanFGDice=0.5727 | best=0.5891 pat=4/100
[E499 i0000 EXP] tot=7.6420 seg(log)=0.6726 seg(bw)=0.0000 vol=1.6493 cent=1.1985 t=5.00 lr=9.00e-04
[E499 i0025 STD] tot=7.6033 seg(log)=0.6570 seg(bw)=0.0000 vol=1.6079 cent=1.1991 t=5.00 lr=9.00e-04
[E499 i0050 EXP] tot=7.6431 seg(log)=0.6762 seg(bw)=0.0000 vol=1.6497 cent=1.1987 t=5.00 lr=9.00e-04
[E499 i0075 STD] tot=7.6038 seg(log)=0.6521 seg(bw)=0.0000 vol=1.6032 cent=1.2001 t=5.00 lr=9.00e-04
[E499 i0100 EXP] tot=7.6461 seg(log)=0.6540 seg(bw)=0.0000 vol=1.6524 cent=1.1987 t=5.00 lr=9.00e-04
[E499 i0125 STD] tot=7.5921 seg(log)=0.6482 seg(bw)=0.0000 vol=1.5983 cent=1.1988 t=5.00 lr=9.00e-04
[E499 i0150 EXP] tot=7.6448 seg(log)=0.6603 seg(bw)=0.0000 vol=1.6516 cent=1.1986 t=5.00 lr=9.00e-04
[E499 i0175 STD] tot=7.5781 seg(log)=0.6987 seg(bw)=0.0000 vol=1.5846 cent=1.1987 t=5.00 lr=9.00e-04
[E499] train tot=7.6149 seg(log)=0.6707 seg(bw)=0.0000 vol=1.6203 cent=1.1989 | val seg=0.6921 meanFGDice=0.5686 | best=0.5891 pat=5/100
[E500 i0000 EXP] tot=7.6509 seg(log)=0.6292 seg(bw)=0.0000 vol=1.6570 cent=1.1988 t=5.00 lr=9.00e-04
[E500 i0025 STD] tot=7.5893 seg(log)=0.6901 seg(bw)=0.0000 vol=1.5953 cent=1.1988 t=5.00 lr=9.00e-04
[E500 i0050 EXP] tot=7.6451 seg(log)=0.6342 seg(bw)=0.0000 vol=1.6514 cent=1.1987 t=5.00 lr=9.00e-04
[E500 i0075 STD] tot=7.5912 seg(log)=0.6506 seg(bw)=0.0000 vol=1.5981 cent=1.1986 t=5.00 lr=9.00e-04
[E500 i0100 EXP] tot=7.6380 seg(log)=0.6928 seg(bw)=0.0000 vol=1.6431 cent=1.1990 t=5.00 lr=9.00e-04
[E500 i0125 STD] tot=7.5978 seg(log)=0.6662 seg(bw)=0.0000 vol=1.6038 cent=1.1988 t=5.00 lr=9.00e-04
[E500 i0150 EXP] tot=7.6527 seg(log)=0.6355 seg(bw)=0.0000 vol=1.6589 cent=1.1988 t=5.00 lr=9.00e-04
[E500 i0175 STD] tot=7.5856 seg(log)=0.6734 seg(bw)=0.0000 vol=1.5917 cent=1.1988 t=5.00 lr=9.00e-04
[E500] train tot=7.6145 seg(log)=0.6673 seg(bw)=0.0000 vol=1.6204 cent=1.1988 | val seg=0.6660 meanFGDice=0.5864 | best=0.5891 pat=6/100
[E501 i0000 EXP] tot=7.6374 seg(log)=0.6876 seg(bw)=0.0000 vol=1.6444 cent=1.1986 t=5.00 lr=9.00e-04
[E501 i0025 STD] tot=7.5970 seg(log)=0.6602 seg(bw)=0.0000 vol=1.6040 cent=1.1986 t=5.00 lr=9.00e-04
[E501 i0050 EXP] tot=7.6496 seg(log)=0.6355 seg(bw)=0.0000 vol=1.6549 cent=1.1989 t=5.00 lr=9.00e-04
[E501 i0075 STD] tot=7.6070 seg(log)=0.6384 seg(bw)=0.0000 vol=1.6134 cent=1.1987 t=5.00 lr=9.00e-04
[E501 i0100 EXP] tot=7.6365 seg(log)=0.7117 seg(bw)=0.0000 vol=1.6425 cent=1.1988 t=5.00 lr=9.00e-04
[E501 i0125 STD] tot=7.6071 seg(log)=0.6538 seg(bw)=0.0000 vol=1.6101 cent=1.1994 t=5.00 lr=9.00e-04
[E501 i0150 EXP] tot=7.6447 seg(log)=0.6631 seg(bw)=0.0000 vol=1.6513 cent=1.1987 t=5.00 lr=9.00e-04
[E501 i0175 STD] tot=7.5888 seg(log)=0.6821 seg(bw)=0.0000 vol=1.5938 cent=1.1990 t=5.00 lr=9.00e-04
[E501] train tot=7.6144 seg(log)=0.6690 seg(bw)=0.0000 vol=1.6202 cent=1.1988 | val seg=0.6865 meanFGDice=0.5757 | best=0.5891 pat=7/100
[E502 i0000 EXP] tot=7.6497 seg(log)=0.6466 seg(bw)=0.0000 vol=1.6554 cent=1.1989 t=5.00 lr=9.00e-04
[E502 i0025 STD] tot=7.5983 seg(log)=0.8008 seg(bw)=0.0000 vol=1.5898 cent=1.2017 t=5.00 lr=9.00e-04
[E502 i0050 EXP] tot=7.6573 seg(log)=0.6581 seg(bw)=0.0000 vol=1.6555 cent=1.2004 t=5.00 lr=9.00e-04
[E502 i0075 STD] tot=7.5795 seg(log)=0.6425 seg(bw)=0.0000 vol=1.5842 cent=1.1991 t=5.00 lr=9.00e-04
[E502 i0100 EXP] tot=7.6531 seg(log)=0.8752 seg(bw)=0.0000 vol=1.6463 cent=1.2014 t=5.00 lr=9.00e-04
[E502 i0125 STD] tot=7.5779 seg(log)=0.6689 seg(bw)=0.0000 vol=1.5808 cent=1.1994 t=5.00 lr=9.00e-04
[E502 i0150 EXP] tot=7.6421 seg(log)=0.6911 seg(bw)=0.0000 vol=1.6465 cent=1.1991 t=5.00 lr=9.00e-04
[E502 i0175 STD] tot=7.5877 seg(log)=0.6171 seg(bw)=0.0000 vol=1.5909 cent=1.1994 t=5.00 lr=9.00e-04
[E502] train tot=7.6196 seg(log)=0.6776 seg(bw)=0.0000 vol=1.6205 cent=1.1998 | val seg=0.6511 meanFGDice=0.5787 | best=0.5891 pat=8/100
[E503 i0000 EXP] tot=7.6435 seg(log)=0.6752 seg(bw)=0.0000 vol=1.6476 cent=1.1992 t=5.00 lr=9.00e-04
[E503 i0025 STD] tot=7.6118 seg(log)=0.6244 seg(bw)=0.0000 vol=1.6146 cent=1.1994 t=5.00 lr=9.00e-04
[E503 i0050 EXP] tot=7.6483 seg(log)=0.6837 seg(bw)=0.0000 vol=1.6533 cent=1.1990 t=5.00 lr=9.00e-04
[E503 i0075 STD] tot=7.5870 seg(log)=0.6404 seg(bw)=0.0000 vol=1.5940 cent=1.1986 t=5.00 lr=9.00e-04
[E503 i0100 EXP] tot=7.6505 seg(log)=0.6506 seg(bw)=0.0000 vol=1.6559 cent=1.1989 t=5.00 lr=9.00e-04
[E503 i0125 STD] tot=7.6047 seg(log)=0.6094 seg(bw)=0.0000 vol=1.6067 cent=1.1996 t=5.00 lr=9.00e-04
[E503 i0150 EXP] tot=7.6436 seg(log)=0.6847 seg(bw)=0.0000 vol=1.6492 cent=1.1989 t=5.00 lr=9.00e-04
[E503 i0175 STD] tot=7.6094 seg(log)=0.6333 seg(bw)=0.0000 vol=1.6101 cent=1.1998 t=5.00 lr=9.00e-04
[E503] train tot=7.6164 seg(log)=0.6668 seg(bw)=0.0000 vol=1.6209 cent=1.1991 | val seg=0.6494 meanFGDice=0.5757 | best=0.5891 pat=9/100
[E504 i0000 EXP] tot=7.6536 seg(log)=0.6260 seg(bw)=0.0000 vol=1.6583 cent=1.1991 t=5.00 lr=9.00e-04
[E504 i0025 STD] tot=7.5981 seg(log)=0.6414 seg(bw)=0.0000 vol=1.6037 cent=1.1989 t=5.00 lr=9.00e-04
[E504 i0050 EXP] tot=7.6439 seg(log)=0.6997 seg(bw)=0.0000 vol=1.6494 cent=1.1989 t=5.00 lr=9.00e-04
[E504 i0075 STD] tot=7.5844 seg(log)=0.6542 seg(bw)=0.0000 vol=1.5890 cent=1.1991 t=5.00 lr=9.00e-04
[E504 i0100 EXP] tot=7.6507 seg(log)=0.6571 seg(bw)=0.0000 vol=1.6554 cent=1.1990 t=5.00 lr=9.00e-04
[E504 i0125 STD] tot=7.5891 seg(log)=0.6441 seg(bw)=0.0000 vol=1.5951 cent=1.1988 t=5.00 lr=9.00e-04
[E504 i0150 EXP] tot=7.6300 seg(log)=0.7556 seg(bw)=0.0000 vol=1.6360 cent=1.1988 t=5.00 lr=9.00e-04
[E504 i0175 STD] tot=7.5916 seg(log)=0.6753 seg(bw)=0.0000 vol=1.5962 cent=1.1991 t=5.00 lr=9.00e-04
[E504] train tot=7.6159 seg(log)=0.6703 seg(bw)=0.0000 vol=1.6208 cent=1.1990 | val seg=0.6925 meanFGDice=0.5742 | best=0.5891 pat=10/100
[E505 i0000 EXP] tot=7.6392 seg(log)=0.6916 seg(bw)=0.0000 vol=1.6450 cent=1.1988 t=5.00 lr=9.00e-04
[E505 i0025 STD] tot=7.6044 seg(log)=0.6810 seg(bw)=0.0000 vol=1.6091 cent=1.1991 t=5.00 lr=9.00e-04
[E505 i0050 EXP] tot=7.6454 seg(log)=0.6561 seg(bw)=0.0000 vol=1.6513 cent=1.1988 t=5.00 lr=9.00e-04
[E505 i0075 STD] tot=7.5803 seg(log)=0.6676 seg(bw)=0.0000 vol=1.5840 cent=1.1993 t=5.00 lr=9.00e-04
[E505 i0100 EXP] tot=7.6409 seg(log)=0.7046 seg(bw)=0.0000 vol=1.6473 cent=1.1987 t=5.00 lr=9.00e-04
[E505 i0125 STD] tot=7.5801 seg(log)=0.6810 seg(bw)=0.0000 vol=1.5864 cent=1.1987 t=5.00 lr=9.00e-04
[E505 i0150 EXP] tot=7.6438 seg(log)=0.6782 seg(bw)=0.0000 vol=1.6503 cent=1.1987 t=5.00 lr=9.00e-04
[E505 i0175 STD] tot=7.5730 seg(log)=0.7072 seg(bw)=0.0000 vol=1.5782 cent=1.1990 t=5.00 lr=9.00e-04
[E505] train tot=7.6150 seg(log)=0.6794 seg(bw)=0.0000 vol=1.6205 cent=1.1989 | val seg=0.6850 meanFGDice=0.5743 | best=0.5891 pat=11/100
[E506 i0000 EXP] tot=7.6388 seg(log)=0.7126 seg(bw)=0.0000 vol=1.6456 cent=1.1986 t=5.00 lr=9.00e-04
[E506 i0025 STD] tot=7.5764 seg(log)=0.7039 seg(bw)=0.0000 vol=1.5792 cent=1.1995 t=5.00 lr=9.00e-04
[E506 i0050 EXP] tot=7.6461 seg(log)=0.6696 seg(bw)=0.0000 vol=1.6528 cent=1.1987 t=5.00 lr=9.00e-04
[E506 i0075 STD] tot=7.6037 seg(log)=0.6429 seg(bw)=0.0000 vol=1.6103 cent=1.1987 t=5.00 lr=9.00e-04
[E506 i0100 EXP] tot=7.6319 seg(log)=0.7268 seg(bw)=0.0000 vol=1.6386 cent=1.1987 t=5.00 lr=9.00e-04
[E506 i0125 STD] tot=7.5972 seg(log)=0.6814 seg(bw)=0.0000 vol=1.6021 cent=1.1990 t=5.00 lr=9.00e-04
[E506 i0150 EXP] tot=7.6475 seg(log)=0.6526 seg(bw)=0.0000 vol=1.6528 cent=1.1989 t=5.00 lr=9.00e-04
[E506 i0175 STD] tot=7.5759 seg(log)=0.6935 seg(bw)=0.0000 vol=1.5828 cent=1.1986 t=5.00 lr=9.00e-04
[E506] train tot=7.6145 seg(log)=0.6736 seg(bw)=0.0000 vol=1.6204 cent=1.1988 | val seg=0.6672 meanFGDice=0.5822 | best=0.5891 pat=12/100
[E507 i0000 EXP] tot=7.6338 seg(log)=0.6961 seg(bw)=0.0000 vol=1.6411 cent=1.1985 t=5.00 lr=9.00e-04
[E507 i0025 STD] tot=7.5698 seg(log)=0.6673 seg(bw)=0.0000 vol=1.5745 cent=1.1991 t=5.00 lr=9.00e-04
[E507 i0050 EXP] tot=7.6374 seg(log)=0.6787 seg(bw)=0.0000 vol=1.6444 cent=1.1986 t=5.00 lr=9.00e-04
[E507 i0075 STD] tot=7.5738 seg(log)=0.6999 seg(bw)=0.0000 vol=1.5807 cent=1.1986 t=5.00 lr=9.00e-04
[E507 i0100 EXP] tot=7.6450 seg(log)=0.6609 seg(bw)=0.0000 vol=1.6517 cent=1.1987 t=5.00 lr=9.00e-04
[E507 i0125 STD] tot=7.5631 seg(log)=0.7325 seg(bw)=0.0000 vol=1.5701 cent=1.1986 t=5.00 lr=9.00e-04
[E507 i0150 EXP] tot=7.6380 seg(log)=0.6663 seg(bw)=0.0000 vol=1.6454 cent=1.1985 t=5.00 lr=9.00e-04
[E507 i0175 STD] tot=7.5942 seg(log)=0.6610 seg(bw)=0.0000 vol=1.6015 cent=1.1985 t=5.00 lr=9.00e-04
[E507] train tot=7.6147 seg(log)=0.6692 seg(bw)=0.0000 vol=1.6211 cent=1.1987 | val seg=0.7015 meanFGDice=0.5764 | best=0.5891 pat=13/100
[E508 i0000 EXP] tot=7.6438 seg(log)=0.6580 seg(bw)=0.0000 vol=1.6511 cent=1.1985 t=5.00 lr=9.00e-04
[E508 i0025 STD] tot=7.5896 seg(log)=0.7014 seg(bw)=0.0000 vol=1.5931 cent=1.1993 t=5.00 lr=9.00e-04
[E508 i0050 EXP] tot=7.6480 seg(log)=0.6404 seg(bw)=0.0000 vol=1.6547 cent=1.1987 t=5.00 lr=9.00e-04
[E508 i0075 STD] tot=7.5763 seg(log)=0.6615 seg(bw)=0.0000 vol=1.5829 cent=1.1987 t=5.00 lr=9.00e-04
[E508 i0100 EXP] tot=7.6473 seg(log)=0.6276 seg(bw)=0.0000 vol=1.6540 cent=1.1986 t=5.00 lr=9.00e-04
[E508 i0125 STD] tot=7.5800 seg(log)=0.6788 seg(bw)=0.0000 vol=1.5874 cent=1.1985 t=5.00 lr=9.00e-04
[E508 i0150 EXP] tot=7.6477 seg(log)=0.6457 seg(bw)=0.0000 vol=1.6528 cent=1.1990 t=5.00 lr=9.00e-04
[E508 i0175 STD] tot=7.5872 seg(log)=0.6791 seg(bw)=0.0000 vol=1.5928 cent=1.1989 t=5.00 lr=9.00e-04
[E508] train tot=7.6141 seg(log)=0.6735 seg(bw)=0.0000 vol=1.6205 cent=1.1987 | val seg=0.6815 meanFGDice=0.5781 | best=0.5891 pat=14/100
[E509 i0000 EXP] tot=7.6399 seg(log)=0.6707 seg(bw)=0.0000 vol=1.6470 cent=1.1986 t=5.00 lr=9.00e-04
[E509 i0025 STD] tot=7.5891 seg(log)=0.6795 seg(bw)=0.0000 vol=1.5959 cent=1.1986 t=5.00 lr=9.00e-04
[E509 i0050 EXP] tot=7.6350 seg(log)=0.7111 seg(bw)=0.0000 vol=1.6423 cent=1.1985 t=5.00 lr=9.00e-04
[E509 i0075 STD] tot=7.5823 seg(log)=0.6659 seg(bw)=0.0000 vol=1.5897 cent=1.1985 t=5.00 lr=9.00e-04
[E509 i0100 EXP] tot=7.6365 seg(log)=0.7059 seg(bw)=0.0000 vol=1.6420 cent=1.1989 t=5.00 lr=9.00e-04
[E509 i0125 STD] tot=7.5568 seg(log)=0.7069 seg(bw)=0.0000 vol=1.5624 cent=1.1989 t=5.00 lr=9.00e-04
[E509 i0150 EXP] tot=7.6442 seg(log)=0.6598 seg(bw)=0.0000 vol=1.6506 cent=1.1987 t=5.00 lr=9.00e-04
[E509 i0175 STD] tot=7.6011 seg(log)=0.6631 seg(bw)=0.0000 vol=1.6076 cent=1.1987 t=5.00 lr=9.00e-04
[E509] train tot=7.6133 seg(log)=0.6645 seg(bw)=0.0000 vol=1.6197 cent=1.1987 | val seg=0.6781 meanFGDice=0.5768 | best=0.5891 pat=15/100
[E510 i0000 EXP] tot=7.6488 seg(log)=0.6268 seg(bw)=0.0000 vol=1.6567 cent=1.1984 t=5.00 lr=9.00e-04
[E510 i0025 STD] tot=7.5848 seg(log)=0.6730 seg(bw)=0.0000 vol=1.5911 cent=1.1987 t=5.00 lr=9.00e-04
[E510 i0050 EXP] tot=7.6471 seg(log)=0.6659 seg(bw)=0.0000 vol=1.6516 cent=1.1991 t=5.00 lr=9.00e-04
[E510 i0075 STD] tot=7.5949 seg(log)=0.6777 seg(bw)=0.0000 vol=1.5992 cent=1.1991 t=5.00 lr=9.00e-04
[E510 i0100 EXP] tot=7.6408 seg(log)=0.6761 seg(bw)=0.0000 vol=1.6472 cent=1.1987 t=5.00 lr=9.00e-04
[E510 i0125 STD] tot=7.5871 seg(log)=0.6676 seg(bw)=0.0000 vol=1.5921 cent=1.1990 t=5.00 lr=9.00e-04
[E510 i0150 EXP] tot=7.6346 seg(log)=0.7023 seg(bw)=0.0000 vol=1.6412 cent=1.1987 t=5.00 lr=9.00e-04
[E510 i0175 STD] tot=7.5886 seg(log)=0.6706 seg(bw)=0.0000 vol=1.5938 cent=1.1990 t=5.00 lr=9.00e-04
[E510] train tot=7.6145 seg(log)=0.6689 seg(bw)=0.0000 vol=1.6202 cent=1.1989 | val seg=0.6843 meanFGDice=0.5781 | best=0.5891 pat=16/100
[E511 i0000 EXP] tot=7.6418 seg(log)=0.6661 seg(bw)=0.0000 vol=1.6489 cent=1.1986 t=5.00 lr=9.00e-04
[E511 i0025 STD] tot=7.5896 seg(log)=0.6862 seg(bw)=0.0000 vol=1.5942 cent=1.1991 t=5.00 lr=9.00e-04
[E511 i0050 EXP] tot=7.6476 seg(log)=0.6496 seg(bw)=0.0000 vol=1.6537 cent=1.1988 t=5.00 lr=9.00e-04
[E511 i0075 STD] tot=7.5906 seg(log)=0.6572 seg(bw)=0.0000 vol=1.5948 cent=1.1992 t=5.00 lr=9.00e-04
[E511 i0100 EXP] tot=7.6536 seg(log)=0.6116 seg(bw)=0.0000 vol=1.6608 cent=1.1985 t=5.00 lr=9.00e-04
[E511 i0125 STD] tot=7.5763 seg(log)=0.6945 seg(bw)=0.0000 vol=1.5824 cent=1.1988 t=5.00 lr=9.00e-04
[E511 i0150 EXP] tot=7.6472 seg(log)=0.6435 seg(bw)=0.0000 vol=1.6542 cent=1.1986 t=5.00 lr=9.00e-04
[E511 i0175 STD] tot=7.5824 seg(log)=0.6653 seg(bw)=0.0000 vol=1.5894 cent=1.1986 t=5.00 lr=9.00e-04
[E511] train tot=7.6145 seg(log)=0.6711 seg(bw)=0.0000 vol=1.6205 cent=1.1988 | val seg=0.6735 meanFGDice=0.5747 | best=0.5891 pat=17/100
[E512 i0000 EXP] tot=7.6400 seg(log)=0.6714 seg(bw)=0.0000 vol=1.6472 cent=1.1986 t=5.00 lr=9.00e-04
[E512 i0025 STD] tot=7.5763 seg(log)=0.6765 seg(bw)=0.0000 vol=1.5816 cent=1.1989 t=5.00 lr=9.00e-04
[E512 i0050 EXP] tot=7.6467 seg(log)=0.6648 seg(bw)=0.0000 vol=1.6525 cent=1.1988 t=5.00 lr=9.00e-04
[E512 i0075 STD] tot=7.5902 seg(log)=0.6375 seg(bw)=0.0000 vol=1.5971 cent=1.1986 t=5.00 lr=9.00e-04
[E512 i0100 EXP] tot=7.6496 seg(log)=0.6348 seg(bw)=0.0000 vol=1.6570 cent=1.1985 t=5.00 lr=9.00e-04
[E512 i0125 STD] tot=7.5908 seg(log)=0.6474 seg(bw)=0.0000 vol=1.5972 cent=1.1987 t=5.00 lr=9.00e-04
[E512 i0150 EXP] tot=7.6276 seg(log)=0.7737 seg(bw)=0.0000 vol=1.6340 cent=1.1987 t=5.00 lr=9.00e-04
[E512 i0175 STD] tot=7.5886 seg(log)=0.6506 seg(bw)=0.0000 vol=1.5958 cent=1.1986 t=5.00 lr=9.00e-04
[E512] train tot=7.6144 seg(log)=0.6685 seg(bw)=0.0000 vol=1.6208 cent=1.1987 | val seg=0.6561 meanFGDice=0.5809 | best=0.5891 pat=18/100
[E513 i0000 EXP] tot=7.6401 seg(log)=0.7040 seg(bw)=0.0000 vol=1.6456 cent=1.1989 t=5.00 lr=9.00e-04
[E513 i0025 STD] tot=7.5833 seg(log)=0.6825 seg(bw)=0.0000 vol=1.5884 cent=1.1990 t=5.00 lr=9.00e-04
[E513 i0050 EXP] tot=7.6509 seg(log)=0.6336 seg(bw)=0.0000 vol=1.6587 cent=1.1985 t=5.00 lr=9.00e-04
[E513 i0075 STD] tot=7.5583 seg(log)=0.7400 seg(bw)=0.0000 vol=1.5644 cent=1.1988 t=5.00 lr=9.00e-04
[E513 i0100 EXP] tot=7.6444 seg(log)=0.6766 seg(bw)=0.0000 vol=1.6507 cent=1.1987 t=5.00 lr=9.00e-04
[E513 i0125 STD] tot=7.5867 seg(log)=0.6657 seg(bw)=0.0000 vol=1.5920 cent=1.1989 t=5.00 lr=9.00e-04
[E513 i0150 EXP] tot=7.6406 seg(log)=0.6753 seg(bw)=0.0000 vol=1.6467 cent=1.1988 t=5.00 lr=9.00e-04
[E513 i0175 STD] tot=7.5598 seg(log)=0.7217 seg(bw)=0.0000 vol=1.5669 cent=1.1986 t=5.00 lr=9.00e-04
[E513] train tot=7.6142 seg(log)=0.6757 seg(bw)=0.0000 vol=1.6204 cent=1.1987 | val seg=0.6836 meanFGDice=0.5727 | best=0.5891 pat=19/100
[E514 i0000 EXP] tot=7.6357 seg(log)=0.7075 seg(bw)=0.0000 vol=1.6414 cent=1.1989 t=5.00 lr=9.00e-04
[E514 i0025 STD] tot=7.5886 seg(log)=0.6554 seg(bw)=0.0000 vol=1.5931 cent=1.1991 t=5.00 lr=9.00e-04
[E514 i0050 EXP] tot=7.6513 seg(log)=0.6248 seg(bw)=0.0000 vol=1.6576 cent=1.1987 t=5.00 lr=9.00e-04
[E514 i0075 STD] tot=7.5988 seg(log)=0.6583 seg(bw)=0.0000 vol=1.6046 cent=1.1989 t=5.00 lr=9.00e-04
[E514 i0100 EXP] tot=7.6463 seg(log)=0.6434 seg(bw)=0.0000 vol=1.6520 cent=1.1989 t=5.00 lr=9.00e-04
[E514 i0125 STD] tot=7.5837 seg(log)=0.6533 seg(bw)=0.0000 vol=1.5865 cent=1.1994 t=5.00 lr=9.00e-04
[E514 i0150 EXP] tot=7.6484 seg(log)=0.6280 seg(bw)=0.0000 vol=1.6562 cent=1.1984 t=5.00 lr=9.00e-04
[E514 i0175 STD] tot=7.5939 seg(log)=0.6740 seg(bw)=0.0000 vol=1.5996 cent=1.1989 t=5.00 lr=9.00e-04
[E514] train tot=7.6147 seg(log)=0.6701 seg(bw)=0.0000 vol=1.6206 cent=1.1988 | val seg=0.6892 meanFGDice=0.5721 | best=0.5891 pat=20/100
[E515 i0000 EXP] tot=7.6357 seg(log)=0.7032 seg(bw)=0.0000 vol=1.6418 cent=1.1988 t=5.00 lr=9.00e-04
[E515 i0025 STD] tot=7.5814 seg(log)=0.6888 seg(bw)=0.0000 vol=1.5864 cent=1.1990 t=5.00 lr=9.00e-04
[E515 i0050 EXP] tot=7.6467 seg(log)=0.6819 seg(bw)=0.0000 vol=1.6514 cent=1.1991 t=5.00 lr=9.00e-04
[E515 i0075 STD] tot=7.6042 seg(log)=0.6706 seg(bw)=0.0000 vol=1.6063 cent=1.1996 t=5.00 lr=9.00e-04
[E515 i0100 EXP] tot=7.6512 seg(log)=0.6359 seg(bw)=0.0000 vol=1.6579 cent=1.1987 t=5.00 lr=9.00e-04
[E515 i0125 STD] tot=7.5762 seg(log)=0.6423 seg(bw)=0.0000 vol=1.5823 cent=1.1988 t=5.00 lr=9.00e-04
[E515 i0150 EXP] tot=7.6457 seg(log)=0.6757 seg(bw)=0.0000 vol=1.6502 cent=1.1991 t=5.00 lr=9.00e-04
[E515 i0175 STD] tot=7.5683 seg(log)=0.6958 seg(bw)=0.0000 vol=1.5682 cent=1.2000 t=5.00 lr=9.00e-04
[E515] train tot=7.6165 seg(log)=0.6704 seg(bw)=0.0000 vol=1.6206 cent=1.1992 | val seg=0.6462 meanFGDice=0.5843 | best=0.5891 pat=21/100
[E516 i0000 EXP] tot=7.6484 seg(log)=0.6562 seg(bw)=0.0000 vol=1.6529 cent=1.1991 t=5.00 lr=9.00e-04
[E516 i0025 STD] tot=7.5882 seg(log)=0.6424 seg(bw)=0.0000 vol=1.5933 cent=1.1990 t=5.00 lr=9.00e-04
[E516 i0050 EXP] tot=7.6484 seg(log)=0.6233 seg(bw)=0.0000 vol=1.6553 cent=1.1986 t=5.00 lr=9.00e-04
[E516 i0075 STD] tot=7.5947 seg(log)=0.6331 seg(bw)=0.0000 vol=1.6006 cent=1.1988 t=5.00 lr=9.00e-04
[E516 i0100 EXP] tot=7.6454 seg(log)=0.6775 seg(bw)=0.0000 vol=1.6507 cent=1.1990 t=5.00 lr=9.00e-04
[E516 i0125 STD] tot=7.5781 seg(log)=0.7212 seg(bw)=0.0000 vol=1.5841 cent=1.1988 t=5.00 lr=9.00e-04
[E516 i0150 EXP] tot=7.6540 seg(log)=0.6456 seg(bw)=0.0000 vol=1.6585 cent=1.1991 t=5.00 lr=9.00e-04
[E516 i0175 STD] tot=7.5807 seg(log)=0.6748 seg(bw)=0.0000 vol=1.5874 cent=1.1987 t=5.00 lr=9.00e-04
[E516] train tot=7.6167 seg(log)=0.6786 seg(bw)=0.0000 vol=1.6207 cent=1.1992 | val seg=0.6815 meanFGDice=0.5762 | best=0.5891 pat=22/100
[E517 i0000 EXP] tot=7.6413 seg(log)=0.7168 seg(bw)=0.0000 vol=1.6470 cent=1.1989 t=5.00 lr=9.00e-04
[E517 i0025 STD] tot=7.6012 seg(log)=0.6400 seg(bw)=0.0000 vol=1.6049 cent=1.1993 t=5.00 lr=9.00e-04
[E517 i0050 EXP] tot=7.6435 seg(log)=0.6647 seg(bw)=0.0000 vol=1.6500 cent=1.1987 t=5.00 lr=9.00e-04
[E517 i0075 STD] tot=7.5691 seg(log)=0.6820 seg(bw)=0.0000 vol=1.5745 cent=1.1989 t=5.00 lr=9.00e-04
[E517 i0100 EXP] tot=7.6461 seg(log)=0.6720 seg(bw)=0.0000 vol=1.6528 cent=1.1987 t=5.00 lr=9.00e-04
[E517 i0125 STD] tot=7.5649 seg(log)=0.7040 seg(bw)=0.0000 vol=1.5709 cent=1.1988 t=5.00 lr=9.00e-04
[E517 i0150 EXP] tot=7.6391 seg(log)=0.6913 seg(bw)=0.0000 vol=1.6456 cent=1.1987 t=5.00 lr=9.00e-04
[E517 i0175 STD] tot=7.5899 seg(log)=0.6598 seg(bw)=0.0000 vol=1.5946 cent=1.1991 t=5.00 lr=9.00e-04
[E517] train tot=7.6152 seg(log)=0.6706 seg(bw)=0.0000 vol=1.6202 cent=1.1990 | val seg=0.7081 meanFGDice=0.5711 | best=0.5891 pat=23/100
[E518 i0000 EXP] tot=7.6468 seg(log)=0.6602 seg(bw)=0.0000 vol=1.6530 cent=1.1988 t=5.00 lr=9.00e-04
[E518 i0025 STD] tot=7.5810 seg(log)=0.6606 seg(bw)=0.0000 vol=1.5886 cent=1.1985 t=5.00 lr=9.00e-04
[E518 i0050 EXP] tot=7.6379 seg(log)=0.7248 seg(bw)=0.0000 vol=1.6441 cent=1.1988 t=5.00 lr=9.00e-04
[E518 i0075 STD] tot=7.6016 seg(log)=0.6227 seg(bw)=0.0000 vol=1.6019 cent=1.1999 t=5.00 lr=9.00e-04
[E518 i0100 EXP] tot=7.6418 seg(log)=0.6871 seg(bw)=0.0000 vol=1.6487 cent=1.1986 t=5.00 lr=9.00e-04
[E518 i0125 STD] tot=7.5721 seg(log)=0.6686 seg(bw)=0.0000 vol=1.5795 cent=1.1985 t=5.00 lr=9.00e-04
[E518 i0150 EXP] tot=7.6439 seg(log)=0.6628 seg(bw)=0.0000 vol=1.6516 cent=1.1985 t=5.00 lr=9.00e-04
[E518 i0175 STD] tot=7.5802 seg(log)=0.7001 seg(bw)=0.0000 vol=1.5830 cent=1.1994 t=5.00 lr=9.00e-04
[E518] train tot=7.6143 seg(log)=0.6660 seg(bw)=0.0000 vol=1.6198 cent=1.1989 | val seg=0.6502 meanFGDice=0.5778 | best=0.5891 pat=24/100
[E519 i0000 EXP] tot=7.6442 seg(log)=0.6789 seg(bw)=0.0000 vol=1.6507 cent=1.1987 t=5.00 lr=9.00e-04
[E519 i0025 STD] tot=7.5906 seg(log)=0.6396 seg(bw)=0.0000 vol=1.5977 cent=1.1986 t=5.00 lr=9.00e-04
[E519 i0050 EXP] tot=7.6467 seg(log)=0.6445 seg(bw)=0.0000 vol=1.6537 cent=1.1986 t=5.00 lr=9.00e-04
[E519 i0075 STD] tot=7.6084 seg(log)=0.6571 seg(bw)=0.0000 vol=1.6122 cent=1.1992 t=5.00 lr=9.00e-04
[E519 i0100 EXP] tot=7.6438 seg(log)=0.6551 seg(bw)=0.0000 vol=1.6501 cent=1.1987 t=5.00 lr=9.00e-04
[E519 i0125 STD] tot=7.5820 seg(log)=0.6659 seg(bw)=0.0000 vol=1.5888 cent=1.1986 t=5.00 lr=9.00e-04
[E519 i0150 EXP] tot=7.6366 seg(log)=0.6956 seg(bw)=0.0000 vol=1.6443 cent=1.1985 t=5.00 lr=9.00e-04
[E519 i0175 STD] tot=7.5875 seg(log)=0.6683 seg(bw)=0.0000 vol=1.5935 cent=1.1988 t=5.00 lr=9.00e-04
[E519] train tot=7.6153 seg(log)=0.6663 seg(bw)=0.0000 vol=1.6206 cent=1.1989 | val seg=0.6803 meanFGDice=0.5773 | best=0.5891 pat=25/100
[E520 i0000 EXP] tot=7.6391 seg(log)=0.6786 seg(bw)=0.0000 vol=1.6464 cent=1.1985 t=5.00 lr=9.00e-04
[E520 i0025 STD] tot=7.5869 seg(log)=0.6518 seg(bw)=0.0000 vol=1.5896 cent=1.1995 t=5.00 lr=9.00e-04
[E520 i0050 EXP] tot=7.6528 seg(log)=0.6174 seg(bw)=0.0000 vol=1.6595 cent=1.1987 t=5.00 lr=9.00e-04
[E520 i0075 STD] tot=7.5862 seg(log)=0.6668 seg(bw)=0.0000 vol=1.5914 cent=1.1990 t=5.00 lr=9.00e-04
[E520 i0100 EXP] tot=7.6374 seg(log)=0.6827 seg(bw)=0.0000 vol=1.6435 cent=1.1988 t=5.00 lr=9.00e-04
[E520 i0125 STD] tot=7.5880 seg(log)=0.6720 seg(bw)=0.0000 vol=1.5948 cent=1.1986 t=5.00 lr=9.00e-04
[E520 i0150 EXP] tot=7.6319 seg(log)=0.7104 seg(bw)=0.0000 vol=1.6386 cent=1.1987 t=5.00 lr=9.00e-04
[E520 i0175 STD] tot=7.5872 seg(log)=0.6736 seg(bw)=0.0000 vol=1.5940 cent=1.1987 t=5.00 lr=9.00e-04
[E520] train tot=7.6141 seg(log)=0.6658 seg(bw)=0.0000 vol=1.6205 cent=1.1987 | val seg=0.6725 meanFGDice=0.5775 | best=0.5891 pat=26/100
[E521 i0000 EXP] tot=7.6445 seg(log)=0.6541 seg(bw)=0.0000 vol=1.6503 cent=1.1988 t=5.00 lr=9.00e-04
[E521 i0025 STD] tot=7.5862 seg(log)=0.6336 seg(bw)=0.0000 vol=1.5936 cent=1.1985 t=5.00 lr=9.00e-04
[E521 i0050 EXP] tot=7.6416 seg(log)=0.6686 seg(bw)=0.0000 vol=1.6494 cent=1.1984 t=5.00 lr=9.00e-04
[E521 i0075 STD] tot=7.5899 seg(log)=0.6632 seg(bw)=0.0000 vol=1.5973 cent=1.1985 t=5.00 lr=9.00e-04
[E521 i0100 EXP] tot=7.6397 seg(log)=0.6830 seg(bw)=0.0000 vol=1.6460 cent=1.1987 t=5.00 lr=9.00e-04
[E521 i0125 STD] tot=7.5985 seg(log)=0.6171 seg(bw)=0.0000 vol=1.6052 cent=1.1986 t=5.00 lr=9.00e-04
[E521 i0150 EXP] tot=7.6463 seg(log)=0.6653 seg(bw)=0.0000 vol=1.6513 cent=1.1990 t=5.00 lr=9.00e-04
[E521 i0175 STD] tot=7.5819 seg(log)=0.6584 seg(bw)=0.0000 vol=1.5886 cent=1.1987 t=5.00 lr=9.00e-04
[E521] train tot=7.6145 seg(log)=0.6633 seg(bw)=0.0000 vol=1.6211 cent=1.1987 | val seg=0.6557 meanFGDice=0.5792 | best=0.5891 pat=27/100
[E522 i0000 EXP] tot=7.6405 seg(log)=0.6725 seg(bw)=0.0000 vol=1.6476 cent=1.1986 t=5.00 lr=9.00e-04
[E522 i0025 STD] tot=7.5724 seg(log)=0.6842 seg(bw)=0.0000 vol=1.5773 cent=1.1990 t=5.00 lr=9.00e-04
[E522 i0050 EXP] tot=7.6488 seg(log)=0.6465 seg(bw)=0.0000 vol=1.6563 cent=1.1985 t=5.00 lr=9.00e-04
[E522 i0075 STD] tot=7.5757 seg(log)=0.6801 seg(bw)=0.0000 vol=1.5820 cent=1.1987 t=5.00 lr=9.00e-04
[E522 i0100 EXP] tot=7.6405 seg(log)=0.6828 seg(bw)=0.0000 vol=1.6460 cent=1.1989 t=5.00 lr=9.00e-04
[E522 i0125 STD] tot=7.5986 seg(log)=0.6331 seg(bw)=0.0000 vol=1.6042 cent=1.1989 t=5.00 lr=9.00e-04
[E522 i0150 EXP] tot=7.6365 seg(log)=0.7135 seg(bw)=0.0000 vol=1.6434 cent=1.1986 t=5.00 lr=9.00e-04
[E522 i0175 STD] tot=7.5856 seg(log)=0.6571 seg(bw)=0.0000 vol=1.5924 cent=1.1986 t=5.00 lr=9.00e-04
[E522] train tot=7.6144 seg(log)=0.6694 seg(bw)=0.0000 vol=1.6205 cent=1.1988 | val seg=0.6700 meanFGDice=0.5794 | best=0.5891 pat=28/100
[E523 i0000 EXP] tot=7.6479 seg(log)=0.6406 seg(bw)=0.0000 vol=1.6543 cent=1.1987 t=5.00 lr=9.00e-04
[E523 i0025 STD] tot=7.5633 seg(log)=0.7505 seg(bw)=0.0000 vol=1.5695 cent=1.1988 t=5.00 lr=9.00e-04
[E523 i0050 EXP] tot=7.6445 seg(log)=0.6616 seg(bw)=0.0000 vol=1.6505 cent=1.1988 t=5.00 lr=9.00e-04
[E523 i0075 STD] tot=7.5788 seg(log)=0.6542 seg(bw)=0.0000 vol=1.5845 cent=1.1989 t=5.00 lr=9.00e-04
[E523 i0100 EXP] tot=7.6489 seg(log)=0.6338 seg(bw)=0.0000 vol=1.6561 cent=1.1986 t=5.00 lr=9.00e-04
[E523 i0125 STD] tot=7.5935 seg(log)=0.6671 seg(bw)=0.0000 vol=1.5998 cent=1.1987 t=5.00 lr=9.00e-04
[E523 i0150 EXP] tot=7.6475 seg(log)=0.6533 seg(bw)=0.0000 vol=1.6538 cent=1.1987 t=5.00 lr=9.00e-04
[E523 i0175 STD] tot=7.5771 seg(log)=0.7461 seg(bw)=0.0000 vol=1.5817 cent=1.1991 t=5.00 lr=9.00e-04
[E523] train tot=7.6147 seg(log)=0.6723 seg(bw)=0.0000 vol=1.6207 cent=1.1988 | val seg=0.7068 meanFGDice=0.5724 | best=0.5891 pat=29/100
[E524 i0000 EXP] tot=7.6417 seg(log)=0.6642 seg(bw)=0.0000 vol=1.6487 cent=1.1986 t=5.00 lr=9.00e-04
[E524 i0025 STD] tot=7.5860 seg(log)=0.6748 seg(bw)=0.0000 vol=1.5929 cent=1.1986 t=5.00 lr=9.00e-04
[E524 i0050 EXP] tot=7.6504 seg(log)=0.6384 seg(bw)=0.0000 vol=1.6560 cent=1.1989 t=5.00 lr=9.00e-04
[E524 i0075 STD] tot=7.5633 seg(log)=0.7027 seg(bw)=0.0000 vol=1.5699 cent=1.1987 t=5.00 lr=9.00e-04
[E524 i0100 EXP] tot=7.6530 seg(log)=0.6357 seg(bw)=0.0000 vol=1.6584 cent=1.1989 t=5.00 lr=9.00e-04
[E524 i0125 STD] tot=7.6027 seg(log)=0.6540 seg(bw)=0.0000 vol=1.6079 cent=1.1989 t=5.00 lr=9.00e-04
[E524 i0150 EXP] tot=7.6466 seg(log)=0.6537 seg(bw)=0.0000 vol=1.6506 cent=1.1992 t=5.00 lr=9.00e-04
[E524 i0175 STD] tot=7.5791 seg(log)=0.6316 seg(bw)=0.0000 vol=1.5839 cent=1.1990 t=5.00 lr=9.00e-04
[E524] train tot=7.6149 seg(log)=0.6735 seg(bw)=0.0000 vol=1.6206 cent=1.1988 | val seg=0.6631 meanFGDice=0.5855 | best=0.5891 pat=30/100
[E525 i0000 EXP] tot=7.6411 seg(log)=0.6630 seg(bw)=0.0000 vol=1.6466 cent=1.1989 t=5.00 lr=9.00e-04
[E525 i0025 STD] tot=7.5904 seg(log)=0.6596 seg(bw)=0.0000 vol=1.5977 cent=1.1985 t=5.00 lr=9.00e-04
[E525 i0050 EXP] tot=7.6379 seg(log)=0.7103 seg(bw)=0.0000 vol=1.6422 cent=1.1991 t=5.00 lr=9.00e-04
[E525 i0075 STD] tot=7.5830 seg(log)=0.7087 seg(bw)=0.0000 vol=1.5806 cent=1.2005 t=5.00 lr=9.00e-04
[E525 i0100 EXP] tot=7.6457 seg(log)=0.6444 seg(bw)=0.0000 vol=1.6526 cent=1.1986 t=5.00 lr=9.00e-04
[E525 i0125 STD] tot=7.5762 seg(log)=0.7090 seg(bw)=0.0000 vol=1.5819 cent=1.1989 t=5.00 lr=9.00e-04
[E525 i0150 EXP] tot=7.6447 seg(log)=0.6850 seg(bw)=0.0000 vol=1.6509 cent=1.1988 t=5.00 lr=9.00e-04
[E525 i0175 STD] tot=7.5938 seg(log)=0.6741 seg(bw)=0.0000 vol=1.5988 cent=1.1990 t=5.00 lr=9.00e-04
[E525] train tot=7.6151 seg(log)=0.6662 seg(bw)=0.0000 vol=1.6204 cent=1.1990 | val seg=0.6810 meanFGDice=0.5776 | best=0.5891 pat=31/100
[E526 i0000 EXP] tot=7.6392 seg(log)=0.7009 seg(bw)=0.0000 vol=1.6441 cent=1.1990 t=5.00 lr=9.00e-04
[E526 i0025 STD] tot=7.5853 seg(log)=0.6627 seg(bw)=0.0000 vol=1.5921 cent=1.1986 t=5.00 lr=9.00e-04
[E526 i0050 EXP] tot=7.6455 seg(log)=0.6639 seg(bw)=0.0000 vol=1.6521 cent=1.1987 t=5.00 lr=9.00e-04
[E526 i0075 STD] tot=7.5960 seg(log)=0.6316 seg(bw)=0.0000 vol=1.6020 cent=1.1988 t=5.00 lr=9.00e-04
[E526 i0100 EXP] tot=7.6427 seg(log)=0.7100 seg(bw)=0.0000 vol=1.6431 cent=1.1999 t=5.00 lr=9.00e-04
[E526 i0125 STD] tot=7.5825 seg(log)=0.6508 seg(bw)=0.0000 vol=1.5896 cent=1.1986 t=5.00 lr=9.00e-04
[E526 i0150 EXP] tot=7.6481 seg(log)=0.6257 seg(bw)=0.0000 vol=1.6522 cent=1.1992 t=5.00 lr=9.00e-04
[E526 i0175 STD] tot=7.5907 seg(log)=0.6855 seg(bw)=0.0000 vol=1.5932 cent=1.1995 t=5.00 lr=9.00e-04
[E526] train tot=7.6153 seg(log)=0.6628 seg(bw)=0.0000 vol=1.6205 cent=1.1990 | val seg=0.7115 meanFGDice=0.5672 | best=0.5891 pat=32/100
[E527 i0000 EXP] tot=7.6498 seg(log)=0.6388 seg(bw)=0.0000 vol=1.6560 cent=1.1988 t=5.00 lr=9.00e-04
[E527 i0025 STD] tot=7.5635 seg(log)=0.7307 seg(bw)=0.0000 vol=1.5683 cent=1.1991 t=5.00 lr=9.00e-04
[E527 i0050 EXP] tot=7.6407 seg(log)=0.6784 seg(bw)=0.0000 vol=1.6472 cent=1.1987 t=5.00 lr=9.00e-04
[E527 i0075 STD] tot=7.5721 seg(log)=0.7165 seg(bw)=0.0000 vol=1.5792 cent=1.1986 t=5.00 lr=9.00e-04
[E527 i0100 EXP] tot=7.6516 seg(log)=0.6653 seg(bw)=0.0000 vol=1.6530 cent=1.1997 t=5.00 lr=9.00e-04
[E527 i0125 STD] tot=7.5734 seg(log)=0.6793 seg(bw)=0.0000 vol=1.5796 cent=1.1988 t=5.00 lr=9.00e-04
[E527 i0150 EXP] tot=7.6428 seg(log)=0.6713 seg(bw)=0.0000 vol=1.6482 cent=1.1989 t=5.00 lr=9.00e-04
[E527 i0175 STD] tot=7.5859 seg(log)=0.6729 seg(bw)=0.0000 vol=1.5913 cent=1.1989 t=5.00 lr=9.00e-04
[E527] train tot=7.6151 seg(log)=0.6760 seg(bw)=0.0000 vol=1.6208 cent=1.1989 | val seg=0.6858 meanFGDice=0.5733 | best=0.5891 pat=33/100
[E528 i0000 EXP] tot=7.6486 seg(log)=0.6535 seg(bw)=0.0000 vol=1.6518 cent=1.1993 t=5.00 lr=9.00e-04
[E528 i0025 STD] tot=7.5842 seg(log)=0.6809 seg(bw)=0.0000 vol=1.5895 cent=1.1989 t=5.00 lr=9.00e-04
[E528 i0050 EXP] tot=7.6503 seg(log)=0.6456 seg(bw)=0.0000 vol=1.6555 cent=1.1990 t=5.00 lr=9.00e-04
[E528 i0075 STD] tot=7.5818 seg(log)=0.6802 seg(bw)=0.0000 vol=1.5887 cent=1.1986 t=5.00 lr=9.00e-04
[E528 i0100 EXP] tot=7.6488 seg(log)=0.6462 seg(bw)=0.0000 vol=1.6551 cent=1.1987 t=5.00 lr=9.00e-04
[E528 i0125 STD] tot=7.5798 seg(log)=0.6819 seg(bw)=0.0000 vol=1.5816 cent=1.1996 t=5.00 lr=9.00e-04
[E528 i0150 EXP] tot=7.6441 seg(log)=0.6700 seg(bw)=0.0000 vol=1.6485 cent=1.1991 t=5.00 lr=9.00e-04
[E528 i0175 STD] tot=7.5959 seg(log)=0.6368 seg(bw)=0.0000 vol=1.6010 cent=1.1990 t=5.00 lr=9.00e-04
[E528] train tot=7.6154 seg(log)=0.6707 seg(bw)=0.0000 vol=1.6207 cent=1.1989 | val seg=0.6728 meanFGDice=0.5761 | best=0.5891 pat=34/100
[E529 i0000 EXP] tot=7.6425 seg(log)=0.6713 seg(bw)=0.0000 vol=1.6493 cent=1.1986 t=5.00 lr=9.00e-04
[E529 i0025 STD] tot=7.5773 seg(log)=0.7018 seg(bw)=0.0000 vol=1.5818 cent=1.1991 t=5.00 lr=9.00e-04
[E529 i0050 EXP] tot=7.6412 seg(log)=0.6582 seg(bw)=0.0000 vol=1.6476 cent=1.1987 t=5.00 lr=9.00e-04
[E529 i0075 STD] tot=7.6030 seg(log)=0.6335 seg(bw)=0.0000 vol=1.5993 cent=1.2007 t=5.00 lr=9.00e-04
[E529 i0100 EXP] tot=7.6400 seg(log)=0.6990 seg(bw)=0.0000 vol=1.6441 cent=1.1992 t=5.00 lr=9.00e-04
[E529 i0125 STD] tot=7.5923 seg(log)=0.6461 seg(bw)=0.0000 vol=1.5974 cent=1.1990 t=5.00 lr=9.00e-04
[E529 i0150 EXP] tot=7.6505 seg(log)=0.6372 seg(bw)=0.0000 vol=1.6561 cent=1.1989 t=5.00 lr=9.00e-04
[E529 i0175 STD] tot=7.5885 seg(log)=0.6437 seg(bw)=0.0000 vol=1.5941 cent=1.1989 t=5.00 lr=9.00e-04
[E529] train tot=7.6150 seg(log)=0.6651 seg(bw)=0.0000 vol=1.6206 cent=1.1989 | val seg=0.6598 meanFGDice=0.5794 | best=0.5891 pat=35/100
[E530 i0000 EXP] tot=7.6409 seg(log)=0.6732 seg(bw)=0.0000 vol=1.6477 cent=1.1986 t=5.00 lr=9.00e-04
[E530 i0025 STD] tot=7.6119 seg(log)=0.5921 seg(bw)=0.0000 vol=1.6170 cent=1.1990 t=5.00 lr=9.00e-04
[E530 i0050 EXP] tot=7.6456 seg(log)=0.6528 seg(bw)=0.0000 vol=1.6522 cent=1.1987 t=5.00 lr=9.00e-04
[E530 i0075 STD] tot=7.5878 seg(log)=0.6531 seg(bw)=0.0000 vol=1.5916 cent=1.1992 t=5.00 lr=9.00e-04
[E530 i0100 EXP] tot=7.6431 seg(log)=0.6660 seg(bw)=0.0000 vol=1.6493 cent=1.1988 t=5.00 lr=9.00e-04
[E530 i0125 STD] tot=7.5677 seg(log)=0.7047 seg(bw)=0.0000 vol=1.5730 cent=1.1989 t=5.00 lr=9.00e-04
[E530 i0150 EXP] tot=7.6437 seg(log)=0.6747 seg(bw)=0.0000 vol=1.6492 cent=1.1989 t=5.00 lr=9.00e-04
[E530 i0175 STD] tot=7.5841 seg(log)=0.6623 seg(bw)=0.0000 vol=1.5887 cent=1.1991 t=5.00 lr=9.00e-04
[E530] train tot=7.6153 seg(log)=0.6650 seg(bw)=0.0000 vol=1.6206 cent=1.1989 | val seg=0.6517 meanFGDice=0.5849 | best=0.5891 pat=36/100
[E531 i0000 EXP] tot=7.6508 seg(log)=0.6390 seg(bw)=0.0000 vol=1.6558 cent=1.1990 t=5.00 lr=9.00e-04
[E531 i0025 STD] tot=7.6128 seg(log)=0.6477 seg(bw)=0.0000 vol=1.6147 cent=1.1996 t=5.00 lr=9.00e-04
[E531 i0050 EXP] tot=7.6476 seg(log)=0.6468 seg(bw)=0.0000 vol=1.6543 cent=1.1987 t=5.00 lr=9.00e-04
[E531 i0075 STD] tot=7.5586 seg(log)=0.8599 seg(bw)=0.0000 vol=1.5582 cent=1.2001 t=5.00 lr=9.00e-04
[E531 i0100 EXP] tot=7.6443 seg(log)=0.6770 seg(bw)=0.0000 vol=1.6481 cent=1.1992 t=5.00 lr=9.00e-04
[E531 i0125 STD] tot=7.5813 seg(log)=0.6607 seg(bw)=0.0000 vol=1.5860 cent=1.1991 t=5.00 lr=9.00e-04
[E531 i0150 EXP] tot=7.6391 seg(log)=0.7044 seg(bw)=0.0000 vol=1.6448 cent=1.1988 t=5.00 lr=9.00e-04
[E531 i0175 STD] tot=7.5911 seg(log)=0.6328 seg(bw)=0.0000 vol=1.5980 cent=1.1986 t=5.00 lr=9.00e-04
[E531] train tot=7.6149 seg(log)=0.6669 seg(bw)=0.0000 vol=1.6206 cent=1.1989 | val seg=0.6609 meanFGDice=0.5800 | best=0.5891 pat=37/100
[E532 i0000 EXP] tot=7.6457 seg(log)=0.6864 seg(bw)=0.0000 vol=1.6521 cent=1.1987 t=5.00 lr=9.00e-04
[E532 i0025 STD] tot=7.5898 seg(log)=0.6546 seg(bw)=0.0000 vol=1.5965 cent=1.1987 t=5.00 lr=9.00e-04
[E532 i0050 EXP] tot=7.6431 seg(log)=0.6881 seg(bw)=0.0000 vol=1.6484 cent=1.1989 t=5.00 lr=9.00e-04
[E532 i0075 STD] tot=7.5981 seg(log)=0.6536 seg(bw)=0.0000 vol=1.6042 cent=1.1988 t=5.00 lr=9.00e-04
[E532 i0100 EXP] tot=7.6494 seg(log)=0.6449 seg(bw)=0.0000 vol=1.6558 cent=1.1987 t=5.00 lr=9.00e-04
[E532 i0125 STD] tot=7.5745 seg(log)=0.6991 seg(bw)=0.0000 vol=1.5798 cent=1.1989 t=5.00 lr=9.00e-04
[E532 i0150 EXP] tot=7.6403 seg(log)=0.6962 seg(bw)=0.0000 vol=1.6441 cent=1.1992 t=5.00 lr=9.00e-04
[E532 i0175 STD] tot=7.5829 seg(log)=0.6609 seg(bw)=0.0000 vol=1.5883 cent=1.1989 t=5.00 lr=9.00e-04
[E532] train tot=7.6149 seg(log)=0.6729 seg(bw)=0.0000 vol=1.6206 cent=1.1989 | val seg=0.6493 meanFGDice=0.5865 | best=0.5891 pat=38/100
[E533 i0000 EXP] tot=7.6381 seg(log)=0.6768 seg(bw)=0.0000 vol=1.6451 cent=1.1986 t=5.00 lr=9.00e-04
[E533 i0025 STD] tot=7.5915 seg(log)=0.6511 seg(bw)=0.0000 vol=1.5916 cent=1.2000 t=5.00 lr=9.00e-04
[E533 i0050 EXP] tot=7.6516 seg(log)=0.6335 seg(bw)=0.0000 vol=1.6583 cent=1.1987 t=5.00 lr=9.00e-04
[E533 i0075 STD] tot=7.5973 seg(log)=0.6443 seg(bw)=0.0000 vol=1.6020 cent=1.1991 t=5.00 lr=9.00e-04
[E533 i0100 EXP] tot=7.6437 seg(log)=0.6754 seg(bw)=0.0000 vol=1.6493 cent=1.1989 t=5.00 lr=9.00e-04
[E533 i0125 STD] tot=7.5993 seg(log)=0.6582 seg(bw)=0.0000 vol=1.6007 cent=1.1997 t=5.00 lr=9.00e-04
[E533 i0150 EXP] tot=7.6345 seg(log)=0.6970 seg(bw)=0.0000 vol=1.6406 cent=1.1988 t=5.00 lr=9.00e-04
[E533 i0175 STD] tot=7.5828 seg(log)=0.7280 seg(bw)=0.0000 vol=1.5853 cent=1.1995 t=5.00 lr=9.00e-04
[E533] train tot=7.6153 seg(log)=0.6678 seg(bw)=0.0000 vol=1.6207 cent=1.1989 | val seg=0.6837 meanFGDice=0.5714 | best=0.5891 pat=39/100
[E534 i0000 EXP] tot=7.6412 seg(log)=0.6990 seg(bw)=0.0000 vol=1.6479 cent=1.1987 t=5.00 lr=9.00e-04
[E534 i0025 STD] tot=7.5657 seg(log)=0.6897 seg(bw)=0.0000 vol=1.5736 cent=1.1984 t=5.00 lr=9.00e-04
[E534 i0050 EXP] tot=7.6485 seg(log)=0.6462 seg(bw)=0.0000 vol=1.6544 cent=1.1988 t=5.00 lr=9.00e-04
[E534 i0075 STD] tot=7.5797 seg(log)=0.7114 seg(bw)=0.0000 vol=1.5847 cent=1.1990 t=5.00 lr=9.00e-04
[E534 i0100 EXP] tot=7.6384 seg(log)=0.6935 seg(bw)=0.0000 vol=1.6444 cent=1.1988 t=5.00 lr=9.00e-04
[E534 i0125 STD] tot=7.5774 seg(log)=0.6891 seg(bw)=0.0000 vol=1.5824 cent=1.1990 t=5.00 lr=9.00e-04
[E534 i0150 EXP] tot=7.6381 seg(log)=0.6987 seg(bw)=0.0000 vol=1.6448 cent=1.1986 t=5.00 lr=9.00e-04
[E534 i0175 STD] tot=7.6021 seg(log)=0.6588 seg(bw)=0.0000 vol=1.6080 cent=1.1988 t=5.00 lr=9.00e-04
[E534] train tot=7.6158 seg(log)=0.6728 seg(bw)=0.0000 vol=1.6207 cent=1.1990 | val seg=0.6903 meanFGDice=0.5674 | best=0.5891 pat=40/100
[E535 i0000 EXP] tot=7.6451 seg(log)=0.6706 seg(bw)=0.0000 vol=1.6489 cent=1.1992 t=5.00 lr=9.00e-04
[E535 i0025 STD] tot=7.5687 seg(log)=0.7193 seg(bw)=0.0000 vol=1.5752 cent=1.1987 t=5.00 lr=9.00e-04
[E535 i0050 EXP] tot=7.6468 seg(log)=0.6706 seg(bw)=0.0000 vol=1.6519 cent=1.1990 t=5.00 lr=9.00e-04
[E535 i0075 STD] tot=7.5705 seg(log)=0.7204 seg(bw)=0.0000 vol=1.5754 cent=1.1990 t=5.00 lr=9.00e-04
[E535 i0100 EXP] tot=7.6372 seg(log)=0.6870 seg(bw)=0.0000 vol=1.6444 cent=1.1986 t=5.00 lr=9.00e-04
[E535 i0125 STD] tot=7.5814 seg(log)=0.7081 seg(bw)=0.0000 vol=1.5766 cent=1.2010 t=5.00 lr=9.00e-04
[E535 i0150 EXP] tot=7.6451 seg(log)=0.6430 seg(bw)=0.0000 vol=1.6515 cent=1.1987 t=5.00 lr=9.00e-04
[E535 i0175 STD] tot=7.5768 seg(log)=0.6787 seg(bw)=0.0000 vol=1.5817 cent=1.1990 t=5.00 lr=9.00e-04
[E535] train tot=7.6157 seg(log)=0.6813 seg(bw)=0.0000 vol=1.6206 cent=1.1990 | val seg=0.6961 meanFGDice=0.5767 | best=0.5891 pat=41/100
[E536 i0000 EXP] tot=7.6438 seg(log)=0.6606 seg(bw)=0.0000 vol=1.6517 cent=1.1984 t=5.00 lr=9.00e-04
[E536 i0025 STD] tot=7.5721 seg(log)=0.6978 seg(bw)=0.0000 vol=1.5777 cent=1.1989 t=5.00 lr=9.00e-04
[E536 i0050 EXP] tot=7.6363 seg(log)=0.7048 seg(bw)=0.0000 vol=1.6420 cent=1.1988 t=5.00 lr=9.00e-04
[E536 i0075 STD] tot=7.5758 seg(log)=0.6974 seg(bw)=0.0000 vol=1.5770 cent=1.1998 t=5.00 lr=9.00e-04
[E536 i0100 EXP] tot=7.6426 seg(log)=0.6760 seg(bw)=0.0000 vol=1.6498 cent=1.1985 t=5.00 lr=9.00e-04
[E536 i0125 STD] tot=7.5834 seg(log)=0.6573 seg(bw)=0.0000 vol=1.5841 cent=1.1999 t=5.00 lr=9.00e-04
[E536 i0150 EXP] tot=7.6438 seg(log)=0.6559 seg(bw)=0.0000 vol=1.6515 cent=1.1985 t=5.00 lr=9.00e-04
[E536 i0175 STD] tot=7.6030 seg(log)=0.6123 seg(bw)=0.0000 vol=1.6094 cent=1.1987 t=5.00 lr=9.00e-04
[E536] train tot=7.6155 seg(log)=0.6671 seg(bw)=0.0000 vol=1.6212 cent=1.1989 | val seg=0.6503 meanFGDice=0.5860 | best=0.5891 pat=42/100
[E537 i0000 EXP] tot=7.6397 seg(log)=0.6654 seg(bw)=0.0000 vol=1.6454 cent=1.1989 t=5.00 lr=9.00e-04
[E537 i0025 STD] tot=7.5911 seg(log)=0.6879 seg(bw)=0.0000 vol=1.5980 cent=1.1986 t=5.00 lr=9.00e-04
[E537 i0050 EXP] tot=7.6341 seg(log)=0.7184 seg(bw)=0.0000 vol=1.6406 cent=1.1987 t=5.00 lr=9.00e-04
[E537 i0075 STD] tot=7.5719 seg(log)=0.7085 seg(bw)=0.0000 vol=1.5792 cent=1.1985 t=5.00 lr=9.00e-04
[E537 i0100 EXP] tot=7.6406 seg(log)=0.6821 seg(bw)=0.0000 vol=1.6474 cent=1.1986 t=5.00 lr=9.00e-04
[E537 i0125 STD] tot=7.5939 seg(log)=0.6474 seg(bw)=0.0000 vol=1.6009 cent=1.1986 t=5.00 lr=9.00e-04
[E537 i0150 EXP] tot=7.6377 seg(log)=0.6881 seg(bw)=0.0000 vol=1.6440 cent=1.1987 t=5.00 lr=9.00e-04
[E537 i0175 STD] tot=7.5790 seg(log)=0.6665 seg(bw)=0.0000 vol=1.5858 cent=1.1986 t=5.00 lr=9.00e-04
[E537] train tot=7.6150 seg(log)=0.6719 seg(bw)=0.0000 vol=1.6208 cent=1.1988 | val seg=0.6660 meanFGDice=0.5796 | best=0.5891 pat=43/100
[E538 i0000 EXP] tot=7.6516 seg(log)=0.6310 seg(bw)=0.0000 vol=1.6568 cent=1.1990 t=5.00 lr=9.00e-04
[E538 i0025 STD] tot=7.6014 seg(log)=0.6306 seg(bw)=0.0000 vol=1.6090 cent=1.1985 t=5.00 lr=9.00e-04
[E538 i0050 EXP] tot=7.6466 seg(log)=0.6352 seg(bw)=0.0000 vol=1.6540 cent=1.1985 t=5.00 lr=9.00e-04
[E538 i0075 STD] tot=7.5995 seg(log)=0.6556 seg(bw)=0.0000 vol=1.6047 cent=1.1990 t=5.00 lr=9.00e-04
[E538 i0100 EXP] tot=7.6540 seg(log)=0.6200 seg(bw)=0.0000 vol=1.6596 cent=1.1989 t=5.00 lr=9.00e-04
[E538 i0125 STD] tot=7.5735 seg(log)=0.7020 seg(bw)=0.0000 vol=1.5800 cent=1.1987 t=5.00 lr=9.00e-04
[E538 i0150 EXP] tot=7.6511 seg(log)=0.6331 seg(bw)=0.0000 vol=1.6582 cent=1.1986 t=5.00 lr=9.00e-04
[E538 i0175 STD] tot=7.5573 seg(log)=0.7951 seg(bw)=0.0000 vol=1.5575 cent=1.2000 t=5.00 lr=9.00e-04
[E538] train tot=7.6139 seg(log)=0.6685 seg(bw)=0.0000 vol=1.6203 cent=1.1987 | val seg=0.6906 meanFGDice=0.5757 | best=0.5891 pat=44/100
[E539 i0000 EXP] tot=7.6468 seg(log)=0.6458 seg(bw)=0.0000 vol=1.6536 cent=1.1986 t=5.00 lr=9.00e-04
[E539 i0025 STD] tot=7.5979 seg(log)=0.6557 seg(bw)=0.0000 vol=1.6035 cent=1.1989 t=5.00 lr=9.00e-04
[E539 i0050 EXP] tot=7.6362 seg(log)=0.6859 seg(bw)=0.0000 vol=1.6435 cent=1.1986 t=5.00 lr=9.00e-04
[E539 i0075 STD] tot=7.5834 seg(log)=0.6738 seg(bw)=0.0000 vol=1.5908 cent=1.1985 t=5.00 lr=9.00e-04
[E539 i0100 EXP] tot=7.6524 seg(log)=0.6162 seg(bw)=0.0000 vol=1.6587 cent=1.1987 t=5.00 lr=9.00e-04
[E539 i0125 STD] tot=7.6035 seg(log)=0.6215 seg(bw)=0.0000 vol=1.6102 cent=1.1987 t=5.00 lr=9.00e-04
[E539 i0150 EXP] tot=7.6391 seg(log)=0.6787 seg(bw)=0.0000 vol=1.6446 cent=1.1989 t=5.00 lr=9.00e-04
[E539 i0175 STD] tot=7.5641 seg(log)=0.7022 seg(bw)=0.0000 vol=1.5708 cent=1.1987 t=5.00 lr=9.00e-04
[E539] train tot=7.6145 seg(log)=0.6647 seg(bw)=0.0000 vol=1.6206 cent=1.1988 | val seg=0.6714 meanFGDice=0.5803 | best=0.5891 pat=45/100
[E540 i0000 EXP] tot=7.6453 seg(log)=0.6351 seg(bw)=0.0000 vol=1.6529 cent=1.1985 t=5.00 lr=9.00e-04
[E540 i0025 STD] tot=7.6070 seg(log)=0.6241 seg(bw)=0.0000 vol=1.6136 cent=1.1987 t=5.00 lr=9.00e-04
[E540 i0050 EXP] tot=7.6409 seg(log)=0.6844 seg(bw)=0.0000 vol=1.6481 cent=1.1986 t=5.00 lr=9.00e-04
[E540 i0075 STD] tot=7.6104 seg(log)=0.6590 seg(bw)=0.0000 vol=1.6154 cent=1.1990 t=5.00 lr=9.00e-04
[E540 i0100 EXP] tot=7.6383 seg(log)=0.6910 seg(bw)=0.0000 vol=1.6450 cent=1.1987 t=5.00 lr=9.00e-04
[E540 i0125 STD] tot=7.5881 seg(log)=0.6589 seg(bw)=0.0000 vol=1.5943 cent=1.1988 t=5.00 lr=9.00e-04
[E540 i0150 EXP] tot=7.6472 seg(log)=0.6580 seg(bw)=0.0000 vol=1.6540 cent=1.1986 t=5.00 lr=9.00e-04
[E540 i0175 STD] tot=7.5751 seg(log)=0.6901 seg(bw)=0.0000 vol=1.5818 cent=1.1987 t=5.00 lr=9.00e-04
[E540] train tot=7.6148 seg(log)=0.6712 seg(bw)=0.0000 vol=1.6209 cent=1.1988 | val seg=0.6910 meanFGDice=0.5779 | best=0.5891 pat=46/100
[E541 i0000 EXP] tot=7.6433 seg(log)=0.6621 seg(bw)=0.0000 vol=1.6511 cent=1.1984 t=5.00 lr=9.00e-04
[E541 i0025 STD] tot=7.5929 seg(log)=0.6917 seg(bw)=0.0000 vol=1.5992 cent=1.1987 t=5.00 lr=9.00e-04
[E541 i0050 EXP] tot=7.6449 seg(log)=0.6639 seg(bw)=0.0000 vol=1.6507 cent=1.1988 t=5.00 lr=9.00e-04
[E541 i0075 STD] tot=7.5826 seg(log)=0.6637 seg(bw)=0.0000 vol=1.5899 cent=1.1985 t=5.00 lr=9.00e-04
[E541 i0100 EXP] tot=7.6375 seg(log)=0.6986 seg(bw)=0.0000 vol=1.6442 cent=1.1987 t=5.00 lr=9.00e-04
[E541 i0125 STD] tot=7.5798 seg(log)=0.7120 seg(bw)=0.0000 vol=1.5841 cent=1.1991 t=5.00 lr=9.00e-04
[E541 i0150 EXP] tot=7.6455 seg(log)=0.6616 seg(bw)=0.0000 vol=1.6520 cent=1.1987 t=5.00 lr=9.00e-04
[E541 i0175 STD] tot=7.5994 seg(log)=0.6459 seg(bw)=0.0000 vol=1.6036 cent=1.1991 t=5.00 lr=9.00e-04
[E541] train tot=7.6149 seg(log)=0.6732 seg(bw)=0.0000 vol=1.6207 cent=1.1988 | val seg=0.6701 meanFGDice=0.5773 | best=0.5891 pat=47/100
[E542 i0000 EXP] tot=7.6407 seg(log)=0.6652 seg(bw)=0.0000 vol=1.6474 cent=1.1987 t=5.00 lr=9.00e-04
[E542 i0025 STD] tot=7.5837 seg(log)=0.6861 seg(bw)=0.0000 vol=1.5905 cent=1.1986 t=5.00 lr=9.00e-04
[E542 i0050 EXP] tot=7.6623 seg(log)=0.7356 seg(bw)=0.0000 vol=1.6522 cent=1.2020 t=5.00 lr=9.00e-04
[E542 i0075 STD] tot=7.5926 seg(log)=0.6646 seg(bw)=0.0000 vol=1.5926 cent=1.2000 t=5.00 lr=9.00e-04
[E542 i0100 EXP] tot=7.6392 seg(log)=0.7356 seg(bw)=0.0000 vol=1.6442 cent=1.1990 t=5.00 lr=9.00e-04
[E542 i0125 STD] tot=7.5585 seg(log)=0.8466 seg(bw)=0.0000 vol=1.5648 cent=1.1987 t=5.00 lr=9.00e-04
[E542 i0150 EXP] tot=7.6431 seg(log)=0.7299 seg(bw)=0.0000 vol=1.6476 cent=1.1991 t=5.00 lr=9.00e-04
[E542 i0175 STD] tot=7.5551 seg(log)=0.7959 seg(bw)=0.0000 vol=1.5584 cent=1.1993 t=5.00 lr=9.00e-04
[E542] train tot=7.6185 seg(log)=0.6960 seg(bw)=0.0000 vol=1.6205 cent=1.1996 | val seg=0.8140 meanFGDice=0.5529 | best=0.5891 pat=48/100
[E543 i0000 EXP] tot=7.6460 seg(log)=0.6502 seg(bw)=0.0000 vol=1.6531 cent=1.1986 t=5.00 lr=9.00e-04
[E543 i0025 STD] tot=7.5798 seg(log)=0.6672 seg(bw)=0.0000 vol=1.5846 cent=1.1990 t=5.00 lr=9.00e-04
[E543 i0050 EXP] tot=7.6459 seg(log)=0.6529 seg(bw)=0.0000 vol=1.6529 cent=1.1986 t=5.00 lr=9.00e-04
[E543 i0075 STD] tot=7.5860 seg(log)=0.6965 seg(bw)=0.0000 vol=1.5845 cent=1.2003 t=5.00 lr=9.00e-04
[E543 i0100 EXP] tot=7.6500 seg(log)=0.6654 seg(bw)=0.0000 vol=1.6534 cent=1.1993 t=5.00 lr=9.00e-04
[E543 i0125 STD] tot=7.5906 seg(log)=0.7007 seg(bw)=0.0000 vol=1.5979 cent=1.1985 t=5.00 lr=9.00e-04
[E543 i0150 EXP] tot=7.6542 seg(log)=0.6257 seg(bw)=0.0000 vol=1.6603 cent=1.1988 t=5.00 lr=9.00e-04
[E543 i0175 STD] tot=7.5894 seg(log)=0.6597 seg(bw)=0.0000 vol=1.5936 cent=1.1992 t=5.00 lr=9.00e-04
[E543] train tot=7.6160 seg(log)=0.6783 seg(bw)=0.0000 vol=1.6209 cent=1.1990 | val seg=0.6905 meanFGDice=0.5785 | best=0.5891 pat=49/100
[E544 i0000 EXP] tot=7.6394 seg(log)=0.6778 seg(bw)=0.0000 vol=1.6467 cent=1.1985 t=5.00 lr=9.00e-04
[E544 i0025 STD] tot=7.5726 seg(log)=0.6923 seg(bw)=0.0000 vol=1.5762 cent=1.1993 t=5.00 lr=9.00e-04
[E544 i0050 EXP] tot=7.6521 seg(log)=0.6933 seg(bw)=0.0000 vol=1.6510 cent=1.2002 t=5.00 lr=9.00e-04
[E544 i0075 STD] tot=7.5899 seg(log)=0.6641 seg(bw)=0.0000 vol=1.5955 cent=1.1989 t=5.00 lr=9.00e-04
[E544 i0100 EXP] tot=7.6474 seg(log)=0.6511 seg(bw)=0.0000 vol=1.6536 cent=1.1988 t=5.00 lr=9.00e-04
[E544 i0125 STD] tot=7.5798 seg(log)=0.6828 seg(bw)=0.0000 vol=1.5859 cent=1.1988 t=5.00 lr=9.00e-04
[E544 i0150 EXP] tot=7.6444 seg(log)=0.6736 seg(bw)=0.0000 vol=1.6510 cent=1.1987 t=5.00 lr=9.00e-04
[E544 i0175 STD] tot=7.6027 seg(log)=0.6230 seg(bw)=0.0000 vol=1.6089 cent=1.1987 t=5.00 lr=9.00e-04
[E544] train tot=7.6149 seg(log)=0.6705 seg(bw)=0.0000 vol=1.6202 cent=1.1989 | val seg=0.6888 meanFGDice=0.5699 | best=0.5891 pat=50/100
[E545 i0000 EXP] tot=7.6394 seg(log)=0.6901 seg(bw)=0.0000 vol=1.6432 cent=1.1992 t=5.00 lr=9.00e-04
[E545 i0025 STD] tot=7.5895 seg(log)=0.6807 seg(bw)=0.0000 vol=1.5954 cent=1.1988 t=5.00 lr=9.00e-04
[E545 i0050 EXP] tot=7.6358 seg(log)=0.7300 seg(bw)=0.0000 vol=1.6413 cent=1.1989 t=5.00 lr=9.00e-04
[E545 i0075 STD] tot=7.6040 seg(log)=0.6107 seg(bw)=0.0000 vol=1.6114 cent=1.1985 t=5.00 lr=9.00e-04
[E545 i0100 EXP] tot=7.6377 seg(log)=0.6833 seg(bw)=0.0000 vol=1.6444 cent=1.1987 t=5.00 lr=9.00e-04
[E545 i0125 STD] tot=7.5889 seg(log)=0.6501 seg(bw)=0.0000 vol=1.5939 cent=1.1990 t=5.00 lr=9.00e-04
[E545 i0150 EXP] tot=7.6337 seg(log)=0.7203 seg(bw)=0.0000 vol=1.6403 cent=1.1987 t=5.00 lr=9.00e-04
[E545 i0175 STD] tot=7.5931 seg(log)=0.6599 seg(bw)=0.0000 vol=1.6006 cent=1.1985 t=5.00 lr=9.00e-04
[E545] train tot=7.6151 seg(log)=0.6695 seg(bw)=0.0000 vol=1.6209 cent=1.1988 | val seg=0.6846 meanFGDice=0.5701 | best=0.5891 pat=51/100
[E546 i0000 EXP] tot=7.6407 seg(log)=0.6834 seg(bw)=0.0000 vol=1.6470 cent=1.1987 t=5.00 lr=9.00e-04
[E546 i0025 STD] tot=7.5759 seg(log)=0.7052 seg(bw)=0.0000 vol=1.5821 cent=1.1988 t=5.00 lr=9.00e-04
[E546 i0050 EXP] tot=7.6304 seg(log)=0.7430 seg(bw)=0.0000 vol=1.6360 cent=1.1989 t=5.00 lr=9.00e-04
[E546 i0075 STD] tot=7.5943 seg(log)=0.6657 seg(bw)=0.0000 vol=1.6014 cent=1.1986 t=5.00 lr=9.00e-04
[E546 i0100 EXP] tot=7.6449 seg(log)=0.6557 seg(bw)=0.0000 vol=1.6522 cent=1.1985 t=5.00 lr=9.00e-04
[E546 i0125 STD] tot=7.5790 seg(log)=0.6593 seg(bw)=0.0000 vol=1.5844 cent=1.1989 t=5.00 lr=9.00e-04
[E546 i0150 EXP] tot=7.6441 seg(log)=0.6774 seg(bw)=0.0000 vol=1.6485 cent=1.1991 t=5.00 lr=9.00e-04
[E546 i0175 STD] tot=7.5842 seg(log)=0.6600 seg(bw)=0.0000 vol=1.5914 cent=1.1986 t=5.00 lr=9.00e-04
[E546] train tot=7.6147 seg(log)=0.6663 seg(bw)=0.0000 vol=1.6207 cent=1.1988 | val seg=0.6550 meanFGDice=0.5834 | best=0.5891 pat=52/100
[E547 i0000 EXP] tot=7.6484 seg(log)=0.6255 seg(bw)=0.0000 vol=1.6550 cent=1.1987 t=5.00 lr=9.00e-04
[E547 i0025 STD] tot=7.5708 seg(log)=0.6952 seg(bw)=0.0000 vol=1.5766 cent=1.1989 t=5.00 lr=9.00e-04
[E547 i0050 EXP] tot=7.6459 seg(log)=0.6340 seg(bw)=0.0000 vol=1.6529 cent=1.1986 t=5.00 lr=9.00e-04
[E547 i0075 STD] tot=7.5964 seg(log)=0.6428 seg(bw)=0.0000 vol=1.6025 cent=1.1988 t=5.00 lr=9.00e-04
[E547 i0100 EXP] tot=7.6484 seg(log)=0.6171 seg(bw)=0.0000 vol=1.6548 cent=1.1987 t=5.00 lr=9.00e-04
[E547 i0125 STD] tot=7.5714 seg(log)=0.6748 seg(bw)=0.0000 vol=1.5777 cent=1.1987 t=5.00 lr=9.00e-04
[E547 i0150 EXP] tot=7.6405 seg(log)=0.7226 seg(bw)=0.0000 vol=1.6458 cent=1.1989 t=5.00 lr=9.00e-04
[E547 i0175 STD] tot=7.5801 seg(log)=0.6628 seg(bw)=0.0000 vol=1.5874 cent=1.1986 t=5.00 lr=9.00e-04
[E547] train tot=7.6142 seg(log)=0.6630 seg(bw)=0.0000 vol=1.6200 cent=1.1988 | val seg=0.6881 meanFGDice=0.5645 | best=0.5891 pat=53/100
[E548 i0000 EXP] tot=7.6388 seg(log)=0.6983 seg(bw)=0.0000 vol=1.6452 cent=1.1987 t=5.00 lr=9.00e-04
[E548 i0025 STD] tot=7.5746 seg(log)=0.6652 seg(bw)=0.0000 vol=1.5815 cent=1.1986 t=5.00 lr=9.00e-04
[E548 i0050 EXP] tot=7.6464 seg(log)=0.6309 seg(bw)=0.0000 vol=1.6536 cent=1.1986 t=5.00 lr=9.00e-04
[E548 i0075 STD] tot=7.5915 seg(log)=0.6629 seg(bw)=0.0000 vol=1.5990 cent=1.1985 t=5.00 lr=9.00e-04
[E548 i0100 EXP] tot=7.6450 seg(log)=0.6548 seg(bw)=0.0000 vol=1.6521 cent=1.1986 t=5.00 lr=9.00e-04
[E548 i0125 STD] tot=7.5593 seg(log)=0.7282 seg(bw)=0.0000 vol=1.5654 cent=1.1988 t=5.00 lr=9.00e-04
[E548 i0150 EXP] tot=7.6468 seg(log)=0.6419 seg(bw)=0.0000 vol=1.6542 cent=1.1985 t=5.00 lr=9.00e-04
[E548 i0175 STD] tot=7.5737 seg(log)=0.6841 seg(bw)=0.0000 vol=1.5805 cent=1.1986 t=5.00 lr=9.00e-04
[E548] train tot=7.6141 seg(log)=0.6668 seg(bw)=0.0000 vol=1.6206 cent=1.1987 | val seg=0.6684 meanFGDice=0.5840 | best=0.5891 pat=54/100
[E549 i0000 EXP] tot=7.6502 seg(log)=0.6245 seg(bw)=0.0000 vol=1.6577 cent=1.1985 t=5.00 lr=9.00e-04
[E549 i0025 STD] tot=7.5906 seg(log)=0.6619 seg(bw)=0.0000 vol=1.5968 cent=1.1987 t=5.00 lr=9.00e-04
[E549 i0050 EXP] tot=7.6350 seg(log)=0.6867 seg(bw)=0.0000 vol=1.6424 cent=1.1985 t=5.00 lr=9.00e-04
[E549 i0075 STD] tot=7.5784 seg(log)=0.7017 seg(bw)=0.0000 vol=1.5839 cent=1.1989 t=5.00 lr=9.00e-04
[E549 i0100 EXP] tot=7.6429 seg(log)=0.6614 seg(bw)=0.0000 vol=1.6494 cent=1.1987 t=5.00 lr=9.00e-04
[E549 i0125 STD] tot=7.5933 seg(log)=0.6221 seg(bw)=0.0000 vol=1.5992 cent=1.1988 t=5.00 lr=9.00e-04
[E549 i0150 EXP] tot=7.6421 seg(log)=0.6704 seg(bw)=0.0000 vol=1.6492 cent=1.1986 t=5.00 lr=9.00e-04
[E549 i0175 STD] tot=7.5649 seg(log)=0.7505 seg(bw)=0.0000 vol=1.5709 cent=1.1988 t=5.00 lr=9.00e-04
[E549] train tot=7.6142 seg(log)=0.6612 seg(bw)=0.0000 vol=1.6206 cent=1.1987 | val seg=0.6617 meanFGDice=0.5783 | best=0.5891 pat=55/100
[E550 i0000 EXP] tot=7.6437 seg(log)=0.6792 seg(bw)=0.0000 vol=1.6503 cent=1.1987 t=5.00 lr=9.00e-04
[E550 i0025 STD] tot=7.5760 seg(log)=0.7151 seg(bw)=0.0000 vol=1.5803 cent=1.1991 t=5.00 lr=9.00e-04
[E550 i0050 EXP] tot=7.6479 seg(log)=0.6419 seg(bw)=0.0000 vol=1.6543 cent=1.1987 t=5.00 lr=9.00e-04
[E550 i0075 STD] tot=7.5767 seg(log)=0.6745 seg(bw)=0.0000 vol=1.5820 cent=1.1989 t=5.00 lr=9.00e-04
[E550 i0100 EXP] tot=7.6442 seg(log)=0.6805 seg(bw)=0.0000 vol=1.6521 cent=1.1984 t=5.00 lr=9.00e-04
[E550 i0125 STD] tot=7.6045 seg(log)=0.6262 seg(bw)=0.0000 vol=1.6109 cent=1.1987 t=5.00 lr=9.00e-04
[E550 i0150 EXP] tot=7.6465 seg(log)=0.6735 seg(bw)=0.0000 vol=1.6521 cent=1.1989 t=5.00 lr=9.00e-04
[E550 i0175 STD] tot=7.5757 seg(log)=0.6697 seg(bw)=0.0000 vol=1.5822 cent=1.1987 t=5.00 lr=9.00e-04
[E550] train tot=7.6141 seg(log)=0.6647 seg(bw)=0.0000 vol=1.6206 cent=1.1987 | val seg=0.6434 meanFGDice=0.5822 | best=0.5891 pat=56/100
[E551 i0000 EXP] tot=7.6432 seg(log)=0.7012 seg(bw)=0.0000 vol=1.6479 cent=1.1991 t=5.00 lr=9.00e-04
[E551 i0025 STD] tot=7.6103 seg(log)=0.6417 seg(bw)=0.0000 vol=1.6089 cent=1.2003 t=5.00 lr=9.00e-04
[E551 i0050 EXP] tot=7.6376 seg(log)=0.6825 seg(bw)=0.0000 vol=1.6439 cent=1.1987 t=5.00 lr=9.00e-04
[E551 i0075 STD] tot=7.5826 seg(log)=0.6829 seg(bw)=0.0000 vol=1.5901 cent=1.1985 t=5.00 lr=9.00e-04
[E551 i0100 EXP] tot=7.6464 seg(log)=0.6448 seg(bw)=0.0000 vol=1.6517 cent=1.1989 t=5.00 lr=9.00e-04
[E551 i0125 STD] tot=7.5619 seg(log)=0.6927 seg(bw)=0.0000 vol=1.5672 cent=1.1989 t=5.00 lr=9.00e-04
[E551 i0150 EXP] tot=7.6441 seg(log)=0.6551 seg(bw)=0.0000 vol=1.6513 cent=1.1986 t=5.00 lr=9.00e-04
[E551 i0175 STD] tot=7.6001 seg(log)=0.6417 seg(bw)=0.0000 vol=1.6054 cent=1.1989 t=5.00 lr=9.00e-04
[E551] train tot=7.6141 seg(log)=0.6658 seg(bw)=0.0000 vol=1.6204 cent=1.1987 | val seg=0.6634 meanFGDice=0.5819 | best=0.5891 pat=57/100
[E552 i0000 EXP] tot=7.6503 seg(log)=0.6356 seg(bw)=0.0000 vol=1.6550 cent=1.1991 t=5.00 lr=9.00e-04
[E552 i0025 STD] tot=7.5971 seg(log)=0.6538 seg(bw)=0.0000 vol=1.6032 cent=1.1988 t=5.00 lr=9.00e-04
[E552 i0050 EXP] tot=7.6438 seg(log)=0.6731 seg(bw)=0.0000 vol=1.6497 cent=1.1988 t=5.00 lr=9.00e-04
[E552 i0075 STD] tot=7.5749 seg(log)=0.6939 seg(bw)=0.0000 vol=1.5805 cent=1.1989 t=5.00 lr=9.00e-04
[E552 i0100 EXP] tot=7.6512 seg(log)=0.6285 seg(bw)=0.0000 vol=1.6586 cent=1.1985 t=5.00 lr=9.00e-04
[E552 i0125 STD] tot=7.5892 seg(log)=0.6725 seg(bw)=0.0000 vol=1.5915 cent=1.1995 t=5.00 lr=9.00e-04
[E552 i0150 EXP] tot=7.6476 seg(log)=0.6568 seg(bw)=0.0000 vol=1.6547 cent=1.1986 t=5.00 lr=9.00e-04
[E552 i0175 STD] tot=7.5845 seg(log)=0.6302 seg(bw)=0.0000 vol=1.5913 cent=1.1986 t=5.00 lr=9.00e-04
[E552] train tot=7.6145 seg(log)=0.6657 seg(bw)=0.0000 vol=1.6205 cent=1.1988 | val seg=0.6472 meanFGDice=0.5781 | best=0.5891 pat=58/100
[E553 i0000 EXP] tot=7.6471 seg(log)=0.6502 seg(bw)=0.0000 vol=1.6543 cent=1.1985 t=5.00 lr=9.00e-04
[E553 i0025 STD] tot=7.5948 seg(log)=0.6288 seg(bw)=0.0000 vol=1.6007 cent=1.1988 t=5.00 lr=9.00e-04
[E553 i0050 EXP] tot=7.6385 seg(log)=0.6934 seg(bw)=0.0000 vol=1.6456 cent=1.1986 t=5.00 lr=9.00e-04
[E553 i0075 STD] tot=7.5778 seg(log)=0.6534 seg(bw)=0.0000 vol=1.5842 cent=1.1987 t=5.00 lr=9.00e-04
[E553 i0100 EXP] tot=7.6483 seg(log)=0.6316 seg(bw)=0.0000 vol=1.6548 cent=1.1987 t=5.00 lr=9.00e-04
[E553 i0125 STD] tot=7.5938 seg(log)=0.6518 seg(bw)=0.0000 vol=1.6013 cent=1.1985 t=5.00 lr=9.00e-04
[E553 i0150 EXP] tot=7.6376 seg(log)=0.7140 seg(bw)=0.0000 vol=1.6438 cent=1.1988 t=5.00 lr=9.00e-04
[E553 i0175 STD] tot=7.5980 seg(log)=0.6419 seg(bw)=0.0000 vol=1.6043 cent=1.1987 t=5.00 lr=9.00e-04
[E553] train tot=7.6142 seg(log)=0.6621 seg(bw)=0.0000 vol=1.6203 cent=1.1988 | val seg=0.6756 meanFGDice=0.5728 | best=0.5891 pat=59/100
[E554 i0000 EXP] tot=7.6475 seg(log)=0.6429 seg(bw)=0.0000 vol=1.6547 cent=1.1986 t=5.00 lr=9.00e-04
[E554 i0025 STD] tot=7.6070 seg(log)=0.6094 seg(bw)=0.0000 vol=1.6140 cent=1.1986 t=5.00 lr=9.00e-04
[E554 i0050 EXP] tot=7.6480 seg(log)=0.6659 seg(bw)=0.0000 vol=1.6530 cent=1.1990 t=5.00 lr=9.00e-04
[E554 i0075 STD] tot=7.5807 seg(log)=0.6807 seg(bw)=0.0000 vol=1.5868 cent=1.1988 t=5.00 lr=9.00e-04
[E554 i0100 EXP] tot=7.6525 seg(log)=0.6213 seg(bw)=0.0000 vol=1.6582 cent=1.1989 t=5.00 lr=9.00e-04
[E554 i0125 STD] tot=7.5798 seg(log)=0.6526 seg(bw)=0.0000 vol=1.5832 cent=1.1993 t=5.00 lr=9.00e-04
[E554 i0150 EXP] tot=7.6393 seg(log)=0.7090 seg(bw)=0.0000 vol=1.6451 cent=1.1988 t=5.00 lr=9.00e-04
[E554 i0175 STD] tot=7.5685 seg(log)=0.6873 seg(bw)=0.0000 vol=1.5754 cent=1.1986 t=5.00 lr=9.00e-04
[E554] train tot=7.6160 seg(log)=0.6624 seg(bw)=0.0000 vol=1.6210 cent=1.1990 | val seg=0.6862 meanFGDice=0.5759 | best=0.5891 pat=60/100
[E555 i0000 EXP] tot=7.6446 seg(log)=0.6801 seg(bw)=0.0000 vol=1.6496 cent=1.1990 t=5.00 lr=9.00e-04
[E555 i0025 STD] tot=7.6010 seg(log)=0.6269 seg(bw)=0.0000 vol=1.6068 cent=1.1988 t=5.00 lr=9.00e-04
[E555 i0050 EXP] tot=7.6488 seg(log)=0.7060 seg(bw)=0.0000 vol=1.6504 cent=1.1997 t=5.00 lr=9.00e-04
[E555 i0075 STD] tot=7.5803 seg(log)=0.6368 seg(bw)=0.0000 vol=1.5852 cent=1.1990 t=5.00 lr=9.00e-04
[E555 i0100 EXP] tot=7.6406 seg(log)=0.6915 seg(bw)=0.0000 vol=1.6473 cent=1.1987 t=5.00 lr=9.00e-04
[E555 i0125 STD] tot=7.5961 seg(log)=0.6545 seg(bw)=0.0000 vol=1.6020 cent=1.1988 t=5.00 lr=9.00e-04
[E555 i0150 EXP] tot=7.6451 seg(log)=0.6588 seg(bw)=0.0000 vol=1.6512 cent=1.1988 t=5.00 lr=9.00e-04
[E555 i0175 STD] tot=7.5889 seg(log)=0.6494 seg(bw)=0.0000 vol=1.5943 cent=1.1989 t=5.00 lr=9.00e-04
[E555] train tot=7.6157 seg(log)=0.6735 seg(bw)=0.0000 vol=1.6202 cent=1.1991 | val seg=0.7171 meanFGDice=0.5730 | best=0.5891 pat=61/100
[E556 i0000 EXP] tot=7.6452 seg(log)=0.6892 seg(bw)=0.0000 vol=1.6519 cent=1.1987 t=5.00 lr=9.00e-04
[E556 i0025 STD] tot=7.6049 seg(log)=0.6579 seg(bw)=0.0000 vol=1.6065 cent=1.1997 t=5.00 lr=9.00e-04
[E556 i0050 EXP] tot=7.6382 seg(log)=0.6901 seg(bw)=0.0000 vol=1.6453 cent=1.1986 t=5.00 lr=9.00e-04
[E556 i0075 STD] tot=7.5847 seg(log)=0.6933 seg(bw)=0.0000 vol=1.5879 cent=1.1994 t=5.00 lr=9.00e-04
[E556 i0100 EXP] tot=7.6493 seg(log)=0.6500 seg(bw)=0.0000 vol=1.6530 cent=1.1993 t=5.00 lr=9.00e-04
[E556 i0125 STD] tot=7.5776 seg(log)=0.6728 seg(bw)=0.0000 vol=1.5826 cent=1.1990 t=5.00 lr=9.00e-04
[E556 i0150 EXP] tot=7.6467 seg(log)=0.6467 seg(bw)=0.0000 vol=1.6527 cent=1.1988 t=5.00 lr=9.00e-04
[E556 i0175 STD] tot=7.5981 seg(log)=0.6093 seg(bw)=0.0000 vol=1.6024 cent=1.1991 t=5.00 lr=9.00e-04
[E556] train tot=7.6159 seg(log)=0.6717 seg(bw)=0.0000 vol=1.6207 cent=1.1991 | val seg=0.6616 meanFGDice=0.5741 | best=0.5891 pat=62/100
[E557 i0000 EXP] tot=7.6501 seg(log)=0.6348 seg(bw)=0.0000 vol=1.6573 cent=1.1986 t=5.00 lr=9.00e-04
[E557 i0025 STD] tot=7.5627 seg(log)=0.6916 seg(bw)=0.0000 vol=1.5692 cent=1.1987 t=5.00 lr=9.00e-04
[E557 i0050 EXP] tot=7.6451 seg(log)=0.6777 seg(bw)=0.0000 vol=1.6521 cent=1.1986 t=5.00 lr=9.00e-04
[E557 i0075 STD] tot=7.5854 seg(log)=0.6772 seg(bw)=0.0000 vol=1.5896 cent=1.1991 t=5.00 lr=9.00e-04
[E557 i0100 EXP] tot=7.6555 seg(log)=0.6040 seg(bw)=0.0000 vol=1.6605 cent=1.1990 t=5.00 lr=9.00e-04
[E557 i0125 STD] tot=7.5960 seg(log)=0.6514 seg(bw)=0.0000 vol=1.5990 cent=1.1994 t=5.00 lr=9.00e-04
[E557 i0150 EXP] tot=7.6475 seg(log)=0.6410 seg(bw)=0.0000 vol=1.6541 cent=1.1987 t=5.00 lr=9.00e-04
[E557 i0175 STD] tot=7.5901 seg(log)=0.6943 seg(bw)=0.0000 vol=1.5894 cent=1.2001 t=5.00 lr=9.00e-04
[E557] train tot=7.6149 seg(log)=0.6629 seg(bw)=0.0000 vol=1.6203 cent=1.1989 | val seg=0.6834 meanFGDice=0.5774 | best=0.5891 pat=63/100
[E558 i0000 EXP] tot=7.6487 seg(log)=0.6523 seg(bw)=0.0000 vol=1.6513 cent=1.1995 t=5.00 lr=9.00e-04
[E558 i0025 STD] tot=7.5799 seg(log)=0.7102 seg(bw)=0.0000 vol=1.5851 cent=1.1990 t=5.00 lr=9.00e-04
[E558 i0050 EXP] tot=7.6414 seg(log)=0.6680 seg(bw)=0.0000 vol=1.6491 cent=1.1985 t=5.00 lr=9.00e-04
[E558 i0075 STD] tot=7.5652 seg(log)=0.7010 seg(bw)=0.0000 vol=1.5704 cent=1.1990 t=5.00 lr=9.00e-04
[E558 i0100 EXP] tot=7.6487 seg(log)=0.6553 seg(bw)=0.0000 vol=1.6541 cent=1.1989 t=5.00 lr=9.00e-04
[E558 i0125 STD] tot=7.6015 seg(log)=0.6235 seg(bw)=0.0000 vol=1.6059 cent=1.1991 t=5.00 lr=9.00e-04
[E558 i0150 EXP] tot=7.6438 seg(log)=0.6674 seg(bw)=0.0000 vol=1.6493 cent=1.1989 t=5.00 lr=9.00e-04
[E558 i0175 STD] tot=7.5946 seg(log)=0.6412 seg(bw)=0.0000 vol=1.5991 cent=1.1991 t=5.00 lr=9.00e-04
[E558] train tot=7.6165 seg(log)=0.6683 seg(bw)=0.0000 vol=1.6209 cent=1.1991 | val seg=0.6430 meanFGDice=0.5814 | best=0.5891 pat=64/100
[E559 i0000 EXP] tot=7.6490 seg(log)=0.6418 seg(bw)=0.0000 vol=1.6546 cent=1.1989 t=5.00 lr=9.00e-04
[E559 i0025 STD] tot=7.5852 seg(log)=0.6485 seg(bw)=0.0000 vol=1.5906 cent=1.1989 t=5.00 lr=9.00e-04
[E559 i0050 EXP] tot=7.6463 seg(log)=0.6718 seg(bw)=0.0000 vol=1.6502 cent=1.1992 t=5.00 lr=9.00e-04
[E559 i0075 STD] tot=7.5828 seg(log)=0.6543 seg(bw)=0.0000 vol=1.5863 cent=1.1993 t=5.00 lr=9.00e-04
[E559 i0100 EXP] tot=7.6469 seg(log)=0.6565 seg(bw)=0.0000 vol=1.6540 cent=1.1986 t=5.00 lr=9.00e-04
[E559 i0125 STD] tot=7.5976 seg(log)=0.6283 seg(bw)=0.0000 vol=1.6020 cent=1.1991 t=5.00 lr=9.00e-04
[E559 i0150 EXP] tot=7.6491 seg(log)=0.6586 seg(bw)=0.0000 vol=1.6539 cent=1.1990 t=5.00 lr=9.00e-04
[E559 i0175 STD] tot=7.5825 seg(log)=0.7001 seg(bw)=0.0000 vol=1.5875 cent=1.1990 t=5.00 lr=9.00e-04
[E559] train tot=7.6154 seg(log)=0.6631 seg(bw)=0.0000 vol=1.6206 cent=1.1990 | val seg=0.6962 meanFGDice=0.5756 | best=0.5891 pat=65/100
[E560 i0000 EXP] tot=7.6367 seg(log)=0.6998 seg(bw)=0.0000 vol=1.6438 cent=1.1986 t=5.00 lr=9.00e-04
[E560 i0025 STD] tot=7.5769 seg(log)=0.6770 seg(bw)=0.0000 vol=1.5826 cent=1.1989 t=5.00 lr=9.00e-04
[E560 i0050 EXP] tot=7.6441 seg(log)=0.6773 seg(bw)=0.0000 vol=1.6498 cent=1.1989 t=5.00 lr=9.00e-04
[E560 i0075 STD] tot=7.6019 seg(log)=0.6427 seg(bw)=0.0000 vol=1.6069 cent=1.1990 t=5.00 lr=9.00e-04
[E560 i0100 EXP] tot=7.6464 seg(log)=0.6825 seg(bw)=0.0000 vol=1.6508 cent=1.1991 t=5.00 lr=9.00e-04
[E560 i0125 STD] tot=7.5628 seg(log)=0.6973 seg(bw)=0.0000 vol=1.5662 cent=1.1993 t=5.00 lr=9.00e-04
[E560 i0150 EXP] tot=7.6494 seg(log)=0.6318 seg(bw)=0.0000 vol=1.6565 cent=1.1986 t=5.00 lr=9.00e-04
[E560 i0175 STD] tot=7.5880 seg(log)=0.6513 seg(bw)=0.0000 vol=1.5944 cent=1.1987 t=5.00 lr=9.00e-04
[E560] train tot=7.6146 seg(log)=0.6691 seg(bw)=0.0000 vol=1.6205 cent=1.1988 | val seg=0.6610 meanFGDice=0.5815 | best=0.5891 pat=66/100
[E561 i0000 EXP] tot=7.6422 seg(log)=0.6638 seg(bw)=0.0000 vol=1.6488 cent=1.1987 t=5.00 lr=9.00e-04
[E561 i0025 STD] tot=7.5936 seg(log)=0.6504 seg(bw)=0.0000 vol=1.5994 cent=1.1988 t=5.00 lr=9.00e-04
[E561 i0050 EXP] tot=7.6415 seg(log)=0.6755 seg(bw)=0.0000 vol=1.6497 cent=1.1984 t=5.00 lr=9.00e-04
[E561 i0075 STD] tot=7.6026 seg(log)=0.5924 seg(bw)=0.0000 vol=1.6099 cent=1.1985 t=5.00 lr=9.00e-04
[E561 i0100 EXP] tot=7.6478 seg(log)=0.6546 seg(bw)=0.0000 vol=1.6546 cent=1.1986 t=5.00 lr=9.00e-04
[E561 i0125 STD] tot=7.5802 seg(log)=0.6505 seg(bw)=0.0000 vol=1.5874 cent=1.1986 t=5.00 lr=9.00e-04
[E561 i0150 EXP] tot=7.6446 seg(log)=0.6527 seg(bw)=0.0000 vol=1.6510 cent=1.1987 t=5.00 lr=9.00e-04
[E561 i0175 STD] tot=7.5725 seg(log)=0.6792 seg(bw)=0.0000 vol=1.5803 cent=1.1984 t=5.00 lr=9.00e-04
[E561] train tot=7.6144 seg(log)=0.6625 seg(bw)=0.0000 vol=1.6205 cent=1.1988 | val seg=0.6637 meanFGDice=0.5803 | best=0.5891 pat=67/100
[E562 i0000 EXP] tot=7.6360 seg(log)=0.7192 seg(bw)=0.0000 vol=1.6436 cent=1.1985 t=5.00 lr=9.00e-04
[E562 i0025 STD] tot=7.6013 seg(log)=0.6152 seg(bw)=0.0000 vol=1.6086 cent=1.1985 t=5.00 lr=9.00e-04
[E562 i0050 EXP] tot=7.6535 seg(log)=0.6419 seg(bw)=0.0000 vol=1.6602 cent=1.1987 t=5.00 lr=9.00e-04
[E562 i0075 STD] tot=7.5688 seg(log)=0.6689 seg(bw)=0.0000 vol=1.5757 cent=1.1986 t=5.00 lr=9.00e-04
[E562 i0100 EXP] tot=7.6355 seg(log)=0.7383 seg(bw)=0.0000 vol=1.6413 cent=1.1988 t=5.00 lr=9.00e-04
[E562 i0125 STD] tot=7.5903 seg(log)=0.6277 seg(bw)=0.0000 vol=1.5973 cent=1.1986 t=5.00 lr=9.00e-04
[E562 i0150 EXP] tot=7.6483 seg(log)=0.6587 seg(bw)=0.0000 vol=1.6556 cent=1.1985 t=5.00 lr=9.00e-04
[E562 i0175 STD] tot=7.5618 seg(log)=0.6928 seg(bw)=0.0000 vol=1.5675 cent=1.1988 t=5.00 lr=9.00e-04
[E562] train tot=7.6139 seg(log)=0.6704 seg(bw)=0.0000 vol=1.6204 cent=1.1987 | val seg=0.7538 meanFGDice=0.5686 | best=0.5891 pat=68/100
[E563 i0000 EXP] tot=7.6394 seg(log)=0.7042 seg(bw)=0.0000 vol=1.6469 cent=1.1985 t=5.00 lr=9.00e-04
[E563 i0025 STD] tot=7.5916 seg(log)=0.6774 seg(bw)=0.0000 vol=1.5975 cent=1.1988 t=5.00 lr=9.00e-04
[E563 i0050 EXP] tot=7.6495 seg(log)=0.6418 seg(bw)=0.0000 vol=1.6570 cent=1.1985 t=5.00 lr=9.00e-04
[E563 i0075 STD] tot=7.5841 seg(log)=0.6495 seg(bw)=0.0000 vol=1.5911 cent=1.1986 t=5.00 lr=9.00e-04
[E563 i0100 EXP] tot=7.6452 seg(log)=0.6690 seg(bw)=0.0000 vol=1.6513 cent=1.1988 t=5.00 lr=9.00e-04
[E563 i0125 STD] tot=7.5845 seg(log)=0.6419 seg(bw)=0.0000 vol=1.5915 cent=1.1986 t=5.00 lr=9.00e-04
[E563 i0150 EXP] tot=7.6404 seg(log)=0.6746 seg(bw)=0.0000 vol=1.6480 cent=1.1985 t=5.00 lr=9.00e-04
[E563 i0175 STD] tot=7.5755 seg(log)=0.6656 seg(bw)=0.0000 vol=1.5809 cent=1.1989 t=5.00 lr=9.00e-04
[E563] train tot=7.6140 seg(log)=0.6665 seg(bw)=0.0000 vol=1.6204 cent=1.1987 | val seg=0.6600 meanFGDice=0.5820 | best=0.5891 pat=69/100
[E564 i0000 EXP] tot=7.6532 seg(log)=0.6173 seg(bw)=0.0000 vol=1.6586 cent=1.1989 t=5.00 lr=9.00e-04
[E564 i0025 STD] tot=7.5802 seg(log)=0.6325 seg(bw)=0.0000 vol=1.5855 cent=1.1989 t=5.00 lr=9.00e-04
[E564 i0050 EXP] tot=7.6394 seg(log)=0.6936 seg(bw)=0.0000 vol=1.6468 cent=1.1985 t=5.00 lr=9.00e-04
[E564 i0075 STD] tot=7.5776 seg(log)=0.6597 seg(bw)=0.0000 vol=1.5849 cent=1.1985 t=5.00 lr=9.00e-04
[E564 i0100 EXP] tot=7.6449 seg(log)=0.6677 seg(bw)=0.0000 vol=1.6509 cent=1.1988 t=5.00 lr=9.00e-04
[E564 i0125 STD] tot=7.5806 seg(log)=0.6801 seg(bw)=0.0000 vol=1.5856 cent=1.1990 t=5.00 lr=9.00e-04
[E564 i0150 EXP] tot=7.6491 seg(log)=0.6308 seg(bw)=0.0000 vol=1.6557 cent=1.1987 t=5.00 lr=9.00e-04
[E564 i0175 STD] tot=7.5572 seg(log)=0.7655 seg(bw)=0.0000 vol=1.5619 cent=1.1991 t=5.00 lr=9.00e-04
[E564] train tot=7.6143 seg(log)=0.6644 seg(bw)=0.0000 vol=1.6205 cent=1.1988 | val seg=0.6571 meanFGDice=0.5783 | best=0.5891 pat=70/100
[E565 i0000 EXP] tot=7.6431 seg(log)=0.6780 seg(bw)=0.0000 vol=1.6504 cent=1.1985 t=5.00 lr=9.00e-04
[E565 i0025 STD] tot=7.5969 seg(log)=0.6374 seg(bw)=0.0000 vol=1.6034 cent=1.1987 t=5.00 lr=9.00e-04
[E565 i0050 EXP] tot=7.6421 seg(log)=0.6855 seg(bw)=0.0000 vol=1.6489 cent=1.1986 t=5.00 lr=9.00e-04
[E565 i0075 STD] tot=7.6010 seg(log)=0.6602 seg(bw)=0.0000 vol=1.6072 cent=1.1988 t=5.00 lr=9.00e-04
[E565 i0100 EXP] tot=7.6372 seg(log)=0.6933 seg(bw)=0.0000 vol=1.6435 cent=1.1987 t=5.00 lr=9.00e-04
[E565 i0125 STD] tot=7.5756 seg(log)=0.6779 seg(bw)=0.0000 vol=1.5822 cent=1.1987 t=5.00 lr=9.00e-04
[E565 i0150 EXP] tot=7.6495 seg(log)=0.6284 seg(bw)=0.0000 vol=1.6567 cent=1.1986 t=5.00 lr=9.00e-04
[E565 i0175 STD] tot=7.5555 seg(log)=0.7307 seg(bw)=0.0000 vol=1.5626 cent=1.1986 t=5.00 lr=9.00e-04
[E565] train tot=7.6138 seg(log)=0.6679 seg(bw)=0.0000 vol=1.6205 cent=1.1987 | val seg=0.6686 meanFGDice=0.5789 | best=0.5891 pat=71/100
[E566 i0000 EXP] tot=7.6339 seg(log)=0.7170 seg(bw)=0.0000 vol=1.6411 cent=1.1986 t=5.00 lr=9.00e-04
[E566 i0025 STD] tot=7.5812 seg(log)=0.6493 seg(bw)=0.0000 vol=1.5867 cent=1.1989 t=5.00 lr=9.00e-04
[E566 i0050 EXP] tot=7.6465 seg(log)=0.6396 seg(bw)=0.0000 vol=1.6538 cent=1.1985 t=5.00 lr=9.00e-04
[E566 i0075 STD] tot=7.5631 seg(log)=0.7718 seg(bw)=0.0000 vol=1.5699 cent=1.1987 t=5.00 lr=9.00e-04
[E566 i0100 EXP] tot=7.6441 seg(log)=0.6908 seg(bw)=0.0000 vol=1.6492 cent=1.1990 t=5.00 lr=9.00e-04
[E566 i0125 STD] tot=7.5607 seg(log)=0.7518 seg(bw)=0.0000 vol=1.5659 cent=1.1990 t=5.00 lr=9.00e-04
[E566 i0150 EXP] tot=7.6385 seg(log)=0.7024 seg(bw)=0.0000 vol=1.6442 cent=1.1989 t=5.00 lr=9.00e-04
[E566 i0175 STD] tot=7.6072 seg(log)=0.6397 seg(bw)=0.0000 vol=1.6133 cent=1.1988 t=5.00 lr=9.00e-04
[E566] train tot=7.6141 seg(log)=0.6702 seg(bw)=0.0000 vol=1.6204 cent=1.1987 | val seg=0.6700 meanFGDice=0.5822 | best=0.5891 pat=72/100
[E567 i0000 EXP] tot=7.6482 seg(log)=0.7044 seg(bw)=0.0000 vol=1.6461 cent=1.2004 t=5.00 lr=9.00e-04
[E567 i0025 STD] tot=7.5778 seg(log)=0.6975 seg(bw)=0.0000 vol=1.5843 cent=1.1987 t=5.00 lr=9.00e-04
[E567 i0050 EXP] tot=7.6467 seg(log)=0.6463 seg(bw)=0.0000 vol=1.6540 cent=1.1985 t=5.00 lr=9.00e-04
[E567 i0075 STD] tot=7.5840 seg(log)=0.6537 seg(bw)=0.0000 vol=1.5912 cent=1.1986 t=5.00 lr=9.00e-04
[E567 i0100 EXP] tot=7.6491 seg(log)=0.6296 seg(bw)=0.0000 vol=1.6559 cent=1.1986 t=5.00 lr=9.00e-04
[E567 i0125 STD] tot=7.5799 seg(log)=0.6666 seg(bw)=0.0000 vol=1.5829 cent=1.1994 t=5.00 lr=9.00e-04
[E567 i0150 EXP] tot=7.6514 seg(log)=0.6416 seg(bw)=0.0000 vol=1.6578 cent=1.1987 t=5.00 lr=9.00e-04
[E567 i0175 STD] tot=7.5829 seg(log)=0.6581 seg(bw)=0.0000 vol=1.5890 cent=1.1988 t=5.00 lr=9.00e-04
[E567] train tot=7.6144 seg(log)=0.6665 seg(bw)=0.0000 vol=1.6204 cent=1.1988 | val seg=0.6704 meanFGDice=0.5771 | best=0.5891 pat=73/100
[E568 i0000 EXP] tot=7.6457 seg(log)=0.6521 seg(bw)=0.0000 vol=1.6530 cent=1.1985 t=5.00 lr=9.00e-04
[E568 i0025 STD] tot=7.5844 seg(log)=0.6634 seg(bw)=0.0000 vol=1.5913 cent=1.1986 t=5.00 lr=9.00e-04
[E568 i0050 EXP] tot=7.6502 seg(log)=0.6534 seg(bw)=0.0000 vol=1.6562 cent=1.1988 t=5.00 lr=9.00e-04
[E568 i0075 STD] tot=7.5767 seg(log)=0.6759 seg(bw)=0.0000 vol=1.5834 cent=1.1987 t=5.00 lr=9.00e-04
[E568 i0100 EXP] tot=7.6336 seg(log)=0.7864 seg(bw)=0.0000 vol=1.6389 cent=1.1989 t=5.00 lr=9.00e-04
[E568 i0125 STD] tot=7.5947 seg(log)=0.6195 seg(bw)=0.0000 vol=1.6005 cent=1.1988 t=5.00 lr=9.00e-04
[E568 i0150 EXP] tot=7.6388 seg(log)=0.7090 seg(bw)=0.0000 vol=1.6448 cent=1.1988 t=5.00 lr=9.00e-04
[E568 i0175 STD] tot=7.5857 seg(log)=0.6709 seg(bw)=0.0000 vol=1.5926 cent=1.1986 t=5.00 lr=9.00e-04
[E568] train tot=7.6148 seg(log)=0.6680 seg(bw)=0.0000 vol=1.6205 cent=1.1989 | val seg=0.6682 meanFGDice=0.5739 | best=0.5891 pat=74/100
[E569 i0000 EXP] tot=7.6432 seg(log)=0.6750 seg(bw)=0.0000 vol=1.6503 cent=1.1986 t=5.00 lr=9.00e-04
[E569 i0025 STD] tot=7.6067 seg(log)=0.6251 seg(bw)=0.0000 vol=1.6124 cent=1.1989 t=5.00 lr=9.00e-04
[E569 i0050 EXP] tot=7.6426 seg(log)=0.7247 seg(bw)=0.0000 vol=1.6473 cent=1.1991 t=5.00 lr=9.00e-04
[E569 i0075 STD] tot=7.5911 seg(log)=0.6787 seg(bw)=0.0000 vol=1.5927 cent=1.1997 t=5.00 lr=9.00e-04
[E569 i0100 EXP] tot=7.6396 seg(log)=0.7541 seg(bw)=0.0000 vol=1.6403 cent=1.1999 t=5.00 lr=9.00e-04
[E569 i0125 STD] tot=7.5823 seg(log)=0.6581 seg(bw)=0.0000 vol=1.5882 cent=1.1988 t=5.00 lr=9.00e-04
[E569 i0150 EXP] tot=7.6458 seg(log)=0.6490 seg(bw)=0.0000 vol=1.6519 cent=1.1988 t=5.00 lr=9.00e-04
[E569 i0175 STD] tot=7.5871 seg(log)=0.6042 seg(bw)=0.0000 vol=1.5929 cent=1.1988 t=5.00 lr=9.00e-04
[E569] train tot=7.6163 seg(log)=0.6728 seg(bw)=0.0000 vol=1.6206 cent=1.1991 | val seg=0.6532 meanFGDice=0.5841 | best=0.5891 pat=75/100
[E570 i0000 EXP] tot=7.6509 seg(log)=0.6458 seg(bw)=0.0000 vol=1.6573 cent=1.1987 t=5.00 lr=9.00e-04
[E570 i0025 STD] tot=7.5856 seg(log)=0.6361 seg(bw)=0.0000 vol=1.5930 cent=1.1985 t=5.00 lr=9.00e-04
[E570 i0050 EXP] tot=7.6430 seg(log)=0.6660 seg(bw)=0.0000 vol=1.6488 cent=1.1988 t=5.00 lr=9.00e-04
[E570 i0075 STD] tot=7.5866 seg(log)=0.6311 seg(bw)=0.0000 vol=1.5917 cent=1.1990 t=5.00 lr=9.00e-04
[E570 i0100 EXP] tot=7.6382 seg(log)=0.7023 seg(bw)=0.0000 vol=1.6447 cent=1.1987 t=5.00 lr=9.00e-04
[E570 i0125 STD] tot=7.5963 seg(log)=0.6387 seg(bw)=0.0000 vol=1.6035 cent=1.1986 t=5.00 lr=9.00e-04
[E570 i0150 EXP] tot=7.6466 seg(log)=0.6560 seg(bw)=0.0000 vol=1.6516 cent=1.1990 t=5.00 lr=9.00e-04
[E570 i0175 STD] tot=7.5852 seg(log)=0.6623 seg(bw)=0.0000 vol=1.5913 cent=1.1988 t=5.00 lr=9.00e-04
[E570] train tot=7.6151 seg(log)=0.6648 seg(bw)=0.0000 vol=1.6207 cent=1.1989 | val seg=0.6699 meanFGDice=0.5807 | best=0.5891 pat=76/100
[E571 i0000 EXP] tot=7.6516 seg(log)=0.6217 seg(bw)=0.0000 vol=1.6569 cent=1.1989 t=5.00 lr=9.00e-04
[E571 i0025 STD] tot=7.5897 seg(log)=0.6531 seg(bw)=0.0000 vol=1.5957 cent=1.1988 t=5.00 lr=9.00e-04
[E571 i0050 EXP] tot=7.6341 seg(log)=0.7026 seg(bw)=0.0000 vol=1.6410 cent=1.1986 t=5.00 lr=9.00e-04
[E571 i0075 STD] tot=7.5762 seg(log)=0.6501 seg(bw)=0.0000 vol=1.5783 cent=1.1996 t=5.00 lr=9.00e-04
[E571 i0100 EXP] tot=7.6351 seg(log)=0.7419 seg(bw)=0.0000 vol=1.6395 cent=1.1991 t=5.00 lr=9.00e-04
[E571 i0125 STD] tot=7.5743 seg(log)=0.7012 seg(bw)=0.0000 vol=1.5808 cent=1.1987 t=5.00 lr=9.00e-04
[E571 i0150 EXP] tot=7.6401 seg(log)=0.6845 seg(bw)=0.0000 vol=1.6462 cent=1.1988 t=5.00 lr=9.00e-04
[E571 i0175 STD] tot=7.5923 seg(log)=0.6842 seg(bw)=0.0000 vol=1.5952 cent=1.1994 t=5.00 lr=9.00e-04
[E571] train tot=7.6150 seg(log)=0.6678 seg(bw)=0.0000 vol=1.6206 cent=1.1989 | val seg=0.6808 meanFGDice=0.5768 | best=0.5891 pat=77/100
[E572 i0000 EXP] tot=7.6420 seg(log)=0.6686 seg(bw)=0.0000 vol=1.6483 cent=1.1987 t=5.00 lr=9.00e-04
[E572 i0025 STD] tot=7.5616 seg(log)=0.7082 seg(bw)=0.0000 vol=1.5679 cent=1.1987 t=5.00 lr=9.00e-04
[E572 i0050 EXP] tot=7.6387 seg(log)=0.7199 seg(bw)=0.0000 vol=1.6429 cent=1.1992 t=5.00 lr=9.00e-04
[E572 i0075 STD] tot=7.5774 seg(log)=0.6863 seg(bw)=0.0000 vol=1.5817 cent=1.1991 t=5.00 lr=9.00e-04
[E572 i0100 EXP] tot=7.6480 seg(log)=0.6497 seg(bw)=0.0000 vol=1.6538 cent=1.1988 t=5.00 lr=9.00e-04
[E572 i0125 STD] tot=7.5863 seg(log)=0.6454 seg(bw)=0.0000 vol=1.5926 cent=1.1987 t=5.00 lr=9.00e-04
[E572 i0150 EXP] tot=7.6422 seg(log)=0.6899 seg(bw)=0.0000 vol=1.6480 cent=1.1988 t=5.00 lr=9.00e-04
[E572 i0175 STD] tot=7.5798 seg(log)=0.6439 seg(bw)=0.0000 vol=1.5833 cent=1.1993 t=5.00 lr=9.00e-04
[E572] train tot=7.6150 seg(log)=0.6632 seg(bw)=0.0000 vol=1.6205 cent=1.1989 | val seg=0.6598 meanFGDice=0.5842 | best=0.5891 pat=78/100
[E573 i0000 EXP] tot=7.6422 seg(log)=0.6865 seg(bw)=0.0000 vol=1.6467 cent=1.1991 t=5.00 lr=9.00e-04
[E573 i0025 STD] tot=7.5616 seg(log)=0.7525 seg(bw)=0.0000 vol=1.5597 cent=1.2004 t=5.00 lr=9.00e-04
[E573 i0050 EXP] tot=7.6452 seg(log)=0.6568 seg(bw)=0.0000 vol=1.6524 cent=1.1986 t=5.00 lr=9.00e-04
[E573 i0075 STD] tot=7.5929 seg(log)=0.6509 seg(bw)=0.0000 vol=1.5983 cent=1.1989 t=5.00 lr=9.00e-04
[E573 i0100 EXP] tot=7.6478 seg(log)=0.6306 seg(bw)=0.0000 vol=1.6550 cent=1.1986 t=5.00 lr=9.00e-04
[E573 i0125 STD] tot=7.6024 seg(log)=0.6372 seg(bw)=0.0000 vol=1.6077 cent=1.1990 t=5.00 lr=9.00e-04
[E573 i0150 EXP] tot=7.6538 seg(log)=0.6531 seg(bw)=0.0000 vol=1.6560 cent=1.1995 t=5.00 lr=9.00e-04
[E573 i0175 STD] tot=7.6112 seg(log)=0.6467 seg(bw)=0.0000 vol=1.6105 cent=1.2001 t=5.00 lr=9.00e-04
[E573] train tot=7.6151 seg(log)=0.6680 seg(bw)=0.0000 vol=1.6207 cent=1.1989 | val seg=0.6645 meanFGDice=0.5820 | best=0.5891 pat=79/100
[E574 i0000 EXP] tot=7.6499 seg(log)=0.6550 seg(bw)=0.0000 vol=1.6558 cent=1.1988 t=5.00 lr=9.00e-04
[E574 i0025 STD] tot=7.5886 seg(log)=0.6894 seg(bw)=0.0000 vol=1.5910 cent=1.1995 t=5.00 lr=9.00e-04
[E574 i0050 EXP] tot=7.6354 seg(log)=0.7129 seg(bw)=0.0000 vol=1.6418 cent=1.1987 t=5.00 lr=9.00e-04
[E574 i0075 STD] tot=7.5644 seg(log)=0.7136 seg(bw)=0.0000 vol=1.5691 cent=1.1990 t=5.00 lr=9.00e-04
[E574 i0100 EXP] tot=7.6476 seg(log)=0.6543 seg(bw)=0.0000 vol=1.6550 cent=1.1985 t=5.00 lr=9.00e-04
[E574 i0125 STD] tot=7.5701 seg(log)=0.7182 seg(bw)=0.0000 vol=1.5755 cent=1.1989 t=5.00 lr=9.00e-04
[E574 i0150 EXP] tot=7.6376 seg(log)=0.7401 seg(bw)=0.0000 vol=1.6444 cent=1.1986 t=5.00 lr=9.00e-04
[E574 i0175 STD] tot=7.5965 seg(log)=0.6513 seg(bw)=0.0000 vol=1.6022 cent=1.1989 t=5.00 lr=9.00e-04
[E574] train tot=7.6148 seg(log)=0.6775 seg(bw)=0.0000 vol=1.6205 cent=1.1989 | val seg=0.6817 meanFGDice=0.5755 | best=0.5891 pat=80/100
[E575 i0000 EXP] tot=7.6460 seg(log)=0.6741 seg(bw)=0.0000 vol=1.6522 cent=1.1988 t=5.00 lr=9.00e-04
[E575 i0025 STD] tot=7.5891 seg(log)=0.6725 seg(bw)=0.0000 vol=1.5964 cent=1.1985 t=5.00 lr=9.00e-04
[E575 i0050 EXP] tot=7.6429 seg(log)=0.6822 seg(bw)=0.0000 vol=1.6500 cent=1.1986 t=5.00 lr=9.00e-04
[E575 i0075 STD] tot=7.5873 seg(log)=0.6962 seg(bw)=0.0000 vol=1.5914 cent=1.1992 t=5.00 lr=9.00e-04
[E575 i0100 EXP] tot=7.6499 seg(log)=0.6564 seg(bw)=0.0000 vol=1.6560 cent=1.1988 t=5.00 lr=9.00e-04
[E575 i0125 STD] tot=7.5827 seg(log)=0.6540 seg(bw)=0.0000 vol=1.5880 cent=1.1989 t=5.00 lr=9.00e-04
[E575 i0150 EXP] tot=7.6418 seg(log)=0.6755 seg(bw)=0.0000 vol=1.6472 cent=1.1989 t=5.00 lr=9.00e-04
[E575 i0175 STD] tot=7.5904 seg(log)=0.6474 seg(bw)=0.0000 vol=1.5928 cent=1.1995 t=5.00 lr=9.00e-04
[E575] train tot=7.6154 seg(log)=0.6768 seg(bw)=0.0000 vol=1.6207 cent=1.1989 | val seg=0.6575 meanFGDice=0.5846 | best=0.5891 pat=81/100
[E576 i0000 EXP] tot=7.6452 seg(log)=0.6575 seg(bw)=0.0000 vol=1.6509 cent=1.1989 t=5.00 lr=9.00e-04
[E576 i0025 STD] tot=7.5841 seg(log)=0.6794 seg(bw)=0.0000 vol=1.5883 cent=1.1992 t=5.00 lr=9.00e-04
[E576 i0050 EXP] tot=7.6412 seg(log)=0.6802 seg(bw)=0.0000 vol=1.6458 cent=1.1991 t=5.00 lr=9.00e-04
[E576 i0075 STD] tot=7.6028 seg(log)=0.6280 seg(bw)=0.0000 vol=1.6008 cent=1.2004 t=5.00 lr=9.00e-04
[E576 i0100 EXP] tot=7.6473 seg(log)=0.6399 seg(bw)=0.0000 vol=1.6535 cent=1.1988 t=5.00 lr=9.00e-04
[E576 i0125 STD] tot=7.5766 seg(log)=0.6620 seg(bw)=0.0000 vol=1.5833 cent=1.1987 t=5.00 lr=9.00e-04
[E576 i0150 EXP] tot=7.6467 seg(log)=0.6765 seg(bw)=0.0000 vol=1.6520 cent=1.1990 t=5.00 lr=9.00e-04
[E576 i0175 STD] tot=7.5823 seg(log)=0.6699 seg(bw)=0.0000 vol=1.5875 cent=1.1990 t=5.00 lr=9.00e-04
[E576] train tot=7.6151 seg(log)=0.6630 seg(bw)=0.0000 vol=1.6202 cent=1.1990 | val seg=0.6858 meanFGDice=0.5664 | best=0.5891 pat=82/100
[E577 i0000 EXP] tot=7.6506 seg(log)=0.6459 seg(bw)=0.0000 vol=1.6575 cent=1.1986 t=5.00 lr=9.00e-04
[E577 i0025 STD] tot=7.5822 seg(log)=0.6540 seg(bw)=0.0000 vol=1.5898 cent=1.1985 t=5.00 lr=9.00e-04
[E577 i0050 EXP] tot=7.6472 seg(log)=0.6794 seg(bw)=0.0000 vol=1.6524 cent=1.1989 t=5.00 lr=9.00e-04
[E577 i0075 STD] tot=7.6001 seg(log)=0.6291 seg(bw)=0.0000 vol=1.6045 cent=1.1991 t=5.00 lr=9.00e-04
[E577 i0100 EXP] tot=7.6505 seg(log)=0.6490 seg(bw)=0.0000 vol=1.6567 cent=1.1987 t=5.00 lr=9.00e-04
[E577 i0125 STD] tot=7.5804 seg(log)=0.6736 seg(bw)=0.0000 vol=1.5868 cent=1.1987 t=5.00 lr=9.00e-04
[E577 i0150 EXP] tot=7.6449 seg(log)=0.6712 seg(bw)=0.0000 vol=1.6511 cent=1.1987 t=5.00 lr=9.00e-04
[E577 i0175 STD] tot=7.5822 seg(log)=0.6394 seg(bw)=0.0000 vol=1.5897 cent=1.1985 t=5.00 lr=9.00e-04
[E577] train tot=7.6142 seg(log)=0.6656 seg(bw)=0.0000 vol=1.6204 cent=1.1987 | val seg=0.6494 meanFGDice=0.5816 | best=0.5891 pat=83/100
[E578 i0000 EXP] tot=7.6377 seg(log)=0.6639 seg(bw)=0.0000 vol=1.6448 cent=1.1986 t=5.00 lr=9.00e-04
[E578 i0025 STD] tot=7.5747 seg(log)=0.6828 seg(bw)=0.0000 vol=1.5814 cent=1.1987 t=5.00 lr=9.00e-04
[E578 i0050 EXP] tot=7.6422 seg(log)=0.6658 seg(bw)=0.0000 vol=1.6490 cent=1.1986 t=5.00 lr=9.00e-04
[E578 i0075 STD] tot=7.5995 seg(log)=0.6343 seg(bw)=0.0000 vol=1.6060 cent=1.1987 t=5.00 lr=9.00e-04
[E578 i0100 EXP] tot=7.6487 seg(log)=0.6479 seg(bw)=0.0000 vol=1.6544 cent=1.1989 t=5.00 lr=9.00e-04
[E578 i0125 STD] tot=7.6030 seg(log)=0.6601 seg(bw)=0.0000 vol=1.6091 cent=1.1988 t=5.00 lr=9.00e-04
[E578 i0150 EXP] tot=7.6419 seg(log)=0.6692 seg(bw)=0.0000 vol=1.6486 cent=1.1987 t=5.00 lr=9.00e-04
[E578 i0175 STD] tot=7.5887 seg(log)=0.6419 seg(bw)=0.0000 vol=1.5943 cent=1.1989 t=5.00 lr=9.00e-04
[E578] train tot=7.6147 seg(log)=0.6626 seg(bw)=0.0000 vol=1.6206 cent=1.1988 | val seg=0.6701 meanFGDice=0.5783 | best=0.5891 pat=84/100
[E579 i0000 EXP] tot=7.6500 seg(log)=0.6171 seg(bw)=0.0000 vol=1.6571 cent=1.1986 t=5.00 lr=9.00e-04
[E579 i0025 STD] tot=7.5858 seg(log)=0.6467 seg(bw)=0.0000 vol=1.5931 cent=1.1985 t=5.00 lr=9.00e-04
[E579 i0050 EXP] tot=7.6357 seg(log)=0.6785 seg(bw)=0.0000 vol=1.6429 cent=1.1986 t=5.00 lr=9.00e-04
[E579 i0075 STD] tot=7.5790 seg(log)=0.6507 seg(bw)=0.0000 vol=1.5824 cent=1.1993 t=5.00 lr=9.00e-04
[E579 i0100 EXP] tot=7.6443 seg(log)=0.6436 seg(bw)=0.0000 vol=1.6509 cent=1.1987 t=5.00 lr=9.00e-04
[E579 i0125 STD] tot=7.6068 seg(log)=0.6189 seg(bw)=0.0000 vol=1.6145 cent=1.1985 t=5.00 lr=9.00e-04
[E579 i0150 EXP] tot=7.6518 seg(log)=0.6350 seg(bw)=0.0000 vol=1.6557 cent=1.1992 t=5.00 lr=9.00e-04
[E579 i0175 STD] tot=7.5802 seg(log)=0.6523 seg(bw)=0.0000 vol=1.5860 cent=1.1988 t=5.00 lr=9.00e-04
[E579] train tot=7.6145 seg(log)=0.6614 seg(bw)=0.0000 vol=1.6206 cent=1.1988 | val seg=0.6843 meanFGDice=0.5743 | best=0.5891 pat=85/100
[E580 i0000 EXP] tot=7.6309 seg(log)=0.7307 seg(bw)=0.0000 vol=1.6372 cent=1.1987 t=5.00 lr=9.00e-04
[E580 i0025 STD] tot=7.5855 seg(log)=0.6328 seg(bw)=0.0000 vol=1.5927 cent=1.1986 t=5.00 lr=9.00e-04
[E580 i0050 EXP] tot=7.6468 seg(log)=0.6210 seg(bw)=0.0000 vol=1.6540 cent=1.1986 t=5.00 lr=9.00e-04
[E580 i0075 STD] tot=7.5815 seg(log)=0.7001 seg(bw)=0.0000 vol=1.5851 cent=1.1993 t=5.00 lr=9.00e-04
[E580 i0100 EXP] tot=7.6475 seg(log)=0.6301 seg(bw)=0.0000 vol=1.6541 cent=1.1987 t=5.00 lr=9.00e-04
[E580 i0125 STD] tot=7.5958 seg(log)=0.6183 seg(bw)=0.0000 vol=1.6007 cent=1.1990 t=5.00 lr=9.00e-04
[E580 i0150 EXP] tot=7.6508 seg(log)=0.6372 seg(bw)=0.0000 vol=1.6574 cent=1.1987 t=5.00 lr=9.00e-04
[E580 i0175 STD] tot=7.5878 seg(log)=0.6462 seg(bw)=0.0000 vol=1.5918 cent=1.1992 t=5.00 lr=9.00e-04
[E580] train tot=7.6143 seg(log)=0.6628 seg(bw)=0.0000 vol=1.6205 cent=1.1988 | val seg=0.6757 meanFGDice=0.5738 | best=0.5891 pat=86/100
[E581 i0000 EXP] tot=7.6464 seg(log)=0.6607 seg(bw)=0.0000 vol=1.6530 cent=1.1987 t=5.00 lr=9.00e-04
[E581 i0025 STD] tot=7.5945 seg(log)=0.6659 seg(bw)=0.0000 vol=1.6007 cent=1.1988 t=5.00 lr=9.00e-04
[E581 i0050 EXP] tot=7.6367 seg(log)=0.6829 seg(bw)=0.0000 vol=1.6434 cent=1.1987 t=5.00 lr=9.00e-04
[E581 i0075 STD] tot=7.6004 seg(log)=0.6235 seg(bw)=0.0000 vol=1.6050 cent=1.1991 t=5.00 lr=9.00e-04
[E581 i0100 EXP] tot=7.6392 seg(log)=0.6977 seg(bw)=0.0000 vol=1.6453 cent=1.1988 t=5.00 lr=9.00e-04
[E581 i0125 STD] tot=7.5865 seg(log)=0.6473 seg(bw)=0.0000 vol=1.5923 cent=1.1988 t=5.00 lr=9.00e-04
[E581 i0150 EXP] tot=7.6472 seg(log)=0.6570 seg(bw)=0.0000 vol=1.6546 cent=1.1985 t=5.00 lr=9.00e-04
[E581 i0175 STD] tot=7.5858 seg(log)=0.6640 seg(bw)=0.0000 vol=1.5895 cent=1.1993 t=5.00 lr=9.00e-04
[E581] train tot=7.6141 seg(log)=0.6609 seg(bw)=0.0000 vol=1.6203 cent=1.1988 | val seg=0.6841 meanFGDice=0.5760 | best=0.5891 pat=87/100
[E582 i0000 EXP] tot=7.6432 seg(log)=0.6707 seg(bw)=0.0000 vol=1.6498 cent=1.1987 t=5.00 lr=9.00e-04
[E582 i0025 STD] tot=7.5839 seg(log)=0.6509 seg(bw)=0.0000 vol=1.5911 cent=1.1986 t=5.00 lr=9.00e-04
[E582 i0050 EXP] tot=7.6376 seg(log)=0.7408 seg(bw)=0.0000 vol=1.6439 cent=1.1987 t=5.00 lr=9.00e-04
[E582 i0075 STD] tot=7.5812 seg(log)=0.6746 seg(bw)=0.0000 vol=1.5851 cent=1.1992 t=5.00 lr=9.00e-04
[E582 i0100 EXP] tot=7.6444 seg(log)=0.6518 seg(bw)=0.0000 vol=1.6514 cent=1.1986 t=5.00 lr=9.00e-04
[E582 i0125 STD] tot=7.5663 seg(log)=0.6951 seg(bw)=0.0000 vol=1.5725 cent=1.1988 t=5.00 lr=9.00e-04
[E582 i0150 EXP] tot=7.6507 seg(log)=0.6409 seg(bw)=0.0000 vol=1.6577 cent=1.1986 t=5.00 lr=9.00e-04
[E582 i0175 STD] tot=7.5910 seg(log)=0.6714 seg(bw)=0.0000 vol=1.5980 cent=1.1986 t=5.00 lr=9.00e-04
[E582] train tot=7.6151 seg(log)=0.6602 seg(bw)=0.0000 vol=1.6210 cent=1.1988 | val seg=0.6669 meanFGDice=0.5725 | best=0.5891 pat=88/100
[E583 i0000 EXP] tot=7.6396 seg(log)=0.6820 seg(bw)=0.0000 vol=1.6462 cent=1.1987 t=5.00 lr=9.00e-04
[E583 i0025 STD] tot=7.5922 seg(log)=0.6207 seg(bw)=0.0000 vol=1.5976 cent=1.1989 t=5.00 lr=9.00e-04
[E583 i0050 EXP] tot=7.6373 seg(log)=0.6782 seg(bw)=0.0000 vol=1.6437 cent=1.1987 t=5.00 lr=9.00e-04
[E583 i0075 STD] tot=7.5680 seg(log)=0.7041 seg(bw)=0.0000 vol=1.5704 cent=1.1995 t=5.00 lr=9.00e-04
[E583 i0100 EXP] tot=7.6498 seg(log)=0.6529 seg(bw)=0.0000 vol=1.6570 cent=1.1986 t=5.00 lr=9.00e-04
[E583 i0125 STD] tot=7.5964 seg(log)=0.6595 seg(bw)=0.0000 vol=1.6036 cent=1.1986 t=5.00 lr=9.00e-04
[E583 i0150 EXP] tot=7.6425 seg(log)=0.7012 seg(bw)=0.0000 vol=1.6482 cent=1.1989 t=5.00 lr=9.00e-04
[E583 i0175 STD] tot=7.5902 seg(log)=0.6465 seg(bw)=0.0000 vol=1.5963 cent=1.1988 t=5.00 lr=9.00e-04
[E583] train tot=7.6152 seg(log)=0.6653 seg(bw)=0.0000 vol=1.6208 cent=1.1989 | val seg=0.6822 meanFGDice=0.5757 | best=0.5891 pat=89/100
[E584 i0000 EXP] tot=7.6464 seg(log)=0.6518 seg(bw)=0.0000 vol=1.6529 cent=1.1987 t=5.00 lr=9.00e-04
[E584 i0025 STD] tot=7.5702 seg(log)=0.7618 seg(bw)=0.0000 vol=1.5706 cent=1.1999 t=5.00 lr=9.00e-04
[E584 i0050 EXP] tot=7.6432 seg(log)=0.6758 seg(bw)=0.0000 vol=1.6495 cent=1.1987 t=5.00 lr=9.00e-04
[E584 i0075 STD] tot=7.5821 seg(log)=0.6699 seg(bw)=0.0000 vol=1.5875 cent=1.1989 t=5.00 lr=9.00e-04
[E584 i0100 EXP] tot=7.6382 seg(log)=0.6815 seg(bw)=0.0000 vol=1.6451 cent=1.1986 t=5.00 lr=9.00e-04
[E584 i0125 STD] tot=7.5941 seg(log)=0.6815 seg(bw)=0.0000 vol=1.5998 cent=1.1989 t=5.00 lr=9.00e-04
[E584 i0150 EXP] tot=7.6506 seg(log)=0.6427 seg(bw)=0.0000 vol=1.6558 cent=1.1990 t=5.00 lr=9.00e-04
[E584 i0175 STD] tot=7.5996 seg(log)=0.6391 seg(bw)=0.0000 vol=1.6052 cent=1.1989 t=5.00 lr=9.00e-04
[E584] train tot=7.6154 seg(log)=0.6668 seg(bw)=0.0000 vol=1.6209 cent=1.1989 | val seg=0.6751 meanFGDice=0.5848 | best=0.5891 pat=90/100
[E585 i0000 EXP] tot=7.6489 seg(log)=0.6564 seg(bw)=0.0000 vol=1.6539 cent=1.1990 t=5.00 lr=9.00e-04
[E585 i0025 STD] tot=7.5995 seg(log)=0.6327 seg(bw)=0.0000 vol=1.6058 cent=1.1987 t=5.00 lr=9.00e-04
[E585 i0050 EXP] tot=7.6405 seg(log)=0.6767 seg(bw)=0.0000 vol=1.6476 cent=1.1986 t=5.00 lr=9.00e-04
[E585 i0075 STD] tot=7.5911 seg(log)=0.6733 seg(bw)=0.0000 vol=1.5950 cent=1.1992 t=5.00 lr=9.00e-04
[E585 i0100 EXP] tot=7.6406 seg(log)=0.6830 seg(bw)=0.0000 vol=1.6473 cent=1.1987 t=5.00 lr=9.00e-04
[E585 i0125 STD] tot=7.5921 seg(log)=0.6822 seg(bw)=0.0000 vol=1.5987 cent=1.1987 t=5.00 lr=9.00e-04
[E585 i0150 EXP] tot=7.6437 seg(log)=0.6891 seg(bw)=0.0000 vol=1.6496 cent=1.1988 t=5.00 lr=9.00e-04
[E585 i0175 STD] tot=7.5951 seg(log)=0.6413 seg(bw)=0.0000 vol=1.6016 cent=1.1987 t=5.00 lr=9.00e-04
[E585] train tot=7.6158 seg(log)=0.6801 seg(bw)=0.0000 vol=1.6209 cent=1.1990 | val seg=0.6745 meanFGDice=0.5836 | best=0.5891 pat=91/100
[E586 i0000 EXP] tot=7.6479 seg(log)=0.6517 seg(bw)=0.0000 vol=1.6544 cent=1.1987 t=5.00 lr=9.00e-04
[E586 i0025 STD] tot=7.5915 seg(log)=0.6652 seg(bw)=0.0000 vol=1.5987 cent=1.1985 t=5.00 lr=9.00e-04
[E586 i0050 EXP] tot=7.6503 seg(log)=0.6676 seg(bw)=0.0000 vol=1.6556 cent=1.1989 t=5.00 lr=9.00e-04
[E586 i0075 STD] tot=7.6024 seg(log)=0.6763 seg(bw)=0.0000 vol=1.6053 cent=1.1994 t=5.00 lr=9.00e-04
[E586 i0100 EXP] tot=7.6413 seg(log)=0.6853 seg(bw)=0.0000 vol=1.6485 cent=1.1986 t=5.00 lr=9.00e-04
[E586 i0125 STD] tot=7.6088 seg(log)=0.6001 seg(bw)=0.0000 vol=1.6149 cent=1.1988 t=5.00 lr=9.00e-04
[E586 i0150 EXP] tot=7.6423 seg(log)=0.7102 seg(bw)=0.0000 vol=1.6476 cent=1.1989 t=5.00 lr=9.00e-04
[E586 i0175 STD] tot=7.5944 seg(log)=0.6298 seg(bw)=0.0000 vol=1.6012 cent=1.1986 t=5.00 lr=9.00e-04
[E586] train tot=7.6152 seg(log)=0.6743 seg(bw)=0.0000 vol=1.6207 cent=1.1989 | val seg=0.6748 meanFGDice=0.5806 | best=0.5891 pat=92/100
[E587 i0000 EXP] tot=7.6485 seg(log)=0.6268 seg(bw)=0.0000 vol=1.6557 cent=1.1985 t=5.00 lr=9.00e-04
[E587 i0025 STD] tot=7.6013 seg(log)=0.6200 seg(bw)=0.0000 vol=1.6081 cent=1.1986 t=5.00 lr=9.00e-04
[E587 i0050 EXP] tot=7.6357 seg(log)=0.7438 seg(bw)=0.0000 vol=1.6415 cent=1.1988 t=5.00 lr=9.00e-04
[E587 i0075 STD] tot=7.5863 seg(log)=0.6218 seg(bw)=0.0000 vol=1.5935 cent=1.1986 t=5.00 lr=9.00e-04
[E587 i0100 EXP] tot=7.6514 seg(log)=0.6332 seg(bw)=0.0000 vol=1.6558 cent=1.1991 t=5.00 lr=9.00e-04
[E587 i0125 STD] tot=7.5682 seg(log)=0.6947 seg(bw)=0.0000 vol=1.5744 cent=1.1988 t=5.00 lr=9.00e-04
[E587 i0150 EXP] tot=7.6304 seg(log)=0.7554 seg(bw)=0.0000 vol=1.6369 cent=1.1987 t=5.00 lr=9.00e-04
[E587 i0175 STD] tot=7.5905 seg(log)=0.6196 seg(bw)=0.0000 vol=1.5979 cent=1.1985 t=5.00 lr=9.00e-04
[E587] train tot=7.6149 seg(log)=0.6602 seg(bw)=0.0000 vol=1.6206 cent=1.1989 | val seg=0.6723 meanFGDice=0.5805 | best=0.5891 pat=93/100
[E588 i0000 EXP] tot=7.6423 seg(log)=0.6717 seg(bw)=0.0000 vol=1.6480 cent=1.1989 t=5.00 lr=9.00e-04
[E588 i0025 STD] tot=7.5957 seg(log)=0.6272 seg(bw)=0.0000 vol=1.6016 cent=1.1988 t=5.00 lr=9.00e-04
[E588 i0050 EXP] tot=7.6390 seg(log)=0.6798 seg(bw)=0.0000 vol=1.6456 cent=1.1987 t=5.00 lr=9.00e-04
[E588 i0075 STD] tot=7.5856 seg(log)=0.6628 seg(bw)=0.0000 vol=1.5920 cent=1.1987 t=5.00 lr=9.00e-04
[E588 i0100 EXP] tot=7.6278 seg(log)=0.7538 seg(bw)=0.0000 vol=1.6344 cent=1.1987 t=5.00 lr=9.00e-04
[E588 i0125 STD] tot=7.5837 seg(log)=0.6807 seg(bw)=0.0000 vol=1.5900 cent=1.1987 t=5.00 lr=9.00e-04
[E588 i0150 EXP] tot=7.6494 seg(log)=0.6362 seg(bw)=0.0000 vol=1.6568 cent=1.1985 t=5.00 lr=9.00e-04
[E588 i0175 STD] tot=7.5677 seg(log)=0.6940 seg(bw)=0.0000 vol=1.5738 cent=1.1988 t=5.00 lr=9.00e-04
[E588] train tot=7.6148 seg(log)=0.6667 seg(bw)=0.0000 vol=1.6207 cent=1.1988 | val seg=0.6503 meanFGDice=0.5839 | best=0.5891 pat=94/100
[E589 i0000 EXP] tot=7.6533 seg(log)=0.6279 seg(bw)=0.0000 vol=1.6596 cent=1.1987 t=5.00 lr=9.00e-04
[E589 i0025 STD] tot=7.5804 seg(log)=0.6950 seg(bw)=0.0000 vol=1.5854 cent=1.1990 t=5.00 lr=9.00e-04
[E589 i0050 EXP] tot=7.6456 seg(log)=0.6735 seg(bw)=0.0000 vol=1.6494 cent=1.1992 t=5.00 lr=9.00e-04
[E589 i0075 STD] tot=7.5631 seg(log)=0.6984 seg(bw)=0.0000 vol=1.5688 cent=1.1989 t=5.00 lr=9.00e-04
[E589 i0100 EXP] tot=7.6442 seg(log)=0.6692 seg(bw)=0.0000 vol=1.6510 cent=1.1986 t=5.00 lr=9.00e-04
[E589 i0125 STD] tot=7.5793 seg(log)=0.6335 seg(bw)=0.0000 vol=1.5856 cent=1.1987 t=5.00 lr=9.00e-04
[E589 i0150 EXP] tot=7.6520 seg(log)=0.6304 seg(bw)=0.0000 vol=1.6592 cent=1.1986 t=5.00 lr=9.00e-04
[E589 i0175 STD] tot=7.5653 seg(log)=0.6638 seg(bw)=0.0000 vol=1.5729 cent=1.1985 t=5.00 lr=9.00e-04
[E589] train tot=7.6147 seg(log)=0.6580 seg(bw)=0.0000 vol=1.6208 cent=1.1988 | val seg=0.6599 meanFGDice=0.5826 | best=0.5891 pat=95/100
[E590 i0000 EXP] tot=7.6415 seg(log)=0.6790 seg(bw)=0.0000 vol=1.6489 cent=1.1985 t=5.00 lr=9.00e-04
[E590 i0025 STD] tot=7.5880 seg(log)=0.6612 seg(bw)=0.0000 vol=1.5948 cent=1.1986 t=5.00 lr=9.00e-04
[E590 i0050 EXP] tot=7.6532 seg(log)=0.6331 seg(bw)=0.0000 vol=1.6603 cent=1.1986 t=5.00 lr=9.00e-04
[E590 i0075 STD] tot=7.5784 seg(log)=0.6892 seg(bw)=0.0000 vol=1.5833 cent=1.1990 t=5.00 lr=9.00e-04
[E590 i0100 EXP] tot=7.6510 seg(log)=0.6395 seg(bw)=0.0000 vol=1.6585 cent=1.1985 t=5.00 lr=9.00e-04
[E590 i0125 STD] tot=7.5751 seg(log)=0.6643 seg(bw)=0.0000 vol=1.5809 cent=1.1988 t=5.00 lr=9.00e-04
[E590 i0150 EXP] tot=7.6477 seg(log)=0.6567 seg(bw)=0.0000 vol=1.6545 cent=1.1986 t=5.00 lr=9.00e-04
[E590 i0175 STD] tot=7.5785 seg(log)=0.6776 seg(bw)=0.0000 vol=1.5854 cent=1.1986 t=5.00 lr=9.00e-04
[E590] train tot=7.6142 seg(log)=0.6656 seg(bw)=0.0000 vol=1.6202 cent=1.1988 | val seg=0.6796 meanFGDice=0.5676 | best=0.5891 pat=96/100
[E591 i0000 EXP] tot=7.6466 seg(log)=0.6920 seg(bw)=0.0000 vol=1.6494 cent=1.1994 t=5.00 lr=9.00e-04
[E591 i0025 STD] tot=7.5818 seg(log)=0.6709 seg(bw)=0.0000 vol=1.5863 cent=1.1991 t=5.00 lr=9.00e-04
[E591 i0050 EXP] tot=7.6507 seg(log)=0.6427 seg(bw)=0.0000 vol=1.6572 cent=1.1987 t=5.00 lr=9.00e-04
[E591 i0075 STD] tot=7.6090 seg(log)=0.6226 seg(bw)=0.0000 vol=1.6151 cent=1.1988 t=5.00 lr=9.00e-04
[E591 i0100 EXP] tot=7.6494 seg(log)=0.6551 seg(bw)=0.0000 vol=1.6555 cent=1.1988 t=5.00 lr=9.00e-04
[E591 i0125 STD] tot=7.5943 seg(log)=0.6303 seg(bw)=0.0000 vol=1.6004 cent=1.1988 t=5.00 lr=9.00e-04
[E591 i0150 EXP] tot=7.6524 seg(log)=0.6492 seg(bw)=0.0000 vol=1.6574 cent=1.1990 t=5.00 lr=9.00e-04
[E591 i0175 STD] tot=7.5937 seg(log)=0.6374 seg(bw)=0.0000 vol=1.6002 cent=1.1987 t=5.00 lr=9.00e-04
[E591] train tot=7.6152 seg(log)=0.6704 seg(bw)=0.0000 vol=1.6208 cent=1.1989 | val seg=0.6622 meanFGDice=0.5708 | best=0.5891 pat=97/100
[E592 i0000 EXP] tot=7.6493 seg(log)=0.6318 seg(bw)=0.0000 vol=1.6561 cent=1.1986 t=5.00 lr=9.00e-04
[E592 i0025 STD] tot=7.5873 seg(log)=0.6434 seg(bw)=0.0000 vol=1.5919 cent=1.1991 t=5.00 lr=9.00e-04
[E592 i0050 EXP] tot=7.6415 seg(log)=0.7039 seg(bw)=0.0000 vol=1.6478 cent=1.1987 t=5.00 lr=9.00e-04
[E592 i0075 STD] tot=7.5952 seg(log)=0.6263 seg(bw)=0.0000 vol=1.6012 cent=1.1988 t=5.00 lr=9.00e-04
[E592 i0100 EXP] tot=7.6530 seg(log)=0.6150 seg(bw)=0.0000 vol=1.6596 cent=1.1987 t=5.00 lr=9.00e-04
[E592 i0125 STD] tot=7.6074 seg(log)=0.6296 seg(bw)=0.0000 vol=1.6126 cent=1.1990 t=5.00 lr=9.00e-04
[E592 i0150 EXP] tot=7.6404 seg(log)=0.7215 seg(bw)=0.0000 vol=1.6432 cent=1.1994 t=5.00 lr=9.00e-04
[E592 i0175 STD] tot=7.5972 seg(log)=0.6239 seg(bw)=0.0000 vol=1.6031 cent=1.1988 t=5.00 lr=9.00e-04
[E592] train tot=7.6148 seg(log)=0.6570 seg(bw)=0.0000 vol=1.6205 cent=1.1989 | val seg=0.6505 meanFGDice=0.5836 | best=0.5891 pat=98/100
[E593 i0000 EXP] tot=7.6382 seg(log)=0.7117 seg(bw)=0.0000 vol=1.6434 cent=1.1990 t=5.00 lr=9.00e-04
[E593 i0025 STD] tot=7.6055 seg(log)=0.6178 seg(bw)=0.0000 vol=1.6119 cent=1.1987 t=5.00 lr=9.00e-04
[E593 i0050 EXP] tot=7.6378 seg(log)=0.7030 seg(bw)=0.0000 vol=1.6441 cent=1.1987 t=5.00 lr=9.00e-04
[E593 i0075 STD] tot=7.5715 seg(log)=0.6475 seg(bw)=0.0000 vol=1.5782 cent=1.1987 t=5.00 lr=9.00e-04
[E593 i0100 EXP] tot=7.6515 seg(log)=0.6282 seg(bw)=0.0000 vol=1.6583 cent=1.1986 t=5.00 lr=9.00e-04
[E593 i0125 STD] tot=7.5733 seg(log)=0.6914 seg(bw)=0.0000 vol=1.5767 cent=1.1993 t=5.00 lr=9.00e-04
[E593 i0150 EXP] tot=7.6424 seg(log)=0.6465 seg(bw)=0.0000 vol=1.6489 cent=1.1987 t=5.00 lr=9.00e-04
[E593 i0175 STD] tot=7.6065 seg(log)=0.6010 seg(bw)=0.0000 vol=1.6141 cent=1.1985 t=5.00 lr=9.00e-04
[E593] train tot=7.6146 seg(log)=0.6546 seg(bw)=0.0000 vol=1.6206 cent=1.1988 | val seg=0.6549 meanFGDice=0.5782 | best=0.5891 pat=99/100
[E594 i0000 EXP] tot=7.6426 seg(log)=0.6504 seg(bw)=0.0000 vol=1.6502 cent=1.1985 t=5.00 lr=9.00e-04
[E594 i0025 STD] tot=7.5676 seg(log)=0.6738 seg(bw)=0.0000 vol=1.5719 cent=1.1991 t=5.00 lr=9.00e-04
[E594 i0050 EXP] tot=7.6432 seg(log)=0.6628 seg(bw)=0.0000 vol=1.6503 cent=1.1986 t=5.00 lr=9.00e-04
[E594 i0075 STD] tot=7.5755 seg(log)=0.6657 seg(bw)=0.0000 vol=1.5789 cent=1.1993 t=5.00 lr=9.00e-04
[E594 i0100 EXP] tot=7.6477 seg(log)=0.6596 seg(bw)=0.0000 vol=1.6517 cent=1.1992 t=5.00 lr=9.00e-04
[E594 i0125 STD] tot=7.5991 seg(log)=0.6526 seg(bw)=0.0000 vol=1.6055 cent=1.1987 t=5.00 lr=9.00e-04
[E594 i0150 EXP] tot=7.6408 seg(log)=0.7007 seg(bw)=0.0000 vol=1.6477 cent=1.1986 t=5.00 lr=9.00e-04
[E594 i0175 STD] tot=7.5684 seg(log)=0.6861 seg(bw)=0.0000 vol=1.5747 cent=1.1987 t=5.00 lr=9.00e-04
[E594] train tot=7.6151 seg(log)=0.6625 seg(bw)=0.0000 vol=1.6206 cent=1.1989 | val seg=0.6685 meanFGDice=0.5738 | best=0.5891 pat=100/100
Early stopping.
Done. Total time: 15.10h. Workdir: /projects/prjs1722/oai_baselines/meunet_raw/results/stage1_desc_only_all_both_best_logbarrier_centx5_fixedpatch_seed777
=== Done fixed-patch logbarrier centx5 seed 777 ===
